[12:08:25 WRN] Microsoft.AspNetCore.DataProtection.KeyManagement.XmlKeyManager No XML encryptor configured. Key {52df18d2-6e6d-487c-944e-fb46510bdf28} may be persisted to storage in unencrypted form.
[12:08:25 INF] Microsoft.Hosting.Lifetime Now listening on: http://localhost:5213
[12:08:25 INF] Microsoft.Hosting.Lifetime Application started. Press Ctrl+C to shut down.
[12:08:25 INF] Microsoft.Hosting.Lifetime Hosting environment: Development
[12:08:25 INF] Microsoft.Hosting.Lifetime Content root path: C:\Users\luka.osojnik\Documents\Coding\simple-bloomberg-terminal\simple-bloomberg-terminal
[12:08:25 INF] simple_bloomberg_terminal.Services.Provisioning.WeeklyVolumeRefreshService Weekly volume refresh: 6 companies with stale volume
[12:08:25 INF] System.Net.Http.HttpClient.IStockApiClient.LogicalHandler Start processing HTTP request GET https://www.sec.gov/files/company_tickers.json
[12:08:25 INF] System.Net.Http.HttpClient.IStockApiClient.ClientHandler Sending HTTP request GET https://www.sec.gov/files/company_tickers.json
[12:08:25 INF] System.Net.Http.HttpClient.IStockApiClient.ClientHandler Received HTTP response headers after 223.5588ms - 200
[12:08:25 INF] System.Net.Http.HttpClient.IStockApiClient.LogicalHandler End processing HTTP request after 234.689ms - 200
[12:08:26 INF] System.Net.Http.HttpClient.IYahooFinanceClient.LogicalHandler Start processing HTTP request GET https://query1.finance.yahoo.com/v8/finance/chart/MMM?*
[12:08:26 INF] System.Net.Http.HttpClient.IYahooFinanceClient.ClientHandler Sending HTTP request GET https://query1.finance.yahoo.com/v8/finance/chart/MMM?*
[12:08:26 INF] System.Net.Http.HttpClient.IYahooFinanceClient.ClientHandler Received HTTP response headers after 594.4989ms - 200
[12:08:26 INF] System.Net.Http.HttpClient.IYahooFinanceClient.LogicalHandler End processing HTTP request after 595.4076ms - 200
[12:08:26 INF] simple_bloomberg_terminal.Services.Provisioning.WeeklyVolumeRefreshService Company 143: appended 7 new weekly bars
[12:08:26 INF] System.Net.Http.HttpClient.IStockApiClient.LogicalHandler Start processing HTTP request GET https://www.sec.gov/files/company_tickers.json
[12:08:26 INF] System.Net.Http.HttpClient.IStockApiClient.ClientHandler Sending HTTP request GET https://www.sec.gov/files/company_tickers.json
[12:08:27 INF] System.Net.Http.HttpClient.IStockApiClient.ClientHandler Received HTTP response headers after 116.3929ms - 200
[12:08:27 INF] System.Net.Http.HttpClient.IStockApiClient.LogicalHandler End processing HTTP request after 118.2436ms - 200
[12:08:27 INF] System.Net.Http.HttpClient.IYahooFinanceClient.LogicalHandler Start processing HTTP request GET https://query1.finance.yahoo.com/v8/finance/chart/ABBV?*
[12:08:27 INF] System.Net.Http.HttpClient.IYahooFinanceClient.ClientHandler Sending HTTP request GET https://query1.finance.yahoo.com/v8/finance/chart/ABBV?*
[12:08:27 INF] System.Net.Http.HttpClient.IYahooFinanceClient.ClientHandler Received HTTP response headers after 92.924ms - 200
[12:08:27 INF] System.Net.Http.HttpClient.IYahooFinanceClient.LogicalHandler End processing HTTP request after 95.069ms - 200
[12:08:27 INF] simple_bloomberg_terminal.Services.Provisioning.WeeklyVolumeRefreshService Company 157: appended 8 new weekly bars
[12:08:27 INF] System.Net.Http.HttpClient.IStockApiClient.LogicalHandler Start processing HTTP request GET https://www.sec.gov/files/company_tickers.json
[12:08:27 INF] System.Net.Http.HttpClient.IStockApiClient.ClientHandler Sending HTTP request GET https://www.sec.gov/files/company_tickers.json
[12:08:27 INF] System.Net.Http.HttpClient.IStockApiClient.ClientHandler Received HTTP response headers after 53.1655ms - 200
[12:08:27 INF] System.Net.Http.HttpClient.IStockApiClient.LogicalHandler End processing HTTP request after 54.4211ms - 200
[12:08:27 INF] System.Net.Http.HttpClient.IYahooFinanceClient.LogicalHandler Start processing HTTP request GET https://query1.finance.yahoo.com/v8/finance/chart/ABT?*
[12:08:27 INF] System.Net.Http.HttpClient.IYahooFinanceClient.ClientHandler Sending HTTP request GET https://query1.finance.yahoo.com/v8/finance/chart/ABT?*
[12:08:27 INF] System.Net.Http.HttpClient.IYahooFinanceClient.ClientHandler Received HTTP response headers after 138.0139ms - 200
[12:08:27 INF] System.Net.Http.HttpClient.IYahooFinanceClient.LogicalHandler End processing HTTP request after 140.6792ms - 200
[12:08:27 INF] simple_bloomberg_terminal.Services.Provisioning.WeeklyVolumeRefreshService Company 189: appended 8 new weekly bars
[12:08:27 INF] System.Net.Http.HttpClient.IStockApiClient.LogicalHandler Start processing HTTP request GET https://www.sec.gov/files/company_tickers.json
[12:08:27 INF] System.Net.Http.HttpClient.IStockApiClient.ClientHandler Sending HTTP request GET https://www.sec.gov/files/company_tickers.json
[12:08:27 INF] System.Net.Http.HttpClient.IStockApiClient.ClientHandler Received HTTP response headers after 29.0553ms - 200
[12:08:27 INF] System.Net.Http.HttpClient.IStockApiClient.LogicalHandler End processing HTTP request after 31.1233ms - 200
[12:08:28 INF] System.Net.Http.HttpClient.IYahooFinanceClient.LogicalHandler Start processing HTTP request GET https://query1.finance.yahoo.com/v8/finance/chart/FANG?*
[12:08:28 INF] System.Net.Http.HttpClient.IYahooFinanceClient.ClientHandler Sending HTTP request GET https://query1.finance.yahoo.com/v8/finance/chart/FANG?*
[12:08:28 INF] System.Net.Http.HttpClient.IYahooFinanceClient.ClientHandler Received HTTP response headers after 77.6185ms - 200
[12:08:28 INF] System.Net.Http.HttpClient.IYahooFinanceClient.LogicalHandler End processing HTTP request after 79.4631ms - 200
[12:08:28 INF] simple_bloomberg_terminal.Services.Provisioning.WeeklyVolumeRefreshService Company 379: appended 8 new weekly bars
[12:08:28 INF] System.Net.Http.HttpClient.IStockApiClient.LogicalHandler Start processing HTTP request GET https://www.sec.gov/files/company_tickers.json
[12:08:28 INF] System.Net.Http.HttpClient.IStockApiClient.ClientHandler Sending HTTP request GET https://www.sec.gov/files/company_tickers.json
[12:08:28 INF] System.Net.Http.HttpClient.IStockApiClient.ClientHandler Received HTTP response headers after 37.3112ms - 200
[12:08:28 INF] System.Net.Http.HttpClient.IStockApiClient.LogicalHandler End processing HTTP request after 39.0754ms - 200
[12:08:28 INF] System.Net.Http.HttpClient.IYahooFinanceClient.LogicalHandler Start processing HTTP request GET https://query1.finance.yahoo.com/v8/finance/chart/GME?*
[12:08:28 INF] System.Net.Http.HttpClient.IYahooFinanceClient.ClientHandler Sending HTTP request GET https://query1.finance.yahoo.com/v8/finance/chart/GME?*
[12:08:28 INF] System.Net.Http.HttpClient.IYahooFinanceClient.ClientHandler Received HTTP response headers after 110.0143ms - 200
[12:08:28 INF] System.Net.Http.HttpClient.IYahooFinanceClient.LogicalHandler End processing HTTP request after 111.6117ms - 200
[12:08:28 INF] simple_bloomberg_terminal.Services.Provisioning.WeeklyVolumeRefreshService Company 486: appended 8 new weekly bars
[12:08:28 INF] System.Net.Http.HttpClient.IStockApiClient.LogicalHandler Start processing HTTP request GET https://www.sec.gov/files/company_tickers.json
[12:08:28 INF] System.Net.Http.HttpClient.IStockApiClient.ClientHandler Sending HTTP request GET https://www.sec.gov/files/company_tickers.json
[12:08:28 INF] System.Net.Http.HttpClient.IStockApiClient.ClientHandler Received HTTP response headers after 27.0342ms - 200
[12:08:28 INF] System.Net.Http.HttpClient.IStockApiClient.LogicalHandler End processing HTTP request after 28.2827ms - 200
[12:08:28 INF] System.Net.Http.HttpClient.IYahooFinanceClient.LogicalHandler Start processing HTTP request GET https://query1.finance.yahoo.com/v8/finance/chart/WEN?*
[12:08:28 INF] System.Net.Http.HttpClient.IYahooFinanceClient.ClientHandler Sending HTTP request GET https://query1.finance.yahoo.com/v8/finance/chart/WEN?*
[12:08:28 INF] System.Net.Http.HttpClient.IYahooFinanceClient.ClientHandler Received HTTP response headers after 137.3748ms - 200
[12:08:28 INF] System.Net.Http.HttpClient.IYahooFinanceClient.LogicalHandler End processing HTTP request after 139.2094ms - 200
[12:08:28 INF] simple_bloomberg_terminal.Services.Provisioning.WeeklyVolumeRefreshService Company 487: appended 8 new weekly bars
[12:10:41 INF] Microsoft.Hosting.Lifetime Now listening on: http://localhost:5213
[12:10:41 INF] Microsoft.Hosting.Lifetime Application started. Press Ctrl+C to shut down.
[12:10:41 INF] Microsoft.Hosting.Lifetime Hosting environment: Development
[12:10:41 INF] Microsoft.Hosting.Lifetime Content root path: C:\Users\luka.osojnik\Documents\Coding\simple-bloomberg-terminal\simple-bloomberg-terminal
[12:10:41 INF] simple_bloomberg_terminal.Services.Provisioning.WeeklyVolumeRefreshService Weekly volume refresh: 1 companies with stale volume
[12:10:41 INF] System.Net.Http.HttpClient.IStockApiClient.LogicalHandler Start processing HTTP request GET https://www.sec.gov/files/company_tickers.json
[12:10:41 INF] System.Net.Http.HttpClient.IStockApiClient.ClientHandler Sending HTTP request GET https://www.sec.gov/files/company_tickers.json
[12:10:41 INF] System.Net.Http.HttpClient.IStockApiClient.ClientHandler Received HTTP response headers after 162.808ms - 200
[12:10:41 INF] System.Net.Http.HttpClient.IStockApiClient.LogicalHandler End processing HTTP request after 194.3247ms - 200
[12:10:42 INF] System.Net.Http.HttpClient.IYahooFinanceClient.LogicalHandler Start processing HTTP request GET https://query1.finance.yahoo.com/v8/finance/chart/MMM?*
[12:10:42 INF] System.Net.Http.HttpClient.IYahooFinanceClient.ClientHandler Sending HTTP request GET https://query1.finance.yahoo.com/v8/finance/chart/MMM?*
[12:10:42 INF] System.Net.Http.HttpClient.IYahooFinanceClient.ClientHandler Received HTTP response headers after 234.5576ms - 200
[12:10:42 INF] System.Net.Http.HttpClient.IYahooFinanceClient.LogicalHandler End processing HTTP request after 245.9948ms - 200
[12:10:42 WRN] Microsoft.EntityFrameworkCore.Query Compiling a query which loads related collections for more than one collection navigation, either via 'Include' or through projection, but no 'QuerySplittingBehavior' has been configured. By default, Entity Framework will use 'QuerySplittingBehavior.SingleQuery', which can potentially result in slow query performance. See https://go.microsoft.com/fwlink/?linkid=2134277 for more information. To identify the query that's triggering this warning call 'ConfigureWarnings(w => w.Throw(RelationalEventId.MultipleCollectionIncludeWarning))'.
[12:10:47 INF] simple_bloomberg_terminal.Areas.Identity.Pages.Account.LoginModel User logged in.
[12:10:53 INF] simple_bloomberg_terminal.Areas.Identity.Pages.Account.ExternalLoginModel Luka Osojnik signed in with Google.
[12:11:24 WRN] LuckyPennySoftware.AutoMapper.License You do not have a valid license key for the Lucky Penny software AutoMapper. This is allowed for development and testing scenarios. If you are running in production you are required to have a licensed version. Please visit https://luckypennysoftware.com to obtain a valid license.
[12:11:24 INF] System.Net.Http.HttpClient.IStockApiClient.LogicalHandler Start processing HTTP request GET https://data.sec.gov/submissions/CIK0000066740.json
[12:11:24 INF] System.Net.Http.HttpClient.IStockApiClient.ClientHandler Sending HTTP request GET https://data.sec.gov/submissions/CIK0000066740.json
[12:11:24 INF] System.Net.Http.HttpClient.IStockApiClient.ClientHandler Received HTTP response headers after 269.2728ms - 200
[12:11:24 INF] System.Net.Http.HttpClient.IStockApiClient.LogicalHandler End processing HTTP request after 279.8753ms - 200
[12:12:09 INF] System.Net.Http.HttpClient.IStockApiClient.LogicalHandler Start processing HTTP request GET https://data.sec.gov/submissions/CIK0000066740.json
[12:12:09 INF] System.Net.Http.HttpClient.IStockApiClient.ClientHandler Sending HTTP request GET https://data.sec.gov/submissions/CIK0000066740.json
[12:12:09 INF] System.Net.Http.HttpClient.IStockApiClient.ClientHandler Received HTTP response headers after 51.5786ms - 200
[12:12:09 INF] System.Net.Http.HttpClient.IStockApiClient.LogicalHandler End processing HTTP request after 61.9235ms - 200
[12:23:07 INF] Microsoft.Hosting.Lifetime Application is shutting down...
[12:33:29 INF] Microsoft.Hosting.Lifetime Now listening on: http://localhost:5213
[12:33:29 INF] Microsoft.Hosting.Lifetime Application started. Press Ctrl+C to shut down.
[12:33:29 INF] Microsoft.Hosting.Lifetime Hosting environment: Development
[12:33:29 INF] Microsoft.Hosting.Lifetime Content root path: C:\Users\luka.osojnik\Documents\Coding\simple-bloomberg-terminal\simple-bloomberg-terminal
[12:33:29 INF] simple_bloomberg_terminal.Services.Provisioning.WeeklyVolumeRefreshService Weekly volume refresh: 1 companies with stale volume
[12:33:29 INF] System.Net.Http.HttpClient.IStockApiClient.LogicalHandler Start processing HTTP request GET https://www.sec.gov/files/company_tickers.json
[12:33:29 INF] System.Net.Http.HttpClient.IStockApiClient.ClientHandler Sending HTTP request GET https://www.sec.gov/files/company_tickers.json
[12:33:29 INF] System.Net.Http.HttpClient.IStockApiClient.ClientHandler Received HTTP response headers after 332.5137ms - 200
[12:33:29 INF] System.Net.Http.HttpClient.IStockApiClient.LogicalHandler End processing HTTP request after 360.0531ms - 200
[12:33:29 WRN] Microsoft.EntityFrameworkCore.Query Compiling a query which loads related collections for more than one collection navigation, either via 'Include' or through projection, but no 'QuerySplittingBehavior' has been configured. By default, Entity Framework will use 'QuerySplittingBehavior.SingleQuery', which can potentially result in slow query performance. See https://go.microsoft.com/fwlink/?linkid=2134277 for more information. To identify the query that's triggering this warning call 'ConfigureWarnings(w => w.Throw(RelationalEventId.MultipleCollectionIncludeWarning))'.
[12:33:29 INF] System.Net.Http.HttpClient.IYahooFinanceClient.LogicalHandler Start processing HTTP request GET https://query1.finance.yahoo.com/v8/finance/chart/MMM?*
[12:33:29 INF] System.Net.Http.HttpClient.IYahooFinanceClient.ClientHandler Sending HTTP request GET https://query1.finance.yahoo.com/v8/finance/chart/MMM?*
[12:33:30 INF] System.Net.Http.HttpClient.IYahooFinanceClient.ClientHandler Received HTTP response headers after 243.4757ms - 200
[12:33:30 INF] System.Net.Http.HttpClient.IYahooFinanceClient.LogicalHandler End processing HTTP request after 254.414ms - 200
[12:33:38 WRN] LuckyPennySoftware.AutoMapper.License You do not have a valid license key for the Lucky Penny software AutoMapper. This is allowed for development and testing scenarios. If you are running in production you are required to have a licensed version. Please visit https://luckypennysoftware.com to obtain a valid license.
[12:33:38 INF] System.Net.Http.HttpClient.IStockApiClient.LogicalHandler Start processing HTTP request GET https://data.sec.gov/submissions/CIK0000066740.json
[12:33:38 INF] System.Net.Http.HttpClient.IStockApiClient.ClientHandler Sending HTTP request GET https://data.sec.gov/submissions/CIK0000066740.json
[12:33:38 INF] System.Net.Http.HttpClient.IStockApiClient.ClientHandler Received HTTP response headers after 358.0464ms - 200
[12:33:38 INF] System.Net.Http.HttpClient.IStockApiClient.LogicalHandler End processing HTTP request after 369.659ms - 200
[12:33:49 INF] System.Net.Http.HttpClient.IStockApiClient.LogicalHandler Start processing HTTP request GET https://www.sec.gov/Archives/edgar/data/66740/000006674026000014/mmm-20251231.htm
[12:33:49 INF] System.Net.Http.HttpClient.IStockApiClient.ClientHandler Sending HTTP request GET https://www.sec.gov/Archives/edgar/data/66740/000006674026000014/mmm-20251231.htm
[12:33:49 INF] System.Net.Http.HttpClient.IStockApiClient.ClientHandler Received HTTP response headers after 27.0604ms - 200
[12:33:49 INF] System.Net.Http.HttpClient.IStockApiClient.LogicalHandler End processing HTTP request after 36.9012ms - 200
[12:33:50 INF] System.Net.Http.HttpClient.IDeepSeekClient.LogicalHandler Start processing HTTP request POST https://api.deepseek.com/chat/completions
[12:33:50 INF] System.Net.Http.HttpClient.IDeepSeekClient.ClientHandler Sending HTTP request POST https://api.deepseek.com/chat/completions
[12:33:50 INF] System.Net.Http.HttpClient.IStockApiClient.LogicalHandler Start processing HTTP request GET https://www.sec.gov/Archives/edgar/data/66740/000006674026000014/mmm-20251231.htm
[12:33:50 INF] System.Net.Http.HttpClient.IStockApiClient.ClientHandler Sending HTTP request GET https://www.sec.gov/Archives/edgar/data/66740/000006674026000014/mmm-20251231.htm
[12:33:51 INF] System.Net.Http.HttpClient.IStockApiClient.ClientHandler Received HTTP response headers after 134.3009ms - 200
[12:33:51 INF] System.Net.Http.HttpClient.IStockApiClient.LogicalHandler End processing HTTP request after 143.9867ms - 200
[12:33:51 INF] System.Net.Http.HttpClient.IDeepSeekClient.ClientHandler Received HTTP response headers after 702.1823ms - 200
[12:33:51 INF] System.Net.Http.HttpClient.IDeepSeekClient.LogicalHandler End processing HTTP request after 712.4099ms - 200
[12:33:57 INF] System.Net.Http.HttpClient.IStockApiClient.LogicalHandler Start processing HTTP request GET https://www.sec.gov/Archives/edgar/data/66740/000006674026000014/FilingSummary.xml
[12:33:57 INF] System.Net.Http.HttpClient.IStockApiClient.ClientHandler Sending HTTP request GET https://www.sec.gov/Archives/edgar/data/66740/000006674026000014/FilingSummary.xml
[12:33:57 INF] System.Net.Http.HttpClient.IStockApiClient.ClientHandler Received HTTP response headers after 39.7183ms - 200
[12:33:57 INF] System.Net.Http.HttpClient.IStockApiClient.LogicalHandler End processing HTTP request after 49.9314ms - 200
[12:33:57 INF] System.Net.Http.HttpClient.IStockApiClient.LogicalHandler Start processing HTTP request GET https://www.sec.gov/Archives/edgar/data/66740/000006674026000014/R3.htm
[12:33:57 INF] System.Net.Http.HttpClient.IStockApiClient.ClientHandler Sending HTTP request GET https://www.sec.gov/Archives/edgar/data/66740/000006674026000014/R3.htm
[12:33:57 INF] System.Net.Http.HttpClient.IStockApiClient.ClientHandler Received HTTP response headers after 26.2079ms - 200
[12:33:57 INF] System.Net.Http.HttpClient.IStockApiClient.LogicalHandler End processing HTTP request after 36.7422ms - 200
[12:33:57 INF] System.Net.Http.HttpClient.IStockApiClient.LogicalHandler Start processing HTTP request GET https://www.sec.gov/Archives/edgar/data/66740/000006674026000014/R55.htm
[12:33:57 INF] System.Net.Http.HttpClient.IStockApiClient.ClientHandler Sending HTTP request GET https://www.sec.gov/Archives/edgar/data/66740/000006674026000014/R55.htm
[12:33:57 INF] System.Net.Http.HttpClient.IStockApiClient.ClientHandler Received HTTP response headers after 36.7141ms - 200
[12:33:57 INF] System.Net.Http.HttpClient.IStockApiClient.LogicalHandler End processing HTTP request after 46.2946ms - 200
[12:33:57 INF] System.Net.Http.HttpClient.IStockApiClient.LogicalHandler Start processing HTTP request GET https://www.sec.gov/Archives/edgar/data/66740/000006674026000014/R60.htm
[12:33:57 INF] System.Net.Http.HttpClient.IStockApiClient.ClientHandler Sending HTTP request GET https://www.sec.gov/Archives/edgar/data/66740/000006674026000014/R60.htm
[12:33:57 INF] System.Net.Http.HttpClient.IStockApiClient.ClientHandler Received HTTP response headers after 52.3705ms - 200
[12:33:57 INF] System.Net.Http.HttpClient.IStockApiClient.LogicalHandler End processing HTTP request after 62.011ms - 200
[12:33:57 INF] System.Net.Http.HttpClient.IStockApiClient.LogicalHandler Start processing HTTP request GET https://www.sec.gov/Archives/edgar/data/66740/000006674026000014/R63.htm
[12:33:57 INF] System.Net.Http.HttpClient.IStockApiClient.ClientHandler Sending HTTP request GET https://www.sec.gov/Archives/edgar/data/66740/000006674026000014/R63.htm
[12:33:57 INF] System.Net.Http.HttpClient.IStockApiClient.ClientHandler Received HTTP response headers after 28.5787ms - 200
[12:33:57 INF] System.Net.Http.HttpClient.IStockApiClient.LogicalHandler End processing HTTP request after 37.8938ms - 200
[12:33:57 INF] System.Net.Http.HttpClient.IStockApiClient.LogicalHandler Start processing HTTP request GET https://www.sec.gov/Archives/edgar/data/66740/000006674026000014/R118.htm
[12:33:57 INF] System.Net.Http.HttpClient.IStockApiClient.ClientHandler Sending HTTP request GET https://www.sec.gov/Archives/edgar/data/66740/000006674026000014/R118.htm
[12:33:57 INF] System.Net.Http.HttpClient.IStockApiClient.ClientHandler Received HTTP response headers after 26.1056ms - 200
[12:33:57 INF] System.Net.Http.HttpClient.IStockApiClient.LogicalHandler End processing HTTP request after 35.6799ms - 200
[12:33:57 INF] System.Net.Http.HttpClient.IStockApiClient.LogicalHandler Start processing HTTP request GET https://www.sec.gov/Archives/edgar/data/66740/000006674026000014/R129.htm
[12:33:57 INF] System.Net.Http.HttpClient.IStockApiClient.ClientHandler Sending HTTP request GET https://www.sec.gov/Archives/edgar/data/66740/000006674026000014/R129.htm
[12:33:57 INF] System.Net.Http.HttpClient.IStockApiClient.ClientHandler Received HTTP response headers after 24.6598ms - 200
[12:33:57 INF] System.Net.Http.HttpClient.IStockApiClient.LogicalHandler End processing HTTP request after 34.1828ms - 200
[12:33:57 INF] System.Net.Http.HttpClient.IStockApiClient.LogicalHandler Start processing HTTP request GET https://www.sec.gov/Archives/edgar/data/66740/000006674026000014/R130.htm
[12:33:57 INF] System.Net.Http.HttpClient.IStockApiClient.ClientHandler Sending HTTP request GET https://www.sec.gov/Archives/edgar/data/66740/000006674026000014/R130.htm
[12:33:57 INF] System.Net.Http.HttpClient.IStockApiClient.ClientHandler Received HTTP response headers after 32.4852ms - 200
[12:33:57 INF] System.Net.Http.HttpClient.IStockApiClient.LogicalHandler End processing HTTP request after 42.4052ms - 200
[12:33:57 INF] System.Net.Http.HttpClient.IStockApiClient.LogicalHandler Start processing HTTP request GET https://www.sec.gov/Archives/edgar/data/66740/000006674026000014/R131.htm
[12:33:57 INF] System.Net.Http.HttpClient.IStockApiClient.ClientHandler Sending HTTP request GET https://www.sec.gov/Archives/edgar/data/66740/000006674026000014/R131.htm
[12:33:57 INF] System.Net.Http.HttpClient.IStockApiClient.ClientHandler Received HTTP response headers after 40.0941ms - 200
[12:33:57 INF] System.Net.Http.HttpClient.IStockApiClient.LogicalHandler End processing HTTP request after 49.7958ms - 200
[12:33:57 INF] System.Net.Http.HttpClient.IDeepSeekClient.LogicalHandler Start processing HTTP request POST https://api.deepseek.com/chat/completions
[12:33:57 INF] System.Net.Http.HttpClient.IDeepSeekClient.ClientHandler Sending HTTP request POST https://api.deepseek.com/chat/completions
[12:33:57 INF] System.Net.Http.HttpClient.IDeepSeekClient.LogicalHandler Start processing HTTP request POST https://api.deepseek.com/chat/completions
[12:33:57 INF] System.Net.Http.HttpClient.IDeepSeekClient.ClientHandler Sending HTTP request POST https://api.deepseek.com/chat/completions
[12:33:57 INF] System.Net.Http.HttpClient.IDeepSeekClient.LogicalHandler Start processing HTTP request POST https://api.deepseek.com/chat/completions
[12:33:57 INF] System.Net.Http.HttpClient.IDeepSeekClient.ClientHandler Sending HTTP request POST https://api.deepseek.com/chat/completions
[12:33:57 INF] System.Net.Http.HttpClient.IDeepSeekClient.LogicalHandler Start processing HTTP request POST https://api.deepseek.com/chat/completions
[12:33:57 INF] System.Net.Http.HttpClient.IDeepSeekClient.ClientHandler Sending HTTP request POST https://api.deepseek.com/chat/completions
[12:33:57 INF] System.Net.Http.HttpClient.IDeepSeekClient.LogicalHandler Start processing HTTP request POST https://api.deepseek.com/chat/completions
[12:33:57 INF] System.Net.Http.HttpClient.IDeepSeekClient.ClientHandler Sending HTTP request POST https://api.deepseek.com/chat/completions
[12:33:57 INF] System.Net.Http.HttpClient.IDeepSeekClient.LogicalHandler Start processing HTTP request POST https://api.deepseek.com/chat/completions
[12:33:57 INF] System.Net.Http.HttpClient.IDeepSeekClient.ClientHandler Sending HTTP request POST https://api.deepseek.com/chat/completions
[12:33:58 INF] System.Net.Http.HttpClient.IDeepSeekClient.ClientHandler Received HTTP response headers after 318.7497ms - 200
[12:33:58 INF] System.Net.Http.HttpClient.IDeepSeekClient.LogicalHandler End processing HTTP request after 328.7875ms - 200
[12:33:58 INF] System.Net.Http.HttpClient.IDeepSeekClient.ClientHandler Received HTTP response headers after 354.66ms - 200
[12:33:58 INF] System.Net.Http.HttpClient.IDeepSeekClient.LogicalHandler End processing HTTP request after 364.1128ms - 200
[12:33:58 INF] System.Net.Http.HttpClient.IDeepSeekClient.ClientHandler Received HTTP response headers after 357.2287ms - 200
[12:33:58 INF] System.Net.Http.HttpClient.IDeepSeekClient.LogicalHandler End processing HTTP request after 367.2572ms - 200
[12:33:58 INF] System.Net.Http.HttpClient.IDeepSeekClient.ClientHandler Received HTTP response headers after 385.9449ms - 200
[12:33:58 INF] System.Net.Http.HttpClient.IDeepSeekClient.LogicalHandler End processing HTTP request after 395.5746ms - 200
[12:33:58 INF] System.Net.Http.HttpClient.IDeepSeekClient.ClientHandler Received HTTP response headers after 437.7611ms - 200
[12:33:58 INF] System.Net.Http.HttpClient.IDeepSeekClient.LogicalHandler End processing HTTP request after 448.0233ms - 200
[12:33:58 INF] System.Net.Http.HttpClient.IDeepSeekClient.ClientHandler Received HTTP response headers after 466.141ms - 200
[12:33:58 INF] System.Net.Http.HttpClient.IDeepSeekClient.LogicalHandler End processing HTTP request after 475.9735ms - 200
[12:33:58 INF] System.Net.Http.HttpClient.IDeepSeekClient.LogicalHandler Start processing HTTP request POST https://api.deepseek.com/chat/completions
[12:33:58 INF] System.Net.Http.HttpClient.IDeepSeekClient.ClientHandler Sending HTTP request POST https://api.deepseek.com/chat/completions
[12:33:59 INF] System.Net.Http.HttpClient.IDeepSeekClient.ClientHandler Received HTTP response headers after 318.3176ms - 200
[12:33:59 INF] System.Net.Http.HttpClient.IDeepSeekClient.LogicalHandler End processing HTTP request after 325.9137ms - 200
[12:34:00 INF] System.Net.Http.HttpClient.IDeepSeekClient.LogicalHandler Start processing HTTP request POST https://api.deepseek.com/chat/completions
[12:34:00 INF] System.Net.Http.HttpClient.IDeepSeekClient.ClientHandler Sending HTTP request POST https://api.deepseek.com/chat/completions
[12:34:00 INF] System.Net.Http.HttpClient.IDeepSeekClient.LogicalHandler Start processing HTTP request POST https://api.deepseek.com/chat/completions
[12:34:00 INF] System.Net.Http.HttpClient.IDeepSeekClient.ClientHandler Sending HTTP request POST https://api.deepseek.com/chat/completions
[12:34:00 INF] System.Net.Http.HttpClient.IDeepSeekClient.LogicalHandler Start processing HTTP request POST https://api.deepseek.com/chat/completions
[12:34:00 INF] System.Net.Http.HttpClient.IDeepSeekClient.ClientHandler Sending HTTP request POST https://api.deepseek.com/chat/completions
[12:34:00 INF] System.Net.Http.HttpClient.IDeepSeekClient.ClientHandler Received HTTP response headers after 416.7962ms - 200
[12:34:00 INF] System.Net.Http.HttpClient.IDeepSeekClient.LogicalHandler End processing HTTP request after 424.6418ms - 200
[12:34:00 INF] System.Net.Http.HttpClient.IDeepSeekClient.ClientHandler Received HTTP response headers after 399.3095ms - 200
[12:34:00 INF] System.Net.Http.HttpClient.IDeepSeekClient.LogicalHandler End processing HTTP request after 407.7255ms - 200
[12:34:00 INF] System.Net.Http.HttpClient.IDeepSeekClient.ClientHandler Received HTTP response headers after 317.422ms - 200
[12:34:00 INF] System.Net.Http.HttpClient.IDeepSeekClient.LogicalHandler End processing HTTP request after 326.7611ms - 200
[12:34:01 INF] System.Net.Http.HttpClient.IDeepSeekClient.LogicalHandler Start processing HTTP request POST https://api.deepseek.com/chat/completions
[12:34:01 INF] System.Net.Http.HttpClient.IDeepSeekClient.ClientHandler Sending HTTP request POST https://api.deepseek.com/chat/completions
[12:34:01 INF] System.Net.Http.HttpClient.IDeepSeekClient.LogicalHandler Start processing HTTP request POST https://api.deepseek.com/chat/completions
[12:34:01 INF] System.Net.Http.HttpClient.IDeepSeekClient.ClientHandler Sending HTTP request POST https://api.deepseek.com/chat/completions
[12:34:01 INF] System.Net.Http.HttpClient.IDeepSeekClient.LogicalHandler Start processing HTTP request POST https://api.deepseek.com/chat/completions
[12:34:01 INF] System.Net.Http.HttpClient.IDeepSeekClient.ClientHandler Sending HTTP request POST https://api.deepseek.com/chat/completions
[12:34:01 INF] System.Net.Http.HttpClient.IDeepSeekClient.ClientHandler Received HTTP response headers after 316.236ms - 200
[12:34:01 INF] System.Net.Http.HttpClient.IDeepSeekClient.LogicalHandler End processing HTTP request after 325.1016ms - 200
[12:34:02 INF] System.Net.Http.HttpClient.IDeepSeekClient.ClientHandler Received HTTP response headers after 311.9389ms - 200
[12:34:02 INF] System.Net.Http.HttpClient.IDeepSeekClient.LogicalHandler End processing HTTP request after 321.2906ms - 200
[12:34:02 INF] System.Net.Http.HttpClient.IDeepSeekClient.ClientHandler Received HTTP response headers after 316.8723ms - 200
[12:34:02 INF] System.Net.Http.HttpClient.IDeepSeekClient.LogicalHandler End processing HTTP request after 324.9212ms - 200
[12:34:03 INF] System.Net.Http.HttpClient.IDeepSeekClient.LogicalHandler Start processing HTTP request POST https://api.deepseek.com/chat/completions
[12:34:03 INF] System.Net.Http.HttpClient.IDeepSeekClient.ClientHandler Sending HTTP request POST https://api.deepseek.com/chat/completions
[12:34:03 INF] System.Net.Http.HttpClient.IDeepSeekClient.ClientHandler Received HTTP response headers after 307.5092ms - 200
[12:34:03 INF] System.Net.Http.HttpClient.IDeepSeekClient.LogicalHandler End processing HTTP request after 316.2505ms - 200
[12:34:03 INF] System.Net.Http.HttpClient.IDeepSeekClient.LogicalHandler Start processing HTTP request POST https://api.deepseek.com/chat/completions
[12:34:03 INF] System.Net.Http.HttpClient.IDeepSeekClient.ClientHandler Sending HTTP request POST https://api.deepseek.com/chat/completions
[12:34:04 INF] System.Net.Http.HttpClient.IDeepSeekClient.ClientHandler Received HTTP response headers after 427.9763ms - 200
[12:34:04 INF] System.Net.Http.HttpClient.IDeepSeekClient.LogicalHandler End processing HTTP request after 435.7158ms - 200
[12:34:04 INF] System.Net.Http.HttpClient.IDeepSeekClient.LogicalHandler Start processing HTTP request POST https://api.deepseek.com/chat/completions
[12:34:04 INF] System.Net.Http.HttpClient.IDeepSeekClient.ClientHandler Sending HTTP request POST https://api.deepseek.com/chat/completions
[12:34:04 INF] System.Net.Http.HttpClient.IDeepSeekClient.ClientHandler Received HTTP response headers after 326.0523ms - 200
[12:34:04 INF] System.Net.Http.HttpClient.IDeepSeekClient.LogicalHandler End processing HTTP request after 334.7696ms - 200
[12:34:05 INF] System.Net.Http.HttpClient.IDeepSeekClient.LogicalHandler Start processing HTTP request POST https://api.deepseek.com/chat/completions
[12:34:05 INF] System.Net.Http.HttpClient.IDeepSeekClient.ClientHandler Sending HTTP request POST https://api.deepseek.com/chat/completions
[12:34:05 INF] System.Net.Http.HttpClient.IDeepSeekClient.ClientHandler Received HTTP response headers after 320.0606ms - 200
[12:34:05 INF] System.Net.Http.HttpClient.IDeepSeekClient.LogicalHandler End processing HTTP request after 328.5859ms - 200
[12:34:06 INF] System.Net.Http.HttpClient.IDeepSeekClient.LogicalHandler Start processing HTTP request POST https://api.deepseek.com/chat/completions
[12:34:06 INF] System.Net.Http.HttpClient.IDeepSeekClient.ClientHandler Sending HTTP request POST https://api.deepseek.com/chat/completions
[12:34:06 INF] System.Net.Http.HttpClient.IDeepSeekClient.ClientHandler Received HTTP response headers after 428.5999ms - 200
[12:34:06 INF] System.Net.Http.HttpClient.IDeepSeekClient.LogicalHandler End processing HTTP request after 436.7318ms - 200
[12:34:07 INF] System.Net.Http.HttpClient.IDeepSeekClient.LogicalHandler Start processing HTTP request POST https://api.deepseek.com/chat/completions
[12:34:07 INF] System.Net.Http.HttpClient.IDeepSeekClient.ClientHandler Sending HTTP request POST https://api.deepseek.com/chat/completions
[12:34:07 INF] System.Net.Http.HttpClient.IDeepSeekClient.ClientHandler Received HTTP response headers after 321.0045ms - 200
[12:34:07 INF] System.Net.Http.HttpClient.IDeepSeekClient.LogicalHandler End processing HTTP request after 329.1606ms - 200
[12:34:36 INF] System.Net.Http.HttpClient.IStockApiClient.LogicalHandler Start processing HTTP request GET https://data.sec.gov/api/xbrl/companyfacts/CIK0000066740.json
[12:34:36 INF] System.Net.Http.HttpClient.IStockApiClient.ClientHandler Sending HTTP request GET https://data.sec.gov/api/xbrl/companyfacts/CIK0000066740.json
[12:34:36 INF] System.Net.Http.HttpClient.IStockApiClient.ClientHandler Received HTTP response headers after 144.2338ms - 200
[12:34:36 INF] System.Net.Http.HttpClient.IStockApiClient.LogicalHandler End processing HTTP request after 154.004ms - 200
[12:34:37 INF] System.Net.Http.HttpClient.IStockApiClient.LogicalHandler Start processing HTTP request GET https://data.sec.gov/submissions/CIK0000066740.json
[12:34:37 INF] System.Net.Http.HttpClient.IStockApiClient.ClientHandler Sending HTTP request GET https://data.sec.gov/submissions/CIK0000066740.json
[12:34:37 INF] System.Net.Http.HttpClient.IStockApiClient.ClientHandler Received HTTP response headers after 24.6956ms - 200
[12:34:37 INF] System.Net.Http.HttpClient.IStockApiClient.LogicalHandler End processing HTTP request after 33.4169ms - 200
[12:34:37 INF] System.Net.Http.HttpClient.IStockApiClient.LogicalHandler Start processing HTTP request GET https://www.sec.gov/Archives/edgar/data/66740/000006674026000014/index.json
[12:34:37 INF] System.Net.Http.HttpClient.IStockApiClient.ClientHandler Sending HTTP request GET https://www.sec.gov/Archives/edgar/data/66740/000006674026000014/index.json
[12:34:37 INF] System.Net.Http.HttpClient.IStockApiClient.ClientHandler Received HTTP response headers after 25.1248ms - 200
[12:34:37 INF] System.Net.Http.HttpClient.IStockApiClient.LogicalHandler End processing HTTP request after 39.9729ms - 200
[12:34:37 INF] System.Net.Http.HttpClient.IStockApiClient.LogicalHandler Start processing HTTP request GET https://www.sec.gov/Archives/edgar/data/66740/000006674026000014/mmm-20251231_htm.xml
[12:34:37 INF] System.Net.Http.HttpClient.IStockApiClient.ClientHandler Sending HTTP request GET https://www.sec.gov/Archives/edgar/data/66740/000006674026000014/mmm-20251231_htm.xml
[12:34:37 INF] System.Net.Http.HttpClient.IStockApiClient.ClientHandler Received HTTP response headers after 30.649ms - 200
[12:34:37 INF] System.Net.Http.HttpClient.IStockApiClient.LogicalHandler End processing HTTP request after 39.9865ms - 200
[12:34:38 INF] System.Net.Http.HttpClient.IDeepSeekClient.LogicalHandler Start processing HTTP request POST https://api.deepseek.com/chat/completions
[12:34:38 INF] System.Net.Http.HttpClient.IDeepSeekClient.ClientHandler Sending HTTP request POST https://api.deepseek.com/chat/completions
[12:34:38 INF] System.Net.Http.HttpClient.IDeepSeekClient.ClientHandler Received HTTP response headers after 311.4684ms - 200
[12:34:38 INF] System.Net.Http.HttpClient.IDeepSeekClient.LogicalHandler End processing HTTP request after 321.4951ms - 200
[13:43:57 INF] Microsoft.Hosting.Lifetime Application is shutting down...
[13:44:04 INF] Microsoft.Hosting.Lifetime Now listening on: http://localhost:5213
[13:44:04 INF] Microsoft.Hosting.Lifetime Application started. Press Ctrl+C to shut down.
[13:44:04 INF] Microsoft.Hosting.Lifetime Hosting environment: Development
[13:44:04 INF] Microsoft.Hosting.Lifetime Content root path: C:\Users\luka.osojnik\Documents\Coding\simple-bloomberg-terminal\simple-bloomberg-terminal
[13:44:04 INF] simple_bloomberg_terminal.Services.Provisioning.WeeklyVolumeRefreshService Weekly volume refresh: 1 companies with stale volume
[13:44:04 INF] System.Net.Http.HttpClient.IStockApiClient.LogicalHandler Start processing HTTP request GET https://www.sec.gov/files/company_tickers.json
[13:44:04 INF] System.Net.Http.HttpClient.IStockApiClient.ClientHandler Sending HTTP request GET https://www.sec.gov/files/company_tickers.json
[13:44:04 INF] System.Net.Http.HttpClient.IStockApiClient.ClientHandler Received HTTP response headers after 298.321ms - 200
[13:44:04 INF] System.Net.Http.HttpClient.IStockApiClient.LogicalHandler End processing HTTP request after 320.6034ms - 200
[13:44:05 INF] System.Net.Http.HttpClient.IYahooFinanceClient.LogicalHandler Start processing HTTP request GET https://query1.finance.yahoo.com/v8/finance/chart/MMM?*
[13:44:05 INF] System.Net.Http.HttpClient.IYahooFinanceClient.ClientHandler Sending HTTP request GET https://query1.finance.yahoo.com/v8/finance/chart/MMM?*
[13:44:05 WRN] Microsoft.EntityFrameworkCore.Query Compiling a query which loads related collections for more than one collection navigation, either via 'Include' or through projection, but no 'QuerySplittingBehavior' has been configured. By default, Entity Framework will use 'QuerySplittingBehavior.SingleQuery', which can potentially result in slow query performance. See https://go.microsoft.com/fwlink/?linkid=2134277 for more information. To identify the query that's triggering this warning call 'ConfigureWarnings(w => w.Throw(RelationalEventId.MultipleCollectionIncludeWarning))'.
[13:44:05 INF] System.Net.Http.HttpClient.IYahooFinanceClient.ClientHandler Received HTTP response headers after 395.6771ms - 200
[13:44:05 INF] System.Net.Http.HttpClient.IYahooFinanceClient.LogicalHandler End processing HTTP request after 406.207ms - 200
[13:44:15 WRN] LuckyPennySoftware.AutoMapper.License You do not have a valid license key for the Lucky Penny software AutoMapper. This is allowed for development and testing scenarios. If you are running in production you are required to have a licensed version. Please visit https://luckypennysoftware.com to obtain a valid license.
[13:44:15 INF] System.Net.Http.HttpClient.IStockApiClient.LogicalHandler Start processing HTTP request GET https://data.sec.gov/submissions/CIK0000066740.json
[13:44:15 INF] System.Net.Http.HttpClient.IStockApiClient.ClientHandler Sending HTTP request GET https://data.sec.gov/submissions/CIK0000066740.json
[13:44:15 INF] System.Net.Http.HttpClient.IStockApiClient.ClientHandler Received HTTP response headers after 393.1089ms - 200
[13:44:15 INF] System.Net.Http.HttpClient.IStockApiClient.LogicalHandler End processing HTTP request after 404.9822ms - 200
[13:44:19 INF] System.Net.Http.HttpClient.IStockApiClient.LogicalHandler Start processing HTTP request GET https://www.sec.gov/Archives/edgar/data/66740/000006674026000014/mmm-20251231.htm
[13:44:19 INF] System.Net.Http.HttpClient.IStockApiClient.ClientHandler Sending HTTP request GET https://www.sec.gov/Archives/edgar/data/66740/000006674026000014/mmm-20251231.htm
[13:44:19 INF] System.Net.Http.HttpClient.IStockApiClient.ClientHandler Received HTTP response headers after 120.5479ms - 200
[13:44:19 INF] System.Net.Http.HttpClient.IStockApiClient.LogicalHandler End processing HTTP request after 129.8148ms - 200
[13:44:20 INF] System.Net.Http.HttpClient.IStockApiClient.LogicalHandler Start processing HTTP request GET https://www.sec.gov/Archives/edgar/data/66740/000006674026000014/mmm-20251231.htm
[13:44:20 INF] System.Net.Http.HttpClient.IStockApiClient.ClientHandler Sending HTTP request GET https://www.sec.gov/Archives/edgar/data/66740/000006674026000014/mmm-20251231.htm
[13:44:20 INF] System.Net.Http.HttpClient.IStockApiClient.ClientHandler Received HTTP response headers after 58.0034ms - 200
[13:44:20 INF] System.Net.Http.HttpClient.IStockApiClient.LogicalHandler End processing HTTP request after 67.7891ms - 200
[13:44:20 INF] System.Net.Http.HttpClient.IDeepSeekClient.LogicalHandler Start processing HTTP request POST https://api.deepseek.com/chat/completions
[13:44:20 INF] System.Net.Http.HttpClient.IDeepSeekClient.ClientHandler Sending HTTP request POST https://api.deepseek.com/chat/completions
[13:44:21 INF] System.Net.Http.HttpClient.IDeepSeekClient.ClientHandler Received HTTP response headers after 528.3233ms - 200
[13:44:21 INF] System.Net.Http.HttpClient.IDeepSeekClient.LogicalHandler End processing HTTP request after 538.3342ms - 200
[13:44:28 INF] System.Net.Http.HttpClient.IStockApiClient.LogicalHandler Start processing HTTP request GET https://www.sec.gov/Archives/edgar/data/66740/000006674026000014/FilingSummary.xml
[13:44:28 INF] System.Net.Http.HttpClient.IStockApiClient.ClientHandler Sending HTTP request GET https://www.sec.gov/Archives/edgar/data/66740/000006674026000014/FilingSummary.xml
[13:44:28 INF] System.Net.Http.HttpClient.IStockApiClient.ClientHandler Received HTTP response headers after 253.0755ms - 200
[13:44:28 INF] System.Net.Http.HttpClient.IStockApiClient.LogicalHandler End processing HTTP request after 262.5263ms - 200
[13:44:28 INF] System.Net.Http.HttpClient.IStockApiClient.LogicalHandler Start processing HTTP request GET https://www.sec.gov/Archives/edgar/data/66740/000006674026000014/R3.htm
[13:44:28 INF] System.Net.Http.HttpClient.IStockApiClient.ClientHandler Sending HTTP request GET https://www.sec.gov/Archives/edgar/data/66740/000006674026000014/R3.htm
[13:44:28 INF] System.Net.Http.HttpClient.IStockApiClient.ClientHandler Received HTTP response headers after 38.3306ms - 200
[13:44:28 INF] System.Net.Http.HttpClient.IStockApiClient.LogicalHandler End processing HTTP request after 47.9933ms - 200
[13:44:28 INF] System.Net.Http.HttpClient.IStockApiClient.LogicalHandler Start processing HTTP request GET https://www.sec.gov/Archives/edgar/data/66740/000006674026000014/R55.htm
[13:44:28 INF] System.Net.Http.HttpClient.IStockApiClient.ClientHandler Sending HTTP request GET https://www.sec.gov/Archives/edgar/data/66740/000006674026000014/R55.htm
[13:44:28 INF] System.Net.Http.HttpClient.IStockApiClient.ClientHandler Received HTTP response headers after 79.608ms - 200
[13:44:28 INF] System.Net.Http.HttpClient.IStockApiClient.LogicalHandler End processing HTTP request after 89.7254ms - 200
[13:44:28 INF] System.Net.Http.HttpClient.IStockApiClient.LogicalHandler Start processing HTTP request GET https://www.sec.gov/Archives/edgar/data/66740/000006674026000014/R60.htm
[13:44:28 INF] System.Net.Http.HttpClient.IStockApiClient.ClientHandler Sending HTTP request GET https://www.sec.gov/Archives/edgar/data/66740/000006674026000014/R60.htm
[13:44:28 INF] System.Net.Http.HttpClient.IStockApiClient.ClientHandler Received HTTP response headers after 25.7438ms - 200
[13:44:28 INF] System.Net.Http.HttpClient.IStockApiClient.LogicalHandler End processing HTTP request after 35.4189ms - 200
[13:44:28 INF] System.Net.Http.HttpClient.IStockApiClient.LogicalHandler Start processing HTTP request GET https://www.sec.gov/Archives/edgar/data/66740/000006674026000014/R63.htm
[13:44:28 INF] System.Net.Http.HttpClient.IStockApiClient.ClientHandler Sending HTTP request GET https://www.sec.gov/Archives/edgar/data/66740/000006674026000014/R63.htm
[13:44:28 INF] System.Net.Http.HttpClient.IStockApiClient.ClientHandler Received HTTP response headers after 109.2368ms - 200
[13:44:28 INF] System.Net.Http.HttpClient.IStockApiClient.LogicalHandler End processing HTTP request after 118.8914ms - 200
[13:44:28 INF] System.Net.Http.HttpClient.IStockApiClient.LogicalHandler Start processing HTTP request GET https://www.sec.gov/Archives/edgar/data/66740/000006674026000014/R118.htm
[13:44:28 INF] System.Net.Http.HttpClient.IStockApiClient.ClientHandler Sending HTTP request GET https://www.sec.gov/Archives/edgar/data/66740/000006674026000014/R118.htm
[13:44:28 INF] System.Net.Http.HttpClient.IStockApiClient.ClientHandler Received HTTP response headers after 44.3904ms - 200
[13:44:28 INF] System.Net.Http.HttpClient.IStockApiClient.LogicalHandler End processing HTTP request after 53.9525ms - 200
[13:44:28 INF] System.Net.Http.HttpClient.IStockApiClient.LogicalHandler Start processing HTTP request GET https://www.sec.gov/Archives/edgar/data/66740/000006674026000014/R129.htm
[13:44:28 INF] System.Net.Http.HttpClient.IStockApiClient.ClientHandler Sending HTTP request GET https://www.sec.gov/Archives/edgar/data/66740/000006674026000014/R129.htm
[13:44:28 INF] System.Net.Http.HttpClient.IStockApiClient.ClientHandler Received HTTP response headers after 23.5677ms - 200
[13:44:28 INF] System.Net.Http.HttpClient.IStockApiClient.LogicalHandler End processing HTTP request after 33.628ms - 200
[13:44:28 INF] System.Net.Http.HttpClient.IStockApiClient.LogicalHandler Start processing HTTP request GET https://www.sec.gov/Archives/edgar/data/66740/000006674026000014/R130.htm
[13:44:28 INF] System.Net.Http.HttpClient.IStockApiClient.ClientHandler Sending HTTP request GET https://www.sec.gov/Archives/edgar/data/66740/000006674026000014/R130.htm
[13:44:28 INF] System.Net.Http.HttpClient.IStockApiClient.ClientHandler Received HTTP response headers after 46.3543ms - 200
[13:44:28 INF] System.Net.Http.HttpClient.IStockApiClient.LogicalHandler End processing HTTP request after 56.1201ms - 200
[13:44:28 INF] System.Net.Http.HttpClient.IStockApiClient.LogicalHandler Start processing HTTP request GET https://www.sec.gov/Archives/edgar/data/66740/000006674026000014/R131.htm
[13:44:28 INF] System.Net.Http.HttpClient.IStockApiClient.ClientHandler Sending HTTP request GET https://www.sec.gov/Archives/edgar/data/66740/000006674026000014/R131.htm
[13:44:28 INF] System.Net.Http.HttpClient.IStockApiClient.ClientHandler Received HTTP response headers after 30.051ms - 200
[13:44:28 INF] System.Net.Http.HttpClient.IStockApiClient.LogicalHandler End processing HTTP request after 38.9265ms - 200
[13:44:29 INF] System.Net.Http.HttpClient.IDeepSeekClient.LogicalHandler Start processing HTTP request POST https://api.deepseek.com/chat/completions
[13:44:29 INF] System.Net.Http.HttpClient.IDeepSeekClient.ClientHandler Sending HTTP request POST https://api.deepseek.com/chat/completions
[13:44:29 INF] System.Net.Http.HttpClient.IDeepSeekClient.LogicalHandler Start processing HTTP request POST https://api.deepseek.com/chat/completions
[13:44:29 INF] System.Net.Http.HttpClient.IDeepSeekClient.ClientHandler Sending HTTP request POST https://api.deepseek.com/chat/completions
[13:44:29 INF] System.Net.Http.HttpClient.IDeepSeekClient.LogicalHandler Start processing HTTP request POST https://api.deepseek.com/chat/completions
[13:44:29 INF] System.Net.Http.HttpClient.IDeepSeekClient.ClientHandler Sending HTTP request POST https://api.deepseek.com/chat/completions
[13:44:29 INF] System.Net.Http.HttpClient.IDeepSeekClient.LogicalHandler Start processing HTTP request POST https://api.deepseek.com/chat/completions
[13:44:29 INF] System.Net.Http.HttpClient.IDeepSeekClient.ClientHandler Sending HTTP request POST https://api.deepseek.com/chat/completions
[13:44:29 INF] System.Net.Http.HttpClient.IDeepSeekClient.LogicalHandler Start processing HTTP request POST https://api.deepseek.com/chat/completions
[13:44:29 INF] System.Net.Http.HttpClient.IDeepSeekClient.ClientHandler Sending HTTP request POST https://api.deepseek.com/chat/completions
[13:44:29 INF] System.Net.Http.HttpClient.IDeepSeekClient.LogicalHandler Start processing HTTP request POST https://api.deepseek.com/chat/completions
[13:44:29 INF] System.Net.Http.HttpClient.IDeepSeekClient.ClientHandler Sending HTTP request POST https://api.deepseek.com/chat/completions
[13:44:29 INF] System.Net.Http.HttpClient.IDeepSeekClient.ClientHandler Received HTTP response headers after 281.0993ms - 200
[13:44:29 INF] System.Net.Http.HttpClient.IDeepSeekClient.LogicalHandler End processing HTTP request after 290.5058ms - 200
[13:44:29 INF] System.Net.Http.HttpClient.IDeepSeekClient.ClientHandler Received HTTP response headers after 317.8215ms - 200
[13:44:29 INF] System.Net.Http.HttpClient.IDeepSeekClient.LogicalHandler End processing HTTP request after 327.5527ms - 200
[13:44:29 INF] System.Net.Http.HttpClient.IDeepSeekClient.ClientHandler Received HTTP response headers after 327.9167ms - 200
[13:44:29 INF] System.Net.Http.HttpClient.IDeepSeekClient.ClientHandler Received HTTP response headers after 337.1666ms - 200
[13:44:29 INF] System.Net.Http.HttpClient.IDeepSeekClient.LogicalHandler End processing HTTP request after 338.0654ms - 200
[13:44:29 INF] System.Net.Http.HttpClient.IDeepSeekClient.LogicalHandler End processing HTTP request after 348.121ms - 200
[13:44:29 INF] System.Net.Http.HttpClient.IDeepSeekClient.ClientHandler Received HTTP response headers after 327.3356ms - 200
[13:44:29 INF] System.Net.Http.HttpClient.IDeepSeekClient.LogicalHandler End processing HTTP request after 337.0741ms - 200
[13:44:29 INF] System.Net.Http.HttpClient.IDeepSeekClient.ClientHandler Received HTTP response headers after 341.3287ms - 200
[13:44:29 INF] System.Net.Http.HttpClient.IDeepSeekClient.LogicalHandler End processing HTTP request after 350.539ms - 200
[13:44:30 INF] System.Net.Http.HttpClient.IDeepSeekClient.LogicalHandler Start processing HTTP request POST https://api.deepseek.com/chat/completions
[13:44:30 INF] System.Net.Http.HttpClient.IDeepSeekClient.ClientHandler Sending HTTP request POST https://api.deepseek.com/chat/completions
[13:44:30 INF] System.Net.Http.HttpClient.IDeepSeekClient.LogicalHandler Start processing HTTP request POST https://api.deepseek.com/chat/completions
[13:44:30 INF] System.Net.Http.HttpClient.IDeepSeekClient.ClientHandler Sending HTTP request POST https://api.deepseek.com/chat/completions
[13:44:30 INF] System.Net.Http.HttpClient.IDeepSeekClient.ClientHandler Received HTTP response headers after 321.6921ms - 200
[13:44:30 INF] System.Net.Http.HttpClient.IDeepSeekClient.LogicalHandler End processing HTTP request after 330.0789ms - 200
[13:44:31 INF] System.Net.Http.HttpClient.IDeepSeekClient.ClientHandler Received HTTP response headers after 382.6051ms - 200
[13:44:31 INF] System.Net.Http.HttpClient.IDeepSeekClient.LogicalHandler End processing HTTP request after 391.0222ms - 200
[13:44:33 INF] System.Net.Http.HttpClient.IDeepSeekClient.LogicalHandler Start processing HTTP request POST https://api.deepseek.com/chat/completions
[13:44:33 INF] System.Net.Http.HttpClient.IDeepSeekClient.ClientHandler Sending HTTP request POST https://api.deepseek.com/chat/completions
[13:44:33 INF] System.Net.Http.HttpClient.IDeepSeekClient.ClientHandler Received HTTP response headers after 288.5828ms - 200
[13:44:33 INF] System.Net.Http.HttpClient.IDeepSeekClient.LogicalHandler End processing HTTP request after 296.1373ms - 200
[13:44:34 INF] System.Net.Http.HttpClient.IDeepSeekClient.LogicalHandler Start processing HTTP request POST https://api.deepseek.com/chat/completions
[13:44:34 INF] System.Net.Http.HttpClient.IDeepSeekClient.ClientHandler Sending HTTP request POST https://api.deepseek.com/chat/completions
[13:44:35 INF] System.Net.Http.HttpClient.IDeepSeekClient.ClientHandler Received HTTP response headers after 323.5775ms - 200
[13:44:35 INF] System.Net.Http.HttpClient.IDeepSeekClient.LogicalHandler End processing HTTP request after 333.2241ms - 200
[13:44:36 INF] System.Net.Http.HttpClient.IDeepSeekClient.LogicalHandler Start processing HTTP request POST https://api.deepseek.com/chat/completions
[13:44:36 INF] System.Net.Http.HttpClient.IDeepSeekClient.ClientHandler Sending HTTP request POST https://api.deepseek.com/chat/completions
[13:44:36 INF] System.Net.Http.HttpClient.IDeepSeekClient.ClientHandler Received HTTP response headers after 305.8656ms - 200
[13:44:36 INF] System.Net.Http.HttpClient.IDeepSeekClient.LogicalHandler End processing HTTP request after 314.0277ms - 200
[13:44:38 INF] System.Net.Http.HttpClient.IDeepSeekClient.LogicalHandler Start processing HTTP request POST https://api.deepseek.com/chat/completions
[13:44:38 INF] System.Net.Http.HttpClient.IDeepSeekClient.ClientHandler Sending HTTP request POST https://api.deepseek.com/chat/completions
[13:44:38 INF] System.Net.Http.HttpClient.IDeepSeekClient.ClientHandler Received HTTP response headers after 291.8547ms - 200
[13:44:38 INF] System.Net.Http.HttpClient.IDeepSeekClient.LogicalHandler End processing HTTP request after 300.2109ms - 200
[13:44:42 INF] System.Net.Http.HttpClient.IDeepSeekClient.LogicalHandler Start processing HTTP request POST https://api.deepseek.com/chat/completions
[13:44:42 INF] System.Net.Http.HttpClient.IDeepSeekClient.ClientHandler Sending HTTP request POST https://api.deepseek.com/chat/completions
[13:44:42 INF] System.Net.Http.HttpClient.IDeepSeekClient.ClientHandler Received HTTP response headers after 281.347ms - 200
[13:44:42 INF] System.Net.Http.HttpClient.IDeepSeekClient.LogicalHandler End processing HTTP request after 289.0244ms - 200
[13:44:45 INF] System.Net.Http.HttpClient.IDeepSeekClient.LogicalHandler Start processing HTTP request POST https://api.deepseek.com/chat/completions
[13:44:45 INF] System.Net.Http.HttpClient.IDeepSeekClient.ClientHandler Sending HTTP request POST https://api.deepseek.com/chat/completions
[13:44:46 INF] System.Net.Http.HttpClient.IDeepSeekClient.ClientHandler Received HTTP response headers after 390.233ms - 200
[13:44:46 INF] System.Net.Http.HttpClient.IDeepSeekClient.LogicalHandler End processing HTTP request after 398.343ms - 200
[13:44:56 INF] System.Net.Http.HttpClient.IDeepSeekClient.LogicalHandler Start processing HTTP request POST https://api.deepseek.com/chat/completions
[13:44:56 INF] System.Net.Http.HttpClient.IDeepSeekClient.ClientHandler Sending HTTP request POST https://api.deepseek.com/chat/completions
[13:44:56 INF] System.Net.Http.HttpClient.IDeepSeekClient.ClientHandler Received HTTP response headers after 284.904ms - 200
[13:44:56 INF] System.Net.Http.HttpClient.IDeepSeekClient.LogicalHandler End processing HTTP request after 293.6839ms - 200
[13:44:59 INF] System.Net.Http.HttpClient.IDeepSeekClient.LogicalHandler Start processing HTTP request POST https://api.deepseek.com/chat/completions
[13:44:59 INF] System.Net.Http.HttpClient.IDeepSeekClient.ClientHandler Sending HTTP request POST https://api.deepseek.com/chat/completions
[13:44:59 INF] System.Net.Http.HttpClient.IDeepSeekClient.ClientHandler Received HTTP response headers after 287.2079ms - 200
[13:44:59 INF] System.Net.Http.HttpClient.IDeepSeekClient.LogicalHandler End processing HTTP request after 295.412ms - 200
[13:45:00 INF] System.Net.Http.HttpClient.IDeepSeekClient.LogicalHandler Start processing HTTP request POST https://api.deepseek.com/chat/completions
[13:45:00 INF] System.Net.Http.HttpClient.IDeepSeekClient.ClientHandler Sending HTTP request POST https://api.deepseek.com/chat/completions
[13:45:00 INF] System.Net.Http.HttpClient.IDeepSeekClient.ClientHandler Received HTTP response headers after 382.6045ms - 200
[13:45:00 INF] System.Net.Http.HttpClient.IDeepSeekClient.LogicalHandler End processing HTTP request after 390.9387ms - 200
[13:45:01 INF] System.Net.Http.HttpClient.IDeepSeekClient.LogicalHandler Start processing HTTP request POST https://api.deepseek.com/chat/completions
[13:45:01 INF] System.Net.Http.HttpClient.IDeepSeekClient.ClientHandler Sending HTTP request POST https://api.deepseek.com/chat/completions
[13:45:01 INF] System.Net.Http.HttpClient.IDeepSeekClient.ClientHandler Received HTTP response headers after 293.4495ms - 200
[13:45:01 INF] System.Net.Http.HttpClient.IDeepSeekClient.LogicalHandler End processing HTTP request after 301.8722ms - 200
[13:45:36 INF] System.Net.Http.HttpClient.IStockApiClient.LogicalHandler Start processing HTTP request GET https://data.sec.gov/api/xbrl/companyfacts/CIK0000066740.json
[13:45:36 INF] System.Net.Http.HttpClient.IStockApiClient.ClientHandler Sending HTTP request GET https://data.sec.gov/api/xbrl/companyfacts/CIK0000066740.json
[13:45:37 INF] System.Net.Http.HttpClient.IStockApiClient.ClientHandler Received HTTP response headers after 479.1622ms - 200
[13:45:37 INF] System.Net.Http.HttpClient.IStockApiClient.LogicalHandler End processing HTTP request after 488.1986ms - 200
[13:45:41 INF] System.Net.Http.HttpClient.IStockApiClient.LogicalHandler Start processing HTTP request GET https://data.sec.gov/submissions/CIK0000066740.json
[13:45:41 INF] System.Net.Http.HttpClient.IStockApiClient.ClientHandler Sending HTTP request GET https://data.sec.gov/submissions/CIK0000066740.json
[13:45:41 INF] System.Net.Http.HttpClient.IStockApiClient.ClientHandler Received HTTP response headers after 178.026ms - 200
[13:45:41 INF] System.Net.Http.HttpClient.IStockApiClient.LogicalHandler End processing HTTP request after 187.1569ms - 200
[13:45:41 INF] System.Net.Http.HttpClient.IStockApiClient.LogicalHandler Start processing HTTP request GET https://www.sec.gov/Archives/edgar/data/66740/000006674026000014/index.json
[13:45:41 INF] System.Net.Http.HttpClient.IStockApiClient.ClientHandler Sending HTTP request GET https://www.sec.gov/Archives/edgar/data/66740/000006674026000014/index.json
[13:45:42 INF] System.Net.Http.HttpClient.IStockApiClient.ClientHandler Received HTTP response headers after 283.9757ms - 200
[13:45:42 INF] System.Net.Http.HttpClient.IStockApiClient.LogicalHandler End processing HTTP request after 292.9925ms - 200
[13:45:42 INF] System.Net.Http.HttpClient.IStockApiClient.LogicalHandler Start processing HTTP request GET https://www.sec.gov/Archives/edgar/data/66740/000006674026000014/mmm-20251231_htm.xml
[13:45:42 INF] System.Net.Http.HttpClient.IStockApiClient.ClientHandler Sending HTTP request GET https://www.sec.gov/Archives/edgar/data/66740/000006674026000014/mmm-20251231_htm.xml
[13:45:42 INF] System.Net.Http.HttpClient.IStockApiClient.ClientHandler Received HTTP response headers after 184.3459ms - 200
[13:45:42 INF] System.Net.Http.HttpClient.IStockApiClient.LogicalHandler End processing HTTP request after 193.2152ms - 200
[13:45:44 INF] System.Net.Http.HttpClient.IDeepSeekClient.LogicalHandler Start processing HTTP request POST https://api.deepseek.com/chat/completions
[13:45:44 INF] System.Net.Http.HttpClient.IDeepSeekClient.ClientHandler Sending HTTP request POST https://api.deepseek.com/chat/completions
[13:45:44 INF] System.Net.Http.HttpClient.IDeepSeekClient.ClientHandler Received HTTP response headers after 315.8871ms - 200
[13:45:44 INF] System.Net.Http.HttpClient.IDeepSeekClient.LogicalHandler End processing HTTP request after 325.3088ms - 200
[13:53:49 INF] Microsoft.Hosting.Lifetime Application is shutting down...
[13:53:55 INF] Microsoft.Hosting.Lifetime Now listening on: http://localhost:5213
[13:53:55 INF] Microsoft.Hosting.Lifetime Application started. Press Ctrl+C to shut down.
[13:53:55 INF] Microsoft.Hosting.Lifetime Hosting environment: Development
[13:53:55 INF] Microsoft.Hosting.Lifetime Content root path: C:\Users\luka.osojnik\Documents\Coding\simple-bloomberg-terminal\simple-bloomberg-terminal
[13:53:55 INF] simple_bloomberg_terminal.Services.Provisioning.WeeklyVolumeRefreshService Weekly volume refresh: 1 companies with stale volume
[13:53:55 INF] System.Net.Http.HttpClient.IStockApiClient.LogicalHandler Start processing HTTP request GET https://www.sec.gov/files/company_tickers.json
[13:53:55 INF] System.Net.Http.HttpClient.IStockApiClient.ClientHandler Sending HTTP request GET https://www.sec.gov/files/company_tickers.json
[13:53:56 INF] System.Net.Http.HttpClient.IStockApiClient.ClientHandler Received HTTP response headers after 217.7361ms - 200
[13:53:56 INF] System.Net.Http.HttpClient.IStockApiClient.LogicalHandler End processing HTTP request after 239.8748ms - 200
[13:53:56 INF] System.Net.Http.HttpClient.IYahooFinanceClient.LogicalHandler Start processing HTTP request GET https://query1.finance.yahoo.com/v8/finance/chart/MMM?*
[13:53:56 INF] System.Net.Http.HttpClient.IYahooFinanceClient.ClientHandler Sending HTTP request GET https://query1.finance.yahoo.com/v8/finance/chart/MMM?*
[13:53:56 INF] System.Net.Http.HttpClient.IYahooFinanceClient.ClientHandler Received HTTP response headers after 226.8158ms - 200
[13:53:56 INF] System.Net.Http.HttpClient.IYahooFinanceClient.LogicalHandler End processing HTTP request after 237.8789ms - 200
[13:53:56 WRN] Microsoft.EntityFrameworkCore.Query Compiling a query which loads related collections for more than one collection navigation, either via 'Include' or through projection, but no 'QuerySplittingBehavior' has been configured. By default, Entity Framework will use 'QuerySplittingBehavior.SingleQuery', which can potentially result in slow query performance. See https://go.microsoft.com/fwlink/?linkid=2134277 for more information. To identify the query that's triggering this warning call 'ConfigureWarnings(w => w.Throw(RelationalEventId.MultipleCollectionIncludeWarning))'.
[13:54:02 WRN] LuckyPennySoftware.AutoMapper.License You do not have a valid license key for the Lucky Penny software AutoMapper. This is allowed for development and testing scenarios. If you are running in production you are required to have a licensed version. Please visit https://luckypennysoftware.com to obtain a valid license.
[13:54:02 INF] System.Net.Http.HttpClient.IStockApiClient.LogicalHandler Start processing HTTP request GET https://data.sec.gov/submissions/CIK0000066740.json
[13:54:02 INF] System.Net.Http.HttpClient.IStockApiClient.ClientHandler Sending HTTP request GET https://data.sec.gov/submissions/CIK0000066740.json
[13:54:03 INF] System.Net.Http.HttpClient.IStockApiClient.ClientHandler Received HTTP response headers after 315.3664ms - 200
[13:54:03 INF] System.Net.Http.HttpClient.IStockApiClient.LogicalHandler End processing HTTP request after 325.5463ms - 200
[13:54:06 INF] System.Net.Http.HttpClient.IStockApiClient.LogicalHandler Start processing HTTP request GET https://www.sec.gov/Archives/edgar/data/66740/000006674026000014/mmm-20251231.htm
[13:54:06 INF] System.Net.Http.HttpClient.IStockApiClient.ClientHandler Sending HTTP request GET https://www.sec.gov/Archives/edgar/data/66740/000006674026000014/mmm-20251231.htm
[13:54:06 INF] System.Net.Http.HttpClient.IStockApiClient.ClientHandler Received HTTP response headers after 32.843ms - 200
[13:54:06 INF] System.Net.Http.HttpClient.IStockApiClient.LogicalHandler End processing HTTP request after 41.6823ms - 200
[13:54:07 INF] System.Net.Http.HttpClient.IStockApiClient.LogicalHandler Start processing HTTP request GET https://www.sec.gov/Archives/edgar/data/66740/000006674026000014/mmm-20251231.htm
[13:54:07 INF] System.Net.Http.HttpClient.IStockApiClient.ClientHandler Sending HTTP request GET https://www.sec.gov/Archives/edgar/data/66740/000006674026000014/mmm-20251231.htm
[13:54:07 INF] System.Net.Http.HttpClient.IStockApiClient.ClientHandler Received HTTP response headers after 27.7406ms - 200
[13:54:07 INF] System.Net.Http.HttpClient.IStockApiClient.LogicalHandler End processing HTTP request after 37.1066ms - 200
[13:54:07 INF] System.Net.Http.HttpClient.IDeepSeekClient.LogicalHandler Start processing HTTP request POST https://api.deepseek.com/chat/completions
[13:54:07 INF] System.Net.Http.HttpClient.IDeepSeekClient.ClientHandler Sending HTTP request POST https://api.deepseek.com/chat/completions
[13:54:07 INF] System.Net.Http.HttpClient.IDeepSeekClient.ClientHandler Received HTTP response headers after 361.4247ms - 200
[13:54:07 INF] System.Net.Http.HttpClient.IDeepSeekClient.LogicalHandler End processing HTTP request after 371.6009ms - 200
[13:54:14 INF] System.Net.Http.HttpClient.IStockApiClient.LogicalHandler Start processing HTTP request GET https://www.sec.gov/Archives/edgar/data/66740/000006674026000014/FilingSummary.xml
[13:54:14 INF] System.Net.Http.HttpClient.IStockApiClient.ClientHandler Sending HTTP request GET https://www.sec.gov/Archives/edgar/data/66740/000006674026000014/FilingSummary.xml
[13:54:14 INF] System.Net.Http.HttpClient.IStockApiClient.ClientHandler Received HTTP response headers after 29.565ms - 200
[13:54:14 INF] System.Net.Http.HttpClient.IStockApiClient.LogicalHandler End processing HTTP request after 38.3663ms - 200
[13:54:14 INF] System.Net.Http.HttpClient.IStockApiClient.LogicalHandler Start processing HTTP request GET https://www.sec.gov/Archives/edgar/data/66740/000006674026000014/R3.htm
[13:54:14 INF] System.Net.Http.HttpClient.IStockApiClient.ClientHandler Sending HTTP request GET https://www.sec.gov/Archives/edgar/data/66740/000006674026000014/R3.htm
[13:54:14 INF] System.Net.Http.HttpClient.IStockApiClient.ClientHandler Received HTTP response headers after 28.6625ms - 200
[13:54:14 INF] System.Net.Http.HttpClient.IStockApiClient.LogicalHandler End processing HTTP request after 39.3098ms - 200
[13:54:14 INF] System.Net.Http.HttpClient.IStockApiClient.LogicalHandler Start processing HTTP request GET https://www.sec.gov/Archives/edgar/data/66740/000006674026000014/R55.htm
[13:54:14 INF] System.Net.Http.HttpClient.IStockApiClient.ClientHandler Sending HTTP request GET https://www.sec.gov/Archives/edgar/data/66740/000006674026000014/R55.htm
[13:54:14 INF] System.Net.Http.HttpClient.IStockApiClient.ClientHandler Received HTTP response headers after 24.2578ms - 200
[13:54:14 INF] System.Net.Http.HttpClient.IStockApiClient.LogicalHandler End processing HTTP request after 33.4999ms - 200
[13:54:14 INF] System.Net.Http.HttpClient.IStockApiClient.LogicalHandler Start processing HTTP request GET https://www.sec.gov/Archives/edgar/data/66740/000006674026000014/R60.htm
[13:54:14 INF] System.Net.Http.HttpClient.IStockApiClient.ClientHandler Sending HTTP request GET https://www.sec.gov/Archives/edgar/data/66740/000006674026000014/R60.htm
[13:54:14 INF] System.Net.Http.HttpClient.IStockApiClient.ClientHandler Received HTTP response headers after 33.2625ms - 200
[13:54:14 INF] System.Net.Http.HttpClient.IStockApiClient.LogicalHandler End processing HTTP request after 42.3722ms - 200
[13:54:14 INF] System.Net.Http.HttpClient.IStockApiClient.LogicalHandler Start processing HTTP request GET https://www.sec.gov/Archives/edgar/data/66740/000006674026000014/R63.htm
[13:54:14 INF] System.Net.Http.HttpClient.IStockApiClient.ClientHandler Sending HTTP request GET https://www.sec.gov/Archives/edgar/data/66740/000006674026000014/R63.htm
[13:54:14 INF] System.Net.Http.HttpClient.IStockApiClient.ClientHandler Received HTTP response headers after 27.1613ms - 200
[13:54:14 INF] System.Net.Http.HttpClient.IStockApiClient.LogicalHandler End processing HTTP request after 36.605ms - 200
[13:54:14 INF] System.Net.Http.HttpClient.IStockApiClient.LogicalHandler Start processing HTTP request GET https://www.sec.gov/Archives/edgar/data/66740/000006674026000014/R118.htm
[13:54:14 INF] System.Net.Http.HttpClient.IStockApiClient.ClientHandler Sending HTTP request GET https://www.sec.gov/Archives/edgar/data/66740/000006674026000014/R118.htm
[13:54:14 INF] System.Net.Http.HttpClient.IStockApiClient.ClientHandler Received HTTP response headers after 23.712ms - 200
[13:54:14 INF] System.Net.Http.HttpClient.IStockApiClient.LogicalHandler End processing HTTP request after 32.5043ms - 200
[13:54:14 INF] System.Net.Http.HttpClient.IStockApiClient.LogicalHandler Start processing HTTP request GET https://www.sec.gov/Archives/edgar/data/66740/000006674026000014/R129.htm
[13:54:14 INF] System.Net.Http.HttpClient.IStockApiClient.ClientHandler Sending HTTP request GET https://www.sec.gov/Archives/edgar/data/66740/000006674026000014/R129.htm
[13:54:14 INF] System.Net.Http.HttpClient.IStockApiClient.ClientHandler Received HTTP response headers after 25.1078ms - 200
[13:54:14 INF] System.Net.Http.HttpClient.IStockApiClient.LogicalHandler End processing HTTP request after 34.9357ms - 200
[13:54:14 INF] System.Net.Http.HttpClient.IStockApiClient.LogicalHandler Start processing HTTP request GET https://www.sec.gov/Archives/edgar/data/66740/000006674026000014/R130.htm
[13:54:14 INF] System.Net.Http.HttpClient.IStockApiClient.ClientHandler Sending HTTP request GET https://www.sec.gov/Archives/edgar/data/66740/000006674026000014/R130.htm
[13:54:14 INF] System.Net.Http.HttpClient.IStockApiClient.ClientHandler Received HTTP response headers after 24.2144ms - 200
[13:54:14 INF] System.Net.Http.HttpClient.IStockApiClient.LogicalHandler End processing HTTP request after 33.5423ms - 200
[13:54:14 INF] System.Net.Http.HttpClient.IStockApiClient.LogicalHandler Start processing HTTP request GET https://www.sec.gov/Archives/edgar/data/66740/000006674026000014/R131.htm
[13:54:14 INF] System.Net.Http.HttpClient.IStockApiClient.ClientHandler Sending HTTP request GET https://www.sec.gov/Archives/edgar/data/66740/000006674026000014/R131.htm
[13:54:14 INF] System.Net.Http.HttpClient.IStockApiClient.ClientHandler Received HTTP response headers after 26.9304ms - 200
[13:54:14 INF] System.Net.Http.HttpClient.IStockApiClient.LogicalHandler End processing HTTP request after 37.0396ms - 200
[13:54:14 INF] System.Net.Http.HttpClient.IDeepSeekClient.LogicalHandler Start processing HTTP request POST https://api.deepseek.com/chat/completions
[13:54:14 INF] System.Net.Http.HttpClient.IDeepSeekClient.ClientHandler Sending HTTP request POST https://api.deepseek.com/chat/completions
[13:54:14 INF] System.Net.Http.HttpClient.IDeepSeekClient.LogicalHandler Start processing HTTP request POST https://api.deepseek.com/chat/completions
[13:54:14 INF] System.Net.Http.HttpClient.IDeepSeekClient.ClientHandler Sending HTTP request POST https://api.deepseek.com/chat/completions
[13:54:14 INF] System.Net.Http.HttpClient.IDeepSeekClient.LogicalHandler Start processing HTTP request POST https://api.deepseek.com/chat/completions
[13:54:14 INF] System.Net.Http.HttpClient.IDeepSeekClient.ClientHandler Sending HTTP request POST https://api.deepseek.com/chat/completions
[13:54:14 INF] System.Net.Http.HttpClient.IDeepSeekClient.LogicalHandler Start processing HTTP request POST https://api.deepseek.com/chat/completions
[13:54:14 INF] System.Net.Http.HttpClient.IDeepSeekClient.ClientHandler Sending HTTP request POST https://api.deepseek.com/chat/completions
[13:54:14 INF] System.Net.Http.HttpClient.IDeepSeekClient.LogicalHandler Start processing HTTP request POST https://api.deepseek.com/chat/completions
[13:54:14 INF] System.Net.Http.HttpClient.IDeepSeekClient.ClientHandler Sending HTTP request POST https://api.deepseek.com/chat/completions
[13:54:14 INF] System.Net.Http.HttpClient.IDeepSeekClient.LogicalHandler Start processing HTTP request POST https://api.deepseek.com/chat/completions
[13:54:14 INF] System.Net.Http.HttpClient.IDeepSeekClient.ClientHandler Sending HTTP request POST https://api.deepseek.com/chat/completions
[13:54:15 INF] System.Net.Http.HttpClient.IDeepSeekClient.ClientHandler Received HTTP response headers after 287.861ms - 200
[13:54:15 INF] System.Net.Http.HttpClient.IDeepSeekClient.LogicalHandler End processing HTTP request after 297.3327ms - 200
[13:54:15 INF] System.Net.Http.HttpClient.IDeepSeekClient.ClientHandler Received HTTP response headers after 321.7026ms - 200
[13:54:15 INF] System.Net.Http.HttpClient.IDeepSeekClient.ClientHandler Received HTTP response headers after 315.8249ms - 200
[13:54:15 INF] System.Net.Http.HttpClient.IDeepSeekClient.LogicalHandler End processing HTTP request after 332.0309ms - 200
[13:54:15 INF] System.Net.Http.HttpClient.IDeepSeekClient.LogicalHandler End processing HTTP request after 327.9112ms - 200
[13:54:15 INF] System.Net.Http.HttpClient.IDeepSeekClient.ClientHandler Received HTTP response headers after 327.6661ms - 200
[13:54:15 INF] System.Net.Http.HttpClient.IDeepSeekClient.LogicalHandler End processing HTTP request after 337.411ms - 200
[13:54:15 INF] System.Net.Http.HttpClient.IDeepSeekClient.ClientHandler Received HTTP response headers after 332.1885ms - 200
[13:54:15 INF] System.Net.Http.HttpClient.IDeepSeekClient.LogicalHandler End processing HTTP request after 341.8942ms - 200
[13:54:15 INF] System.Net.Http.HttpClient.IDeepSeekClient.ClientHandler Received HTTP response headers after 341.3547ms - 200
[13:54:15 INF] System.Net.Http.HttpClient.IDeepSeekClient.LogicalHandler End processing HTTP request after 351.4131ms - 200
[13:54:16 INF] System.Net.Http.HttpClient.IDeepSeekClient.LogicalHandler Start processing HTTP request POST https://api.deepseek.com/chat/completions
[13:54:16 INF] System.Net.Http.HttpClient.IDeepSeekClient.ClientHandler Sending HTTP request POST https://api.deepseek.com/chat/completions
[13:54:16 INF] System.Net.Http.HttpClient.IDeepSeekClient.LogicalHandler Start processing HTTP request POST https://api.deepseek.com/chat/completions
[13:54:16 INF] System.Net.Http.HttpClient.IDeepSeekClient.ClientHandler Sending HTTP request POST https://api.deepseek.com/chat/completions
[13:54:16 INF] System.Net.Http.HttpClient.IDeepSeekClient.ClientHandler Received HTTP response headers after 284.9007ms - 200
[13:54:16 INF] System.Net.Http.HttpClient.IDeepSeekClient.LogicalHandler End processing HTTP request after 293.0173ms - 200
[13:54:17 INF] System.Net.Http.HttpClient.IDeepSeekClient.ClientHandler Received HTTP response headers after 294.6102ms - 200
[13:54:17 INF] System.Net.Http.HttpClient.IDeepSeekClient.LogicalHandler End processing HTTP request after 302.7324ms - 200
[13:54:18 INF] System.Net.Http.HttpClient.IDeepSeekClient.LogicalHandler Start processing HTTP request POST https://api.deepseek.com/chat/completions
[13:54:18 INF] System.Net.Http.HttpClient.IDeepSeekClient.ClientHandler Sending HTTP request POST https://api.deepseek.com/chat/completions
[13:54:19 INF] System.Net.Http.HttpClient.IDeepSeekClient.ClientHandler Received HTTP response headers after 285.1899ms - 200
[13:54:19 INF] System.Net.Http.HttpClient.IDeepSeekClient.LogicalHandler End processing HTTP request after 293.1097ms - 200
[13:54:20 INF] System.Net.Http.HttpClient.IDeepSeekClient.LogicalHandler Start processing HTTP request POST https://api.deepseek.com/chat/completions
[13:54:20 INF] System.Net.Http.HttpClient.IDeepSeekClient.ClientHandler Sending HTTP request POST https://api.deepseek.com/chat/completions
[13:54:20 INF] System.Net.Http.HttpClient.IDeepSeekClient.ClientHandler Received HTTP response headers after 318.5686ms - 200
[13:54:20 INF] System.Net.Http.HttpClient.IDeepSeekClient.LogicalHandler End processing HTTP request after 326.6048ms - 200
[13:54:22 INF] System.Net.Http.HttpClient.IDeepSeekClient.LogicalHandler Start processing HTTP request POST https://api.deepseek.com/chat/completions
[13:54:22 INF] System.Net.Http.HttpClient.IDeepSeekClient.ClientHandler Sending HTTP request POST https://api.deepseek.com/chat/completions
[13:54:22 INF] System.Net.Http.HttpClient.IDeepSeekClient.ClientHandler Received HTTP response headers after 298.8038ms - 200
[13:54:22 INF] System.Net.Http.HttpClient.IDeepSeekClient.LogicalHandler End processing HTTP request after 307.0188ms - 200
[13:54:23 INF] System.Net.Http.HttpClient.IDeepSeekClient.LogicalHandler Start processing HTTP request POST https://api.deepseek.com/chat/completions
[13:54:23 INF] System.Net.Http.HttpClient.IDeepSeekClient.ClientHandler Sending HTTP request POST https://api.deepseek.com/chat/completions
[13:54:24 INF] System.Net.Http.HttpClient.IDeepSeekClient.ClientHandler Received HTTP response headers after 296.9835ms - 200
[13:54:24 INF] System.Net.Http.HttpClient.IDeepSeekClient.LogicalHandler End processing HTTP request after 305.6855ms - 200
[13:54:27 INF] System.Net.Http.HttpClient.IDeepSeekClient.LogicalHandler Start processing HTTP request POST https://api.deepseek.com/chat/completions
[13:54:27 INF] System.Net.Http.HttpClient.IDeepSeekClient.ClientHandler Sending HTTP request POST https://api.deepseek.com/chat/completions
[13:54:27 INF] System.Net.Http.HttpClient.IDeepSeekClient.ClientHandler Received HTTP response headers after 296.788ms - 200
[13:54:27 INF] System.Net.Http.HttpClient.IDeepSeekClient.LogicalHandler End processing HTTP request after 305.0576ms - 200
[13:54:29 INF] System.Net.Http.HttpClient.IDeepSeekClient.LogicalHandler Start processing HTTP request POST https://api.deepseek.com/chat/completions
[13:54:29 INF] System.Net.Http.HttpClient.IDeepSeekClient.ClientHandler Sending HTTP request POST https://api.deepseek.com/chat/completions
[13:54:29 INF] System.Net.Http.HttpClient.IDeepSeekClient.ClientHandler Received HTTP response headers after 371.0558ms - 200
[13:54:29 INF] System.Net.Http.HttpClient.IDeepSeekClient.LogicalHandler End processing HTTP request after 379.0516ms - 200
[13:54:37 INF] System.Net.Http.HttpClient.IDeepSeekClient.LogicalHandler Start processing HTTP request POST https://api.deepseek.com/chat/completions
[13:54:37 INF] System.Net.Http.HttpClient.IDeepSeekClient.ClientHandler Sending HTTP request POST https://api.deepseek.com/chat/completions
[13:54:37 INF] System.Net.Http.HttpClient.IDeepSeekClient.ClientHandler Received HTTP response headers after 286.5132ms - 200
[13:54:37 INF] System.Net.Http.HttpClient.IDeepSeekClient.LogicalHandler End processing HTTP request after 294.0428ms - 200
[13:54:39 INF] System.Net.Http.HttpClient.IDeepSeekClient.LogicalHandler Start processing HTTP request POST https://api.deepseek.com/chat/completions
[13:54:39 INF] System.Net.Http.HttpClient.IDeepSeekClient.ClientHandler Sending HTTP request POST https://api.deepseek.com/chat/completions
[13:54:40 INF] System.Net.Http.HttpClient.IDeepSeekClient.ClientHandler Received HTTP response headers after 292.7343ms - 200
[13:54:40 INF] System.Net.Http.HttpClient.IDeepSeekClient.LogicalHandler End processing HTTP request after 300.7954ms - 200
[13:54:42 INF] System.Net.Http.HttpClient.IDeepSeekClient.LogicalHandler Start processing HTTP request POST https://api.deepseek.com/chat/completions
[13:54:42 INF] System.Net.Http.HttpClient.IDeepSeekClient.ClientHandler Sending HTTP request POST https://api.deepseek.com/chat/completions
[13:54:42 INF] System.Net.Http.HttpClient.IDeepSeekClient.ClientHandler Received HTTP response headers after 369.0203ms - 200
[13:54:42 INF] System.Net.Http.HttpClient.IDeepSeekClient.LogicalHandler End processing HTTP request after 377.3898ms - 200
[13:54:42 INF] System.Net.Http.HttpClient.IDeepSeekClient.LogicalHandler Start processing HTTP request POST https://api.deepseek.com/chat/completions
[13:54:42 INF] System.Net.Http.HttpClient.IDeepSeekClient.ClientHandler Sending HTTP request POST https://api.deepseek.com/chat/completions
[13:54:42 INF] System.Net.Http.HttpClient.IDeepSeekClient.ClientHandler Received HTTP response headers after 284.0014ms - 200
[13:54:42 INF] System.Net.Http.HttpClient.IDeepSeekClient.LogicalHandler End processing HTTP request after 291.8526ms - 200
[13:55:17 INF] System.Net.Http.HttpClient.IStockApiClient.LogicalHandler Start processing HTTP request GET https://data.sec.gov/api/xbrl/companyfacts/CIK0000066740.json
[13:55:17 INF] System.Net.Http.HttpClient.IStockApiClient.ClientHandler Sending HTTP request GET https://data.sec.gov/api/xbrl/companyfacts/CIK0000066740.json
[13:55:17 INF] System.Net.Http.HttpClient.IStockApiClient.ClientHandler Received HTTP response headers after 457.8482ms - 200
[13:55:17 INF] System.Net.Http.HttpClient.IStockApiClient.LogicalHandler End processing HTTP request after 467.3378ms - 200
[13:55:18 INF] System.Net.Http.HttpClient.IStockApiClient.LogicalHandler Start processing HTTP request GET https://data.sec.gov/submissions/CIK0000066740.json
[13:55:18 INF] System.Net.Http.HttpClient.IStockApiClient.ClientHandler Sending HTTP request GET https://data.sec.gov/submissions/CIK0000066740.json
[13:55:18 INF] System.Net.Http.HttpClient.IStockApiClient.ClientHandler Received HTTP response headers after 137.1029ms - 200
[13:55:18 INF] System.Net.Http.HttpClient.IStockApiClient.LogicalHandler End processing HTTP request after 146.6829ms - 200
[13:55:18 INF] System.Net.Http.HttpClient.IStockApiClient.LogicalHandler Start processing HTTP request GET https://www.sec.gov/Archives/edgar/data/66740/000006674026000014/index.json
[13:55:18 INF] System.Net.Http.HttpClient.IStockApiClient.ClientHandler Sending HTTP request GET https://www.sec.gov/Archives/edgar/data/66740/000006674026000014/index.json
[13:55:18 INF] System.Net.Http.HttpClient.IStockApiClient.ClientHandler Received HTTP response headers after 28.6579ms - 200
[13:55:18 INF] System.Net.Http.HttpClient.IStockApiClient.LogicalHandler End processing HTTP request after 41.7753ms - 200
[13:55:18 INF] System.Net.Http.HttpClient.IStockApiClient.LogicalHandler Start processing HTTP request GET https://www.sec.gov/Archives/edgar/data/66740/000006674026000014/mmm-20251231_htm.xml
[13:55:18 INF] System.Net.Http.HttpClient.IStockApiClient.ClientHandler Sending HTTP request GET https://www.sec.gov/Archives/edgar/data/66740/000006674026000014/mmm-20251231_htm.xml
[13:55:18 INF] System.Net.Http.HttpClient.IStockApiClient.ClientHandler Received HTTP response headers after 35.6917ms - 200
[13:55:18 INF] System.Net.Http.HttpClient.IStockApiClient.LogicalHandler End processing HTTP request after 45.5267ms - 200
[13:55:19 INF] System.Net.Http.HttpClient.IDeepSeekClient.LogicalHandler Start processing HTTP request POST https://api.deepseek.com/chat/completions
[13:55:19 INF] System.Net.Http.HttpClient.IDeepSeekClient.ClientHandler Sending HTTP request POST https://api.deepseek.com/chat/completions
[13:55:19 INF] System.Net.Http.HttpClient.IDeepSeekClient.ClientHandler Received HTTP response headers after 331.8334ms - 200
[13:55:19 INF] System.Net.Http.HttpClient.IDeepSeekClient.LogicalHandler End processing HTTP request after 341.58ms - 200
[13:57:57 INF] System.Net.Http.HttpClient.IStockApiClient.LogicalHandler Start processing HTTP request GET https://data.sec.gov/submissions/CIK0000002488.json
[13:57:57 INF] System.Net.Http.HttpClient.IStockApiClient.ClientHandler Sending HTTP request GET https://data.sec.gov/submissions/CIK0000002488.json
[13:57:58 INF] System.Net.Http.HttpClient.IStockApiClient.ClientHandler Received HTTP response headers after 229.0356ms - 200
[13:57:58 INF] System.Net.Http.HttpClient.IStockApiClient.LogicalHandler End processing HTTP request after 237.6891ms - 200
[13:58:06 INF] System.Net.Http.HttpClient.IStockApiClient.LogicalHandler Start processing HTTP request GET https://www.sec.gov/Archives/edgar/data/2488/000000248826000018/amd-20251227.htm
[13:58:06 INF] System.Net.Http.HttpClient.IStockApiClient.ClientHandler Sending HTTP request GET https://www.sec.gov/Archives/edgar/data/2488/000000248826000018/amd-20251227.htm
[13:58:06 INF] System.Net.Http.HttpClient.IStockApiClient.ClientHandler Received HTTP response headers after 126.8355ms - 200
[13:58:06 INF] System.Net.Http.HttpClient.IStockApiClient.LogicalHandler End processing HTTP request after 135.0206ms - 200
[13:58:06 INF] System.Net.Http.HttpClient.IDeepSeekClient.LogicalHandler Start processing HTTP request POST https://api.deepseek.com/chat/completions
[13:58:06 INF] System.Net.Http.HttpClient.IDeepSeekClient.ClientHandler Sending HTTP request POST https://api.deepseek.com/chat/completions
[13:58:06 INF] System.Net.Http.HttpClient.IDeepSeekClient.ClientHandler Received HTTP response headers after 372.8453ms - 200
[13:58:06 INF] System.Net.Http.HttpClient.IDeepSeekClient.LogicalHandler End processing HTTP request after 382.1013ms - 200
[13:58:13 INF] System.Net.Http.HttpClient.IStockApiClient.LogicalHandler Start processing HTTP request GET https://www.sec.gov/Archives/edgar/data/2488/000000248826000018/FilingSummary.xml
[13:58:13 INF] System.Net.Http.HttpClient.IStockApiClient.ClientHandler Sending HTTP request GET https://www.sec.gov/Archives/edgar/data/2488/000000248826000018/FilingSummary.xml
[13:58:13 INF] System.Net.Http.HttpClient.IStockApiClient.ClientHandler Received HTTP response headers after 28.7197ms - 200
[13:58:13 INF] System.Net.Http.HttpClient.IStockApiClient.LogicalHandler End processing HTTP request after 37.9134ms - 200
[13:58:13 INF] System.Net.Http.HttpClient.IStockApiClient.LogicalHandler Start processing HTTP request GET https://www.sec.gov/Archives/edgar/data/2488/000000248826000018/R3.htm
[13:58:13 INF] System.Net.Http.HttpClient.IStockApiClient.ClientHandler Sending HTTP request GET https://www.sec.gov/Archives/edgar/data/2488/000000248826000018/R3.htm
[13:58:14 INF] System.Net.Http.HttpClient.IStockApiClient.ClientHandler Received HTTP response headers after 26.8283ms - 200
[13:58:14 INF] System.Net.Http.HttpClient.IStockApiClient.LogicalHandler End processing HTTP request after 36.1093ms - 200
[13:58:14 INF] System.Net.Http.HttpClient.IStockApiClient.LogicalHandler Start processing HTTP request GET https://www.sec.gov/Archives/edgar/data/2488/000000248826000018/R52.htm
[13:58:14 INF] System.Net.Http.HttpClient.IStockApiClient.ClientHandler Sending HTTP request GET https://www.sec.gov/Archives/edgar/data/2488/000000248826000018/R52.htm
[13:58:14 INF] System.Net.Http.HttpClient.IStockApiClient.ClientHandler Received HTTP response headers after 25.7026ms - 200
[13:58:14 INF] System.Net.Http.HttpClient.IStockApiClient.LogicalHandler End processing HTTP request after 35.3238ms - 200
[13:58:14 INF] System.Net.Http.HttpClient.IStockApiClient.LogicalHandler Start processing HTTP request GET https://www.sec.gov/Archives/edgar/data/2488/000000248826000018/R53.htm
[13:58:14 INF] System.Net.Http.HttpClient.IStockApiClient.ClientHandler Sending HTTP request GET https://www.sec.gov/Archives/edgar/data/2488/000000248826000018/R53.htm
[13:58:14 INF] System.Net.Http.HttpClient.IStockApiClient.ClientHandler Received HTTP response headers after 26.3558ms - 200
[13:58:14 INF] System.Net.Http.HttpClient.IStockApiClient.LogicalHandler End processing HTTP request after 35.357ms - 200
[13:58:14 INF] System.Net.Http.HttpClient.IStockApiClient.LogicalHandler Start processing HTTP request GET https://www.sec.gov/Archives/edgar/data/2488/000000248826000018/R54.htm
[13:58:14 INF] System.Net.Http.HttpClient.IStockApiClient.ClientHandler Sending HTTP request GET https://www.sec.gov/Archives/edgar/data/2488/000000248826000018/R54.htm
[13:58:14 INF] System.Net.Http.HttpClient.IStockApiClient.ClientHandler Received HTTP response headers after 27.1283ms - 200
[13:58:14 INF] System.Net.Http.HttpClient.IStockApiClient.LogicalHandler End processing HTTP request after 35.3667ms - 200
[13:58:14 INF] System.Net.Http.HttpClient.IStockApiClient.LogicalHandler Start processing HTTP request GET https://www.sec.gov/Archives/edgar/data/2488/000000248826000018/R55.htm
[13:58:14 INF] System.Net.Http.HttpClient.IStockApiClient.ClientHandler Sending HTTP request GET https://www.sec.gov/Archives/edgar/data/2488/000000248826000018/R55.htm
[13:58:14 INF] System.Net.Http.HttpClient.IStockApiClient.ClientHandler Received HTTP response headers after 24.3503ms - 200
[13:58:14 INF] System.Net.Http.HttpClient.IStockApiClient.LogicalHandler End processing HTTP request after 33.0037ms - 200
[13:58:14 INF] System.Net.Http.HttpClient.IStockApiClient.LogicalHandler Start processing HTTP request GET https://www.sec.gov/Archives/edgar/data/2488/000000248826000018/R56.htm
[13:58:14 INF] System.Net.Http.HttpClient.IStockApiClient.ClientHandler Sending HTTP request GET https://www.sec.gov/Archives/edgar/data/2488/000000248826000018/R56.htm
[13:58:14 INF] System.Net.Http.HttpClient.IStockApiClient.ClientHandler Received HTTP response headers after 49.8887ms - 200
[13:58:14 INF] System.Net.Http.HttpClient.IStockApiClient.LogicalHandler End processing HTTP request after 58.668ms - 200
[13:58:14 INF] System.Net.Http.HttpClient.IStockApiClient.LogicalHandler Start processing HTTP request GET https://www.sec.gov/Archives/edgar/data/2488/000000248826000018/R74.htm
[13:58:14 INF] System.Net.Http.HttpClient.IStockApiClient.ClientHandler Sending HTTP request GET https://www.sec.gov/Archives/edgar/data/2488/000000248826000018/R74.htm
[13:58:14 INF] System.Net.Http.HttpClient.IStockApiClient.ClientHandler Received HTTP response headers after 24.2254ms - 200
[13:58:14 INF] System.Net.Http.HttpClient.IStockApiClient.LogicalHandler End processing HTTP request after 32.9449ms - 200
[13:58:14 INF] System.Net.Http.HttpClient.IDeepSeekClient.LogicalHandler Start processing HTTP request POST https://api.deepseek.com/chat/completions
[13:58:14 INF] System.Net.Http.HttpClient.IDeepSeekClient.ClientHandler Sending HTTP request POST https://api.deepseek.com/chat/completions
[13:58:14 INF] System.Net.Http.HttpClient.IDeepSeekClient.LogicalHandler Start processing HTTP request POST https://api.deepseek.com/chat/completions
[13:58:14 INF] System.Net.Http.HttpClient.IDeepSeekClient.ClientHandler Sending HTTP request POST https://api.deepseek.com/chat/completions
[13:58:14 INF] System.Net.Http.HttpClient.IDeepSeekClient.LogicalHandler Start processing HTTP request POST https://api.deepseek.com/chat/completions
[13:58:14 INF] System.Net.Http.HttpClient.IDeepSeekClient.ClientHandler Sending HTTP request POST https://api.deepseek.com/chat/completions
[13:58:14 INF] System.Net.Http.HttpClient.IDeepSeekClient.LogicalHandler Start processing HTTP request POST https://api.deepseek.com/chat/completions
[13:58:14 INF] System.Net.Http.HttpClient.IDeepSeekClient.ClientHandler Sending HTTP request POST https://api.deepseek.com/chat/completions
[13:58:14 INF] System.Net.Http.HttpClient.IDeepSeekClient.LogicalHandler Start processing HTTP request POST https://api.deepseek.com/chat/completions
[13:58:14 INF] System.Net.Http.HttpClient.IDeepSeekClient.ClientHandler Sending HTTP request POST https://api.deepseek.com/chat/completions
[13:58:14 INF] System.Net.Http.HttpClient.IDeepSeekClient.LogicalHandler Start processing HTTP request POST https://api.deepseek.com/chat/completions
[13:58:14 INF] System.Net.Http.HttpClient.IDeepSeekClient.ClientHandler Sending HTTP request POST https://api.deepseek.com/chat/completions
[13:58:14 INF] System.Net.Http.HttpClient.IDeepSeekClient.ClientHandler Received HTTP response headers after 318.9897ms - 200
[13:58:14 INF] System.Net.Http.HttpClient.IDeepSeekClient.LogicalHandler End processing HTTP request after 329.5726ms - 200
[13:58:14 INF] System.Net.Http.HttpClient.IDeepSeekClient.ClientHandler Received HTTP response headers after 323.199ms - 200
[13:58:14 INF] System.Net.Http.HttpClient.IDeepSeekClient.ClientHandler Received HTTP response headers after 338.4977ms - 200
[13:58:14 INF] System.Net.Http.HttpClient.IDeepSeekClient.ClientHandler Received HTTP response headers after 331.5162ms - 200
[13:58:14 INF] System.Net.Http.HttpClient.IDeepSeekClient.LogicalHandler End processing HTTP request after 333.4753ms - 200
[13:58:14 INF] System.Net.Http.HttpClient.IDeepSeekClient.LogicalHandler End processing HTTP request after 351.0409ms - 200
[13:58:14 INF] System.Net.Http.HttpClient.IDeepSeekClient.LogicalHandler End processing HTTP request after 346.2044ms - 200
[13:58:14 INF] System.Net.Http.HttpClient.IDeepSeekClient.ClientHandler Received HTTP response headers after 325.4085ms - 200
[13:58:14 INF] System.Net.Http.HttpClient.IDeepSeekClient.LogicalHandler End processing HTTP request after 342.7018ms - 200
[13:58:14 INF] System.Net.Http.HttpClient.IDeepSeekClient.ClientHandler Received HTTP response headers after 322.1174ms - 200
[13:58:14 INF] System.Net.Http.HttpClient.IDeepSeekClient.LogicalHandler End processing HTTP request after 341.2691ms - 200
[13:58:17 INF] System.Net.Http.HttpClient.IDeepSeekClient.LogicalHandler Start processing HTTP request POST https://api.deepseek.com/chat/completions
[13:58:17 INF] System.Net.Http.HttpClient.IDeepSeekClient.ClientHandler Sending HTTP request POST https://api.deepseek.com/chat/completions
[13:58:17 INF] System.Net.Http.HttpClient.IDeepSeekClient.ClientHandler Received HTTP response headers after 309.2766ms - 200
[13:58:17 INF] System.Net.Http.HttpClient.IDeepSeekClient.LogicalHandler End processing HTTP request after 315.4433ms - 200
[13:58:19 INF] System.Net.Http.HttpClient.IDeepSeekClient.LogicalHandler Start processing HTTP request POST https://api.deepseek.com/chat/completions
[13:58:19 INF] System.Net.Http.HttpClient.IDeepSeekClient.ClientHandler Sending HTTP request POST https://api.deepseek.com/chat/completions
[13:58:20 INF] System.Net.Http.HttpClient.IDeepSeekClient.ClientHandler Received HTTP response headers after 285.155ms - 200
[13:58:20 INF] System.Net.Http.HttpClient.IDeepSeekClient.LogicalHandler End processing HTTP request after 293.0351ms - 200
[13:58:21 INF] System.Net.Http.HttpClient.IStockApiClient.LogicalHandler Start processing HTTP request GET https://www.sec.gov/Archives/edgar/data/2488/000000248826000018/amd-20251227.htm
[13:58:21 INF] System.Net.Http.HttpClient.IStockApiClient.ClientHandler Sending HTTP request GET https://www.sec.gov/Archives/edgar/data/2488/000000248826000018/amd-20251227.htm
[13:58:21 INF] System.Net.Http.HttpClient.IStockApiClient.ClientHandler Received HTTP response headers after 26.9071ms - 200
[13:58:21 INF] System.Net.Http.HttpClient.IStockApiClient.LogicalHandler End processing HTTP request after 35.1252ms - 200
[13:58:22 INF] System.Net.Http.HttpClient.IDeepSeekClient.LogicalHandler Start processing HTTP request POST https://api.deepseek.com/chat/completions
[13:58:22 INF] System.Net.Http.HttpClient.IDeepSeekClient.ClientHandler Sending HTTP request POST https://api.deepseek.com/chat/completions
[13:58:23 INF] System.Net.Http.HttpClient.IDeepSeekClient.ClientHandler Received HTTP response headers after 298.6465ms - 200
[13:58:23 INF] System.Net.Http.HttpClient.IDeepSeekClient.LogicalHandler End processing HTTP request after 306.7332ms - 200
[13:58:25 INF] System.Net.Http.HttpClient.IDeepSeekClient.LogicalHandler Start processing HTTP request POST https://api.deepseek.com/chat/completions
[13:58:25 INF] System.Net.Http.HttpClient.IDeepSeekClient.ClientHandler Sending HTTP request POST https://api.deepseek.com/chat/completions
[13:58:25 INF] System.Net.Http.HttpClient.IDeepSeekClient.ClientHandler Received HTTP response headers after 291.5854ms - 200
[13:58:25 INF] System.Net.Http.HttpClient.IDeepSeekClient.LogicalHandler End processing HTTP request after 299.3809ms - 200
[13:58:25 INF] System.Net.Http.HttpClient.IDeepSeekClient.LogicalHandler Start processing HTTP request POST https://api.deepseek.com/chat/completions
[13:58:25 INF] System.Net.Http.HttpClient.IDeepSeekClient.ClientHandler Sending HTTP request POST https://api.deepseek.com/chat/completions
[13:58:26 INF] System.Net.Http.HttpClient.IDeepSeekClient.ClientHandler Received HTTP response headers after 324.2007ms - 200
[13:58:26 INF] System.Net.Http.HttpClient.IDeepSeekClient.LogicalHandler End processing HTTP request after 331.8692ms - 200
[13:58:28 INF] System.Net.Http.HttpClient.IDeepSeekClient.LogicalHandler Start processing HTTP request POST https://api.deepseek.com/chat/completions
[13:58:28 INF] System.Net.Http.HttpClient.IDeepSeekClient.ClientHandler Sending HTTP request POST https://api.deepseek.com/chat/completions
[13:58:28 INF] System.Net.Http.HttpClient.IDeepSeekClient.ClientHandler Received HTTP response headers after 286.2406ms - 200
[13:58:28 INF] System.Net.Http.HttpClient.IDeepSeekClient.LogicalHandler End processing HTTP request after 294.7395ms - 200
[13:58:29 INF] System.Net.Http.HttpClient.IDeepSeekClient.LogicalHandler Start processing HTTP request POST https://api.deepseek.com/chat/completions
[13:58:29 INF] System.Net.Http.HttpClient.IDeepSeekClient.ClientHandler Sending HTTP request POST https://api.deepseek.com/chat/completions
[13:58:29 INF] System.Net.Http.HttpClient.IDeepSeekClient.ClientHandler Received HTTP response headers after 293.5544ms - 200
[13:58:29 INF] System.Net.Http.HttpClient.IDeepSeekClient.LogicalHandler End processing HTTP request after 301.4536ms - 200
[13:59:06 INF] System.Net.Http.HttpClient.IStockApiClient.LogicalHandler Start processing HTTP request GET https://data.sec.gov/api/xbrl/companyfacts/CIK0000002488.json
[13:59:06 INF] System.Net.Http.HttpClient.IStockApiClient.ClientHandler Sending HTTP request GET https://data.sec.gov/api/xbrl/companyfacts/CIK0000002488.json
[13:59:06 INF] System.Net.Http.HttpClient.IStockApiClient.ClientHandler Received HTTP response headers after 135.5267ms - 200
[13:59:06 INF] System.Net.Http.HttpClient.IStockApiClient.LogicalHandler End processing HTTP request after 144.724ms - 200
[13:59:06 INF] System.Net.Http.HttpClient.IStockApiClient.LogicalHandler Start processing HTTP request GET https://data.sec.gov/submissions/CIK0000002488.json
[13:59:06 INF] System.Net.Http.HttpClient.IStockApiClient.ClientHandler Sending HTTP request GET https://data.sec.gov/submissions/CIK0000002488.json
[13:59:06 INF] System.Net.Http.HttpClient.IStockApiClient.ClientHandler Received HTTP response headers after 20.2462ms - 200
[13:59:06 INF] System.Net.Http.HttpClient.IStockApiClient.LogicalHandler End processing HTTP request after 29.2766ms - 200
[13:59:06 INF] System.Net.Http.HttpClient.IStockApiClient.LogicalHandler Start processing HTTP request GET https://www.sec.gov/Archives/edgar/data/2488/000000248826000018/index.json
[13:59:06 INF] System.Net.Http.HttpClient.IStockApiClient.ClientHandler Sending HTTP request GET https://www.sec.gov/Archives/edgar/data/2488/000000248826000018/index.json
[13:59:07 INF] System.Net.Http.HttpClient.IStockApiClient.ClientHandler Received HTTP response headers after 26.1302ms - 200
[13:59:07 INF] System.Net.Http.HttpClient.IStockApiClient.LogicalHandler End processing HTTP request after 35.3248ms - 200
[13:59:07 INF] System.Net.Http.HttpClient.IStockApiClient.LogicalHandler Start processing HTTP request GET https://www.sec.gov/Archives/edgar/data/2488/000000248826000018/amd-20251227_htm.xml
[13:59:07 INF] System.Net.Http.HttpClient.IStockApiClient.ClientHandler Sending HTTP request GET https://www.sec.gov/Archives/edgar/data/2488/000000248826000018/amd-20251227_htm.xml
[13:59:07 INF] System.Net.Http.HttpClient.IStockApiClient.ClientHandler Received HTTP response headers after 26.9005ms - 200
[13:59:07 INF] System.Net.Http.HttpClient.IStockApiClient.LogicalHandler End processing HTTP request after 35.9437ms - 200
[13:59:07 INF] System.Net.Http.HttpClient.IDeepSeekClient.LogicalHandler Start processing HTTP request POST https://api.deepseek.com/chat/completions
[13:59:07 INF] System.Net.Http.HttpClient.IDeepSeekClient.ClientHandler Sending HTTP request POST https://api.deepseek.com/chat/completions
[13:59:07 INF] System.Net.Http.HttpClient.IDeepSeekClient.ClientHandler Received HTTP response headers after 317.7669ms - 200
[13:59:07 INF] System.Net.Http.HttpClient.IDeepSeekClient.LogicalHandler End processing HTTP request after 326.1467ms - 200
[13:59:34 INF] System.Net.Http.HttpClient.IStockApiClient.LogicalHandler Start processing HTTP request GET https://data.sec.gov/submissions/CIK0000002488.json
[13:59:35 INF] System.Net.Http.HttpClient.IStockApiClient.ClientHandler Sending HTTP request GET https://data.sec.gov/submissions/CIK0000002488.json
[13:59:35 INF] System.Net.Http.HttpClient.IStockApiClient.ClientHandler Received HTTP response headers after 158.0069ms - 200
[13:59:35 INF] System.Net.Http.HttpClient.IStockApiClient.LogicalHandler End processing HTTP request after 166.4348ms - 200
[13:59:46 INF] System.Net.Http.HttpClient.IStockApiClient.LogicalHandler Start processing HTTP request GET https://data.sec.gov/submissions/CIK0000002488.json
[13:59:46 INF] System.Net.Http.HttpClient.IStockApiClient.ClientHandler Sending HTTP request GET https://data.sec.gov/submissions/CIK0000002488.json
[13:59:46 INF] System.Net.Http.HttpClient.IStockApiClient.ClientHandler Received HTTP response headers after 22.1979ms - 200
[13:59:46 INF] System.Net.Http.HttpClient.IStockApiClient.LogicalHandler End processing HTTP request after 30.9554ms - 200
[13:59:51 INF] System.Net.Http.HttpClient.IDeepSeekClient.LogicalHandler Start processing HTTP request POST https://api.deepseek.com/chat/completions
[13:59:51 INF] System.Net.Http.HttpClient.IDeepSeekClient.ClientHandler Sending HTTP request POST https://api.deepseek.com/chat/completions
[13:59:51 INF] System.Net.Http.HttpClient.IDeepSeekClient.ClientHandler Received HTTP response headers after 327.5545ms - 200
[13:59:51 INF] System.Net.Http.HttpClient.IDeepSeekClient.LogicalHandler End processing HTTP request after 336.0643ms - 200
[13:59:54 INF] System.Net.Http.HttpClient.IStockApiClient.LogicalHandler Start processing HTTP request GET https://www.sec.gov/Archives/edgar/data/2488/000000248826000018/amd-20251227.htm
[13:59:54 INF] System.Net.Http.HttpClient.IStockApiClient.ClientHandler Sending HTTP request GET https://www.sec.gov/Archives/edgar/data/2488/000000248826000018/amd-20251227.htm
[13:59:54 INF] System.Net.Http.HttpClient.IStockApiClient.ClientHandler Received HTTP response headers after 151.3632ms - 200
[13:59:54 INF] System.Net.Http.HttpClient.IStockApiClient.LogicalHandler End processing HTTP request after 159.2463ms - 200
[13:59:57 INF] System.Net.Http.HttpClient.IDeepSeekClient.LogicalHandler Start processing HTTP request POST https://api.deepseek.com/chat/completions
[13:59:57 INF] System.Net.Http.HttpClient.IDeepSeekClient.ClientHandler Sending HTTP request POST https://api.deepseek.com/chat/completions
[13:59:57 INF] System.Net.Http.HttpClient.IDeepSeekClient.LogicalHandler Start processing HTTP request POST https://api.deepseek.com/chat/completions
[13:59:57 INF] System.Net.Http.HttpClient.IDeepSeekClient.ClientHandler Sending HTTP request POST https://api.deepseek.com/chat/completions
[13:59:57 INF] System.Net.Http.HttpClient.IDeepSeekClient.LogicalHandler Start processing HTTP request POST https://api.deepseek.com/chat/completions
[13:59:57 INF] System.Net.Http.HttpClient.IDeepSeekClient.ClientHandler Sending HTTP request POST https://api.deepseek.com/chat/completions
[13:59:57 INF] System.Net.Http.HttpClient.IDeepSeekClient.LogicalHandler Start processing HTTP request POST https://api.deepseek.com/chat/completions
[13:59:57 INF] System.Net.Http.HttpClient.IDeepSeekClient.ClientHandler Sending HTTP request POST https://api.deepseek.com/chat/completions
[13:59:57 INF] System.Net.Http.HttpClient.IDeepSeekClient.LogicalHandler Start processing HTTP request POST https://api.deepseek.com/chat/completions
[13:59:57 INF] System.Net.Http.HttpClient.IDeepSeekClient.ClientHandler Sending HTTP request POST https://api.deepseek.com/chat/completions
[13:59:57 INF] System.Net.Http.HttpClient.IDeepSeekClient.LogicalHandler Start processing HTTP request POST https://api.deepseek.com/chat/completions
[13:59:57 INF] System.Net.Http.HttpClient.IDeepSeekClient.ClientHandler Sending HTTP request POST https://api.deepseek.com/chat/completions
[13:59:57 INF] System.Net.Http.HttpClient.IDeepSeekClient.ClientHandler Received HTTP response headers after 298.7888ms - 200
[13:59:57 INF] System.Net.Http.HttpClient.IDeepSeekClient.LogicalHandler End processing HTTP request after 307.6869ms - 200
[13:59:57 INF] System.Net.Http.HttpClient.IDeepSeekClient.ClientHandler Received HTTP response headers after 318.9721ms - 200
[13:59:57 INF] System.Net.Http.HttpClient.IDeepSeekClient.ClientHandler Received HTTP response headers after 345.2757ms - 200
[13:59:57 INF] System.Net.Http.HttpClient.IDeepSeekClient.LogicalHandler End processing HTTP request after 327.7492ms - 200
[13:59:57 INF] System.Net.Http.HttpClient.IDeepSeekClient.LogicalHandler End processing HTTP request after 353.4724ms - 200
[13:59:57 INF] System.Net.Http.HttpClient.IDeepSeekClient.ClientHandler Received HTTP response headers after 342.8847ms - 200
[13:59:57 INF] System.Net.Http.HttpClient.IDeepSeekClient.LogicalHandler End processing HTTP request after 356.261ms - 200
[13:59:57 INF] System.Net.Http.HttpClient.IDeepSeekClient.ClientHandler Received HTTP response headers after 343.9461ms - 200
[13:59:57 INF] System.Net.Http.HttpClient.IDeepSeekClient.LogicalHandler End processing HTTP request after 352.6353ms - 200
[13:59:57 INF] System.Net.Http.HttpClient.IDeepSeekClient.ClientHandler Received HTTP response headers after 403.5699ms - 200
[13:59:57 INF] System.Net.Http.HttpClient.IDeepSeekClient.LogicalHandler End processing HTTP request after 412.6479ms - 200
[14:00:27 INF] System.Net.Http.HttpClient.IDeepSeekClient.LogicalHandler Start processing HTTP request POST https://api.deepseek.com/chat/completions
[14:00:27 INF] System.Net.Http.HttpClient.IDeepSeekClient.ClientHandler Sending HTTP request POST https://api.deepseek.com/chat/completions
[14:00:27 INF] System.Net.Http.HttpClient.IDeepSeekClient.ClientHandler Received HTTP response headers after 334.434ms - 200
[14:00:27 INF] System.Net.Http.HttpClient.IDeepSeekClient.LogicalHandler End processing HTTP request after 341.7053ms - 200
[14:00:28 INF] System.Net.Http.HttpClient.IDeepSeekClient.LogicalHandler Start processing HTTP request POST https://api.deepseek.com/chat/completions
[14:00:28 INF] System.Net.Http.HttpClient.IDeepSeekClient.ClientHandler Sending HTTP request POST https://api.deepseek.com/chat/completions
[14:00:28 INF] System.Net.Http.HttpClient.IDeepSeekClient.ClientHandler Received HTTP response headers after 376.2709ms - 200
[14:00:28 INF] System.Net.Http.HttpClient.IDeepSeekClient.LogicalHandler End processing HTTP request after 384.2594ms - 200
[14:00:29 INF] System.Net.Http.HttpClient.IDeepSeekClient.LogicalHandler Start processing HTTP request POST https://api.deepseek.com/chat/completions
[14:00:29 INF] System.Net.Http.HttpClient.IDeepSeekClient.ClientHandler Sending HTTP request POST https://api.deepseek.com/chat/completions
[14:00:29 INF] System.Net.Http.HttpClient.IDeepSeekClient.LogicalHandler Start processing HTTP request POST https://api.deepseek.com/chat/completions
[14:00:29 INF] System.Net.Http.HttpClient.IDeepSeekClient.ClientHandler Sending HTTP request POST https://api.deepseek.com/chat/completions
[14:00:29 INF] System.Net.Http.HttpClient.IDeepSeekClient.ClientHandler Received HTTP response headers after 334.4238ms - 200
[14:00:29 INF] System.Net.Http.HttpClient.IDeepSeekClient.LogicalHandler End processing HTTP request after 342.4431ms - 200
[14:00:29 INF] System.Net.Http.HttpClient.IDeepSeekClient.ClientHandler Received HTTP response headers after 358.7535ms - 200
[14:00:29 INF] System.Net.Http.HttpClient.IDeepSeekClient.LogicalHandler End processing HTTP request after 367.403ms - 200
[14:00:33 INF] System.Net.Http.HttpClient.IDeepSeekClient.LogicalHandler Start processing HTTP request POST https://api.deepseek.com/chat/completions
[14:00:33 INF] System.Net.Http.HttpClient.IDeepSeekClient.ClientHandler Sending HTTP request POST https://api.deepseek.com/chat/completions
[14:00:33 INF] System.Net.Http.HttpClient.IDeepSeekClient.ClientHandler Received HTTP response headers after 450.1471ms - 200
[14:00:33 INF] System.Net.Http.HttpClient.IDeepSeekClient.LogicalHandler End processing HTTP request after 457.6813ms - 200
[14:00:34 INF] System.Net.Http.HttpClient.IDeepSeekClient.LogicalHandler Start processing HTTP request POST https://api.deepseek.com/chat/completions
[14:00:34 INF] System.Net.Http.HttpClient.IDeepSeekClient.ClientHandler Sending HTTP request POST https://api.deepseek.com/chat/completions
[14:00:35 INF] System.Net.Http.HttpClient.IDeepSeekClient.ClientHandler Received HTTP response headers after 282.6586ms - 200
[14:00:35 INF] System.Net.Http.HttpClient.IDeepSeekClient.LogicalHandler End processing HTTP request after 289.9224ms - 200
[14:00:45 INF] System.Net.Http.HttpClient.IDeepSeekClient.LogicalHandler Start processing HTTP request POST https://api.deepseek.com/chat/completions
[14:00:45 INF] System.Net.Http.HttpClient.IDeepSeekClient.ClientHandler Sending HTTP request POST https://api.deepseek.com/chat/completions
[14:00:45 INF] System.Net.Http.HttpClient.IDeepSeekClient.ClientHandler Received HTTP response headers after 283.5453ms - 200
[14:00:45 INF] System.Net.Http.HttpClient.IDeepSeekClient.LogicalHandler End processing HTTP request after 290.9847ms - 200
[14:00:49 INF] System.Net.Http.HttpClient.IDeepSeekClient.LogicalHandler Start processing HTTP request POST https://api.deepseek.com/chat/completions
[14:00:49 INF] System.Net.Http.HttpClient.IDeepSeekClient.ClientHandler Sending HTTP request POST https://api.deepseek.com/chat/completions
[14:00:49 INF] System.Net.Http.HttpClient.IDeepSeekClient.ClientHandler Received HTTP response headers after 291.102ms - 200
[14:00:49 INF] System.Net.Http.HttpClient.IDeepSeekClient.LogicalHandler End processing HTTP request after 299.3884ms - 200
[14:00:54 INF] System.Net.Http.HttpClient.IDeepSeekClient.LogicalHandler Start processing HTTP request POST https://api.deepseek.com/chat/completions
[14:00:54 INF] System.Net.Http.HttpClient.IDeepSeekClient.ClientHandler Sending HTTP request POST https://api.deepseek.com/chat/completions
[14:00:54 INF] System.Net.Http.HttpClient.IDeepSeekClient.ClientHandler Received HTTP response headers after 369.0855ms - 200
[14:00:54 INF] System.Net.Http.HttpClient.IDeepSeekClient.LogicalHandler End processing HTTP request after 377.012ms - 200
[14:00:56 INF] System.Net.Http.HttpClient.IDeepSeekClient.LogicalHandler Start processing HTTP request POST https://api.deepseek.com/chat/completions
[14:00:56 INF] System.Net.Http.HttpClient.IDeepSeekClient.ClientHandler Sending HTTP request POST https://api.deepseek.com/chat/completions
[14:00:56 INF] System.Net.Http.HttpClient.IDeepSeekClient.ClientHandler Received HTTP response headers after 283.8066ms - 200
[14:00:56 INF] System.Net.Http.HttpClient.IDeepSeekClient.LogicalHandler End processing HTTP request after 292.3596ms - 200
[14:00:59 INF] System.Net.Http.HttpClient.IDeepSeekClient.LogicalHandler Start processing HTTP request POST https://api.deepseek.com/chat/completions
[14:00:59 INF] System.Net.Http.HttpClient.IDeepSeekClient.ClientHandler Sending HTTP request POST https://api.deepseek.com/chat/completions
[14:01:00 INF] System.Net.Http.HttpClient.IDeepSeekClient.ClientHandler Received HTTP response headers after 319.1797ms - 200
[14:01:00 INF] System.Net.Http.HttpClient.IDeepSeekClient.LogicalHandler End processing HTTP request after 326.8353ms - 200
[14:01:01 INF] System.Net.Http.HttpClient.IDeepSeekClient.LogicalHandler Start processing HTTP request POST https://api.deepseek.com/chat/completions
[14:01:01 INF] System.Net.Http.HttpClient.IDeepSeekClient.ClientHandler Sending HTTP request POST https://api.deepseek.com/chat/completions
[14:01:01 INF] System.Net.Http.HttpClient.IDeepSeekClient.ClientHandler Received HTTP response headers after 289.1347ms - 200
[14:01:01 INF] System.Net.Http.HttpClient.IDeepSeekClient.LogicalHandler End processing HTTP request after 297.2637ms - 200
[14:01:03 INF] System.Net.Http.HttpClient.IDeepSeekClient.LogicalHandler Start processing HTTP request POST https://api.deepseek.com/chat/completions
[14:01:03 INF] System.Net.Http.HttpClient.IDeepSeekClient.ClientHandler Sending HTTP request POST https://api.deepseek.com/chat/completions
[14:01:03 INF] System.Net.Http.HttpClient.IDeepSeekClient.ClientHandler Received HTTP response headers after 279.3835ms - 200
[14:01:03 INF] System.Net.Http.HttpClient.IDeepSeekClient.LogicalHandler End processing HTTP request after 287.4455ms - 200
[14:01:16 INF] System.Net.Http.HttpClient.IDeepSeekClient.LogicalHandler Start processing HTTP request POST https://api.deepseek.com/chat/completions
[14:01:16 INF] System.Net.Http.HttpClient.IDeepSeekClient.ClientHandler Sending HTTP request POST https://api.deepseek.com/chat/completions
[14:01:17 INF] System.Net.Http.HttpClient.IDeepSeekClient.ClientHandler Received HTTP response headers after 290.6944ms - 200
[14:01:17 INF] System.Net.Http.HttpClient.IDeepSeekClient.LogicalHandler End processing HTTP request after 299.01ms - 200
[14:01:21 INF] System.Net.Http.HttpClient.IDeepSeekClient.LogicalHandler Start processing HTTP request POST https://api.deepseek.com/chat/completions
[14:01:21 INF] System.Net.Http.HttpClient.IDeepSeekClient.ClientHandler Sending HTTP request POST https://api.deepseek.com/chat/completions
[14:01:21 INF] System.Net.Http.HttpClient.IDeepSeekClient.ClientHandler Received HTTP response headers after 289.4288ms - 200
[14:01:21 INF] System.Net.Http.HttpClient.IDeepSeekClient.LogicalHandler End processing HTTP request after 297.3581ms - 200
[14:01:23 INF] System.Net.Http.HttpClient.IDeepSeekClient.LogicalHandler Start processing HTTP request POST https://api.deepseek.com/chat/completions
[14:01:23 INF] System.Net.Http.HttpClient.IDeepSeekClient.ClientHandler Sending HTTP request POST https://api.deepseek.com/chat/completions
[14:01:24 INF] System.Net.Http.HttpClient.IDeepSeekClient.ClientHandler Received HTTP response headers after 278.0814ms - 200
[14:01:24 INF] System.Net.Http.HttpClient.IDeepSeekClient.LogicalHandler End processing HTTP request after 285.7192ms - 200
[14:01:32 INF] System.Net.Http.HttpClient.IDeepSeekClient.LogicalHandler Start processing HTTP request POST https://api.deepseek.com/chat/completions
[14:01:32 INF] System.Net.Http.HttpClient.IDeepSeekClient.ClientHandler Sending HTTP request POST https://api.deepseek.com/chat/completions
[14:01:32 INF] System.Net.Http.HttpClient.IDeepSeekClient.ClientHandler Received HTTP response headers after 292.7139ms - 200
[14:01:32 INF] System.Net.Http.HttpClient.IDeepSeekClient.LogicalHandler End processing HTTP request after 300.6783ms - 200
[14:01:33 INF] System.Net.Http.HttpClient.IDeepSeekClient.LogicalHandler Start processing HTTP request POST https://api.deepseek.com/chat/completions
[14:01:33 INF] System.Net.Http.HttpClient.IDeepSeekClient.ClientHandler Sending HTTP request POST https://api.deepseek.com/chat/completions
[14:01:33 INF] System.Net.Http.HttpClient.IDeepSeekClient.ClientHandler Received HTTP response headers after 293.1947ms - 200
[14:01:33 INF] System.Net.Http.HttpClient.IDeepSeekClient.LogicalHandler End processing HTTP request after 300.8281ms - 200
[14:01:36 INF] System.Net.Http.HttpClient.IDeepSeekClient.LogicalHandler Start processing HTTP request POST https://api.deepseek.com/chat/completions
[14:01:36 INF] System.Net.Http.HttpClient.IDeepSeekClient.ClientHandler Sending HTTP request POST https://api.deepseek.com/chat/completions
[14:01:36 INF] System.Net.Http.HttpClient.IDeepSeekClient.ClientHandler Received HTTP response headers after 282.0788ms - 200
[14:01:36 INF] System.Net.Http.HttpClient.IDeepSeekClient.LogicalHandler End processing HTTP request after 290.4774ms - 200
[14:01:37 INF] System.Net.Http.HttpClient.IDeepSeekClient.LogicalHandler Start processing HTTP request POST https://api.deepseek.com/chat/completions
[14:01:37 INF] System.Net.Http.HttpClient.IDeepSeekClient.ClientHandler Sending HTTP request POST https://api.deepseek.com/chat/completions
[14:01:37 INF] System.Net.Http.HttpClient.IDeepSeekClient.ClientHandler Received HTTP response headers after 289.2291ms - 200
[14:01:37 INF] System.Net.Http.HttpClient.IDeepSeekClient.LogicalHandler End processing HTTP request after 296.7216ms - 200
[14:01:41 INF] System.Net.Http.HttpClient.IDeepSeekClient.LogicalHandler Start processing HTTP request POST https://api.deepseek.com/chat/completions
[14:01:41 INF] System.Net.Http.HttpClient.IDeepSeekClient.ClientHandler Sending HTTP request POST https://api.deepseek.com/chat/completions
[14:01:41 INF] System.Net.Http.HttpClient.IDeepSeekClient.ClientHandler Received HTTP response headers after 334.3959ms - 200
[14:01:41 INF] System.Net.Http.HttpClient.IDeepSeekClient.LogicalHandler End processing HTTP request after 343.2045ms - 200
[14:01:53 INF] System.Net.Http.HttpClient.IDeepSeekClient.LogicalHandler Start processing HTTP request POST https://api.deepseek.com/chat/completions
[14:01:53 INF] System.Net.Http.HttpClient.IDeepSeekClient.ClientHandler Sending HTTP request POST https://api.deepseek.com/chat/completions
[14:01:54 INF] System.Net.Http.HttpClient.IDeepSeekClient.ClientHandler Received HTTP response headers after 292.9956ms - 200
[14:01:54 INF] System.Net.Http.HttpClient.IDeepSeekClient.LogicalHandler End processing HTTP request after 300.8249ms - 200
[14:01:54 INF] System.Net.Http.HttpClient.IDeepSeekClient.LogicalHandler Start processing HTTP request POST https://api.deepseek.com/chat/completions
[14:01:54 INF] System.Net.Http.HttpClient.IDeepSeekClient.ClientHandler Sending HTTP request POST https://api.deepseek.com/chat/completions
[14:01:54 INF] System.Net.Http.HttpClient.IDeepSeekClient.ClientHandler Received HTTP response headers after 315.977ms - 200
[14:01:54 INF] System.Net.Http.HttpClient.IDeepSeekClient.LogicalHandler End processing HTTP request after 323.5972ms - 200
[14:02:04 INF] System.Net.Http.HttpClient.IDeepSeekClient.LogicalHandler Start processing HTTP request POST https://api.deepseek.com/chat/completions
[14:02:04 INF] System.Net.Http.HttpClient.IDeepSeekClient.ClientHandler Sending HTTP request POST https://api.deepseek.com/chat/completions
[14:02:04 INF] System.Net.Http.HttpClient.IDeepSeekClient.ClientHandler Received HTTP response headers after 422.6914ms - 200
[14:02:04 INF] System.Net.Http.HttpClient.IDeepSeekClient.LogicalHandler End processing HTTP request after 430.8517ms - 200
[14:02:06 INF] System.Net.Http.HttpClient.IDeepSeekClient.LogicalHandler Start processing HTTP request POST https://api.deepseek.com/chat/completions
[14:02:06 INF] System.Net.Http.HttpClient.IDeepSeekClient.ClientHandler Sending HTTP request POST https://api.deepseek.com/chat/completions
[14:02:07 INF] System.Net.Http.HttpClient.IDeepSeekClient.ClientHandler Received HTTP response headers after 585.018ms - 200
[14:02:07 INF] System.Net.Http.HttpClient.IDeepSeekClient.LogicalHandler End processing HTTP request after 592.9194ms - 200
[14:02:07 INF] System.Net.Http.HttpClient.IDeepSeekClient.LogicalHandler Start processing HTTP request POST https://api.deepseek.com/chat/completions
[14:02:07 INF] System.Net.Http.HttpClient.IDeepSeekClient.ClientHandler Sending HTTP request POST https://api.deepseek.com/chat/completions
[14:02:08 INF] System.Net.Http.HttpClient.IDeepSeekClient.ClientHandler Received HTTP response headers after 497.5303ms - 200
[14:02:08 INF] System.Net.Http.HttpClient.IDeepSeekClient.LogicalHandler End processing HTTP request after 505.8564ms - 200
[14:02:13 INF] System.Net.Http.HttpClient.IDeepSeekClient.LogicalHandler Start processing HTTP request POST https://api.deepseek.com/chat/completions
[14:02:13 INF] System.Net.Http.HttpClient.IDeepSeekClient.ClientHandler Sending HTTP request POST https://api.deepseek.com/chat/completions
[14:02:13 INF] System.Net.Http.HttpClient.IDeepSeekClient.ClientHandler Received HTTP response headers after 331.1949ms - 200
[14:02:13 INF] System.Net.Http.HttpClient.IDeepSeekClient.LogicalHandler End processing HTTP request after 338.9162ms - 200
[14:02:25 INF] System.Net.Http.HttpClient.IDeepSeekClient.LogicalHandler Start processing HTTP request POST https://api.deepseek.com/chat/completions
[14:02:25 INF] System.Net.Http.HttpClient.IDeepSeekClient.ClientHandler Sending HTTP request POST https://api.deepseek.com/chat/completions
[14:02:25 INF] System.Net.Http.HttpClient.IDeepSeekClient.LogicalHandler Start processing HTTP request POST https://api.deepseek.com/chat/completions
[14:02:25 INF] System.Net.Http.HttpClient.IDeepSeekClient.ClientHandler Sending HTTP request POST https://api.deepseek.com/chat/completions
[14:02:25 INF] System.Net.Http.HttpClient.IDeepSeekClient.ClientHandler Received HTTP response headers after 297.6556ms - 200
[14:02:25 INF] System.Net.Http.HttpClient.IDeepSeekClient.LogicalHandler End processing HTTP request after 306.0508ms - 200
[14:02:25 INF] System.Net.Http.HttpClient.IDeepSeekClient.ClientHandler Received HTTP response headers after 277.3382ms - 200
[14:02:25 INF] System.Net.Http.HttpClient.IDeepSeekClient.LogicalHandler End processing HTTP request after 285.6427ms - 200
[14:02:58 INF] System.Net.Http.HttpClient.IDeepSeekClient.LogicalHandler Start processing HTTP request POST https://api.deepseek.com/chat/completions
[14:02:58 INF] System.Net.Http.HttpClient.IDeepSeekClient.ClientHandler Sending HTTP request POST https://api.deepseek.com/chat/completions
[14:02:58 INF] System.Net.Http.HttpClient.IDeepSeekClient.ClientHandler Received HTTP response headers after 325.4815ms - 200
[14:02:58 INF] System.Net.Http.HttpClient.IDeepSeekClient.LogicalHandler End processing HTTP request after 334.6087ms - 200
[14:05:12 INF] System.Net.Http.HttpClient.IDeepSeekClient.LogicalHandler Start processing HTTP request POST https://api.deepseek.com/chat/completions
[14:05:12 INF] System.Net.Http.HttpClient.IDeepSeekClient.ClientHandler Sending HTTP request POST https://api.deepseek.com/chat/completions
[14:05:13 INF] System.Net.Http.HttpClient.IDeepSeekClient.ClientHandler Received HTTP response headers after 418.6355ms - 200
[14:05:13 INF] System.Net.Http.HttpClient.IDeepSeekClient.LogicalHandler End processing HTTP request after 426.207ms - 200
[14:05:38 INF] System.Net.Http.HttpClient.IStockApiClient.LogicalHandler Start processing HTTP request GET https://data.sec.gov/submissions/CIK0000002488.json
[14:05:38 INF] System.Net.Http.HttpClient.IStockApiClient.ClientHandler Sending HTTP request GET https://data.sec.gov/submissions/CIK0000002488.json
[14:05:38 INF] System.Net.Http.HttpClient.IStockApiClient.ClientHandler Received HTTP response headers after 257.5898ms - 200
[14:05:38 INF] System.Net.Http.HttpClient.IStockApiClient.LogicalHandler End processing HTTP request after 265.6131ms - 200
[14:05:43 INF] System.Net.Http.HttpClient.IDeepSeekClient.LogicalHandler Start processing HTTP request POST https://api.deepseek.com/chat/completions
[14:05:43 INF] System.Net.Http.HttpClient.IDeepSeekClient.ClientHandler Sending HTTP request POST https://api.deepseek.com/chat/completions
[14:05:43 INF] System.Net.Http.HttpClient.IDeepSeekClient.ClientHandler Received HTTP response headers after 317.724ms - 200
[14:05:43 INF] System.Net.Http.HttpClient.IDeepSeekClient.LogicalHandler End processing HTTP request after 325.9889ms - 200
[14:05:50 INF] System.Net.Http.HttpClient.IStockApiClient.LogicalHandler Start processing HTTP request GET https://www.sec.gov/Archives/edgar/data/2488/000000248826000018/FilingSummary.xml
[14:05:50 INF] System.Net.Http.HttpClient.IStockApiClient.ClientHandler Sending HTTP request GET https://www.sec.gov/Archives/edgar/data/2488/000000248826000018/FilingSummary.xml
[14:05:51 INF] System.Net.Http.HttpClient.IStockApiClient.ClientHandler Received HTTP response headers after 163.301ms - 200
[14:05:51 INF] System.Net.Http.HttpClient.IStockApiClient.LogicalHandler End processing HTTP request after 172.6826ms - 200
[14:05:51 INF] System.Net.Http.HttpClient.IStockApiClient.LogicalHandler Start processing HTTP request GET https://www.sec.gov/Archives/edgar/data/2488/000000248826000018/R3.htm
[14:05:51 INF] System.Net.Http.HttpClient.IStockApiClient.ClientHandler Sending HTTP request GET https://www.sec.gov/Archives/edgar/data/2488/000000248826000018/R3.htm
[14:05:51 INF] System.Net.Http.HttpClient.IStockApiClient.ClientHandler Received HTTP response headers after 30.838ms - 200
[14:05:51 INF] System.Net.Http.HttpClient.IStockApiClient.LogicalHandler End processing HTTP request after 40.4368ms - 200
[14:05:51 INF] System.Net.Http.HttpClient.IStockApiClient.LogicalHandler Start processing HTTP request GET https://www.sec.gov/Archives/edgar/data/2488/000000248826000018/R47.htm
[14:05:51 INF] System.Net.Http.HttpClient.IStockApiClient.ClientHandler Sending HTTP request GET https://www.sec.gov/Archives/edgar/data/2488/000000248826000018/R47.htm
[14:05:51 INF] System.Net.Http.HttpClient.IStockApiClient.LogicalHandler Start processing HTTP request GET https://www.sec.gov/Archives/edgar/data/2488/000000248826000018/amd-20251227.htm
[14:05:51 INF] System.Net.Http.HttpClient.IStockApiClient.ClientHandler Sending HTTP request GET https://www.sec.gov/Archives/edgar/data/2488/000000248826000018/amd-20251227.htm
[14:05:51 INF] System.Net.Http.HttpClient.IStockApiClient.ClientHandler Received HTTP response headers after 33.2589ms - 200
[14:05:51 INF] System.Net.Http.HttpClient.IStockApiClient.LogicalHandler End processing HTTP request after 43.0404ms - 200
[14:05:51 INF] System.Net.Http.HttpClient.IStockApiClient.LogicalHandler Start processing HTTP request GET https://www.sec.gov/Archives/edgar/data/2488/000000248826000018/R52.htm
[14:05:51 INF] System.Net.Http.HttpClient.IStockApiClient.ClientHandler Sending HTTP request GET https://www.sec.gov/Archives/edgar/data/2488/000000248826000018/R52.htm
[14:05:51 INF] System.Net.Http.HttpClient.IStockApiClient.ClientHandler Received HTTP response headers after 54.2696ms - 200
[14:05:51 INF] System.Net.Http.HttpClient.IStockApiClient.LogicalHandler End processing HTTP request after 64.085ms - 200
[14:05:51 INF] System.Net.Http.HttpClient.IStockApiClient.ClientHandler Received HTTP response headers after 148.3427ms - 200
[14:05:51 INF] System.Net.Http.HttpClient.IStockApiClient.LogicalHandler End processing HTTP request after 157.7714ms - 200
[14:05:51 INF] System.Net.Http.HttpClient.IStockApiClient.LogicalHandler Start processing HTTP request GET https://www.sec.gov/Archives/edgar/data/2488/000000248826000018/R53.htm
[14:05:51 INF] System.Net.Http.HttpClient.IStockApiClient.ClientHandler Sending HTTP request GET https://www.sec.gov/Archives/edgar/data/2488/000000248826000018/R53.htm
[14:05:51 INF] System.Net.Http.HttpClient.IStockApiClient.ClientHandler Received HTTP response headers after 73.2243ms - 200
[14:05:51 INF] System.Net.Http.HttpClient.IStockApiClient.LogicalHandler End processing HTTP request after 82.5995ms - 200
[14:05:51 INF] System.Net.Http.HttpClient.IStockApiClient.LogicalHandler Start processing HTTP request GET https://www.sec.gov/Archives/edgar/data/2488/000000248826000018/R54.htm
[14:05:51 INF] System.Net.Http.HttpClient.IStockApiClient.ClientHandler Sending HTTP request GET https://www.sec.gov/Archives/edgar/data/2488/000000248826000018/R54.htm
[14:05:51 INF] System.Net.Http.HttpClient.IStockApiClient.ClientHandler Received HTTP response headers after 40.269ms - 200
[14:05:51 INF] System.Net.Http.HttpClient.IStockApiClient.LogicalHandler End processing HTTP request after 50.1731ms - 200
[14:05:51 INF] System.Net.Http.HttpClient.IStockApiClient.LogicalHandler Start processing HTTP request GET https://www.sec.gov/Archives/edgar/data/2488/000000248826000018/R55.htm
[14:05:51 INF] System.Net.Http.HttpClient.IStockApiClient.ClientHandler Sending HTTP request GET https://www.sec.gov/Archives/edgar/data/2488/000000248826000018/R55.htm
[14:05:51 INF] System.Net.Http.HttpClient.IStockApiClient.ClientHandler Received HTTP response headers after 22.7567ms - 200
[14:05:51 INF] System.Net.Http.HttpClient.IStockApiClient.LogicalHandler End processing HTTP request after 32.5398ms - 200
[14:05:51 INF] System.Net.Http.HttpClient.IStockApiClient.LogicalHandler Start processing HTTP request GET https://www.sec.gov/Archives/edgar/data/2488/000000248826000018/R56.htm
[14:05:51 INF] System.Net.Http.HttpClient.IStockApiClient.ClientHandler Sending HTTP request GET https://www.sec.gov/Archives/edgar/data/2488/000000248826000018/R56.htm
[14:05:51 INF] System.Net.Http.HttpClient.IStockApiClient.ClientHandler Received HTTP response headers after 48.6864ms - 200
[14:05:51 INF] System.Net.Http.HttpClient.IStockApiClient.LogicalHandler End processing HTTP request after 57.9413ms - 200
[14:05:51 INF] System.Net.Http.HttpClient.IStockApiClient.LogicalHandler Start processing HTTP request GET https://www.sec.gov/Archives/edgar/data/2488/000000248826000018/R73.htm
[14:05:51 INF] System.Net.Http.HttpClient.IStockApiClient.ClientHandler Sending HTTP request GET https://www.sec.gov/Archives/edgar/data/2488/000000248826000018/R73.htm
[14:05:51 INF] System.Net.Http.HttpClient.IStockApiClient.ClientHandler Received HTTP response headers after 39.1299ms - 200
[14:05:51 INF] System.Net.Http.HttpClient.IStockApiClient.LogicalHandler End processing HTTP request after 48.4138ms - 200
[14:05:51 INF] System.Net.Http.HttpClient.IStockApiClient.LogicalHandler Start processing HTTP request GET https://www.sec.gov/Archives/edgar/data/2488/000000248826000018/R78.htm
[14:05:51 INF] System.Net.Http.HttpClient.IStockApiClient.ClientHandler Sending HTTP request GET https://www.sec.gov/Archives/edgar/data/2488/000000248826000018/R78.htm
[14:05:51 INF] System.Net.Http.HttpClient.IStockApiClient.ClientHandler Received HTTP response headers after 105.6765ms - 200
[14:05:51 INF] System.Net.Http.HttpClient.IStockApiClient.LogicalHandler End processing HTTP request after 115.3309ms - 200
[14:05:51 INF] System.Net.Http.HttpClient.IStockApiClient.LogicalHandler Start processing HTTP request GET https://www.sec.gov/Archives/edgar/data/2488/000000248826000018/R95.htm
[14:05:51 INF] System.Net.Http.HttpClient.IStockApiClient.ClientHandler Sending HTTP request GET https://www.sec.gov/Archives/edgar/data/2488/000000248826000018/R95.htm
[14:05:51 INF] System.Net.Http.HttpClient.IStockApiClient.ClientHandler Received HTTP response headers after 23.342ms - 200
[14:05:51 INF] System.Net.Http.HttpClient.IStockApiClient.LogicalHandler End processing HTTP request after 32.7591ms - 200
[14:05:51 INF] System.Net.Http.HttpClient.IDeepSeekClient.LogicalHandler Start processing HTTP request POST https://api.deepseek.com/chat/completions
[14:05:51 INF] System.Net.Http.HttpClient.IDeepSeekClient.ClientHandler Sending HTTP request POST https://api.deepseek.com/chat/completions
[14:05:51 INF] System.Net.Http.HttpClient.IDeepSeekClient.LogicalHandler Start processing HTTP request POST https://api.deepseek.com/chat/completions
[14:05:51 INF] System.Net.Http.HttpClient.IDeepSeekClient.ClientHandler Sending HTTP request POST https://api.deepseek.com/chat/completions
[14:05:51 INF] System.Net.Http.HttpClient.IDeepSeekClient.LogicalHandler Start processing HTTP request POST https://api.deepseek.com/chat/completions
[14:05:51 INF] System.Net.Http.HttpClient.IDeepSeekClient.ClientHandler Sending HTTP request POST https://api.deepseek.com/chat/completions
[14:05:51 INF] System.Net.Http.HttpClient.IDeepSeekClient.LogicalHandler Start processing HTTP request POST https://api.deepseek.com/chat/completions
[14:05:51 INF] System.Net.Http.HttpClient.IDeepSeekClient.ClientHandler Sending HTTP request POST https://api.deepseek.com/chat/completions
[14:05:51 INF] System.Net.Http.HttpClient.IDeepSeekClient.LogicalHandler Start processing HTTP request POST https://api.deepseek.com/chat/completions
[14:05:51 INF] System.Net.Http.HttpClient.IDeepSeekClient.ClientHandler Sending HTTP request POST https://api.deepseek.com/chat/completions
[14:05:51 INF] System.Net.Http.HttpClient.IDeepSeekClient.LogicalHandler Start processing HTTP request POST https://api.deepseek.com/chat/completions
[14:05:51 INF] System.Net.Http.HttpClient.IDeepSeekClient.ClientHandler Sending HTTP request POST https://api.deepseek.com/chat/completions
[14:05:52 INF] System.Net.Http.HttpClient.IDeepSeekClient.ClientHandler Received HTTP response headers after 309.4801ms - 200
[14:05:52 INF] System.Net.Http.HttpClient.IDeepSeekClient.LogicalHandler End processing HTTP request after 318.9584ms - 200
[14:05:52 INF] System.Net.Http.HttpClient.IDeepSeekClient.ClientHandler Received HTTP response headers after 336.2468ms - 200
[14:05:52 INF] System.Net.Http.HttpClient.IDeepSeekClient.LogicalHandler End processing HTTP request after 345.0828ms - 200
[14:05:52 INF] System.Net.Http.HttpClient.IDeepSeekClient.ClientHandler Received HTTP response headers after 362.8586ms - 200
[14:05:52 INF] System.Net.Http.HttpClient.IDeepSeekClient.LogicalHandler End processing HTTP request after 372.5036ms - 200
[14:05:52 INF] System.Net.Http.HttpClient.IDeepSeekClient.ClientHandler Received HTTP response headers after 375.3141ms - 200
[14:05:52 INF] System.Net.Http.HttpClient.IDeepSeekClient.LogicalHandler End processing HTTP request after 384.1512ms - 200
[14:05:52 INF] System.Net.Http.HttpClient.IDeepSeekClient.ClientHandler Received HTTP response headers after 355.8186ms - 200
[14:05:52 INF] System.Net.Http.HttpClient.IDeepSeekClient.LogicalHandler End processing HTTP request after 365.0457ms - 200
[14:05:52 INF] System.Net.Http.HttpClient.IDeepSeekClient.ClientHandler Received HTTP response headers after 370.7635ms - 200
[14:05:52 INF] System.Net.Http.HttpClient.IDeepSeekClient.LogicalHandler End processing HTTP request after 380.1315ms - 200
[14:05:53 INF] System.Net.Http.HttpClient.IDeepSeekClient.LogicalHandler Start processing HTTP request POST https://api.deepseek.com/chat/completions
[14:05:53 INF] System.Net.Http.HttpClient.IDeepSeekClient.ClientHandler Sending HTTP request POST https://api.deepseek.com/chat/completions
[14:05:53 INF] System.Net.Http.HttpClient.IDeepSeekClient.LogicalHandler Start processing HTTP request POST https://api.deepseek.com/chat/completions
[14:05:53 INF] System.Net.Http.HttpClient.IDeepSeekClient.ClientHandler Sending HTTP request POST https://api.deepseek.com/chat/completions
[14:05:53 INF] System.Net.Http.HttpClient.IDeepSeekClient.ClientHandler Received HTTP response headers after 290.9387ms - 200
[14:05:53 INF] System.Net.Http.HttpClient.IDeepSeekClient.LogicalHandler End processing HTTP request after 298.8207ms - 200
[14:05:53 INF] System.Net.Http.HttpClient.IDeepSeekClient.ClientHandler Received HTTP response headers after 303.481ms - 200
[14:05:53 INF] System.Net.Http.HttpClient.IDeepSeekClient.LogicalHandler End processing HTTP request after 311.2234ms - 200
[14:05:54 INF] System.Net.Http.HttpClient.IDeepSeekClient.LogicalHandler Start processing HTTP request POST https://api.deepseek.com/chat/completions
[14:05:54 INF] System.Net.Http.HttpClient.IDeepSeekClient.ClientHandler Sending HTTP request POST https://api.deepseek.com/chat/completions
[14:05:54 INF] System.Net.Http.HttpClient.IDeepSeekClient.ClientHandler Received HTTP response headers after 296.8845ms - 200
[14:05:54 INF] System.Net.Http.HttpClient.IDeepSeekClient.LogicalHandler End processing HTTP request after 304.8094ms - 200
[14:05:54 INF] System.Net.Http.HttpClient.IDeepSeekClient.LogicalHandler Start processing HTTP request POST https://api.deepseek.com/chat/completions
[14:05:54 INF] System.Net.Http.HttpClient.IDeepSeekClient.ClientHandler Sending HTTP request POST https://api.deepseek.com/chat/completions
[14:05:55 INF] System.Net.Http.HttpClient.IDeepSeekClient.ClientHandler Received HTTP response headers after 313.6444ms - 200
[14:05:55 INF] System.Net.Http.HttpClient.IDeepSeekClient.LogicalHandler End processing HTTP request after 321.1551ms - 200
[14:05:55 INF] System.Net.Http.HttpClient.IDeepSeekClient.LogicalHandler Start processing HTTP request POST https://api.deepseek.com/chat/completions
[14:05:55 INF] System.Net.Http.HttpClient.IDeepSeekClient.ClientHandler Sending HTTP request POST https://api.deepseek.com/chat/completions
[14:05:55 INF] System.Net.Http.HttpClient.IDeepSeekClient.ClientHandler Received HTTP response headers after 311.0026ms - 200
[14:05:55 INF] System.Net.Http.HttpClient.IDeepSeekClient.LogicalHandler End processing HTTP request after 318.1989ms - 200
[14:05:55 INF] System.Net.Http.HttpClient.IDeepSeekClient.LogicalHandler Start processing HTTP request POST https://api.deepseek.com/chat/completions
[14:05:55 INF] System.Net.Http.HttpClient.IDeepSeekClient.ClientHandler Sending HTTP request POST https://api.deepseek.com/chat/completions
[14:05:55 INF] System.Net.Http.HttpClient.IDeepSeekClient.LogicalHandler Start processing HTTP request POST https://api.deepseek.com/chat/completions
[14:05:55 INF] System.Net.Http.HttpClient.IDeepSeekClient.ClientHandler Sending HTTP request POST https://api.deepseek.com/chat/completions
[14:05:55 INF] System.Net.Http.HttpClient.IDeepSeekClient.ClientHandler Received HTTP response headers after 306.0544ms - 200
[14:05:55 INF] System.Net.Http.HttpClient.IDeepSeekClient.LogicalHandler End processing HTTP request after 314.1217ms - 200
[14:05:56 INF] System.Net.Http.HttpClient.IDeepSeekClient.ClientHandler Received HTTP response headers after 320.1578ms - 200
[14:05:56 INF] System.Net.Http.HttpClient.IDeepSeekClient.LogicalHandler End processing HTTP request after 328.1241ms - 200
[14:05:56 INF] System.Net.Http.HttpClient.IDeepSeekClient.LogicalHandler Start processing HTTP request POST https://api.deepseek.com/chat/completions
[14:05:56 INF] System.Net.Http.HttpClient.IDeepSeekClient.ClientHandler Sending HTTP request POST https://api.deepseek.com/chat/completions
[14:05:57 INF] System.Net.Http.HttpClient.IDeepSeekClient.ClientHandler Received HTTP response headers after 314.5898ms - 200
[14:05:57 INF] System.Net.Http.HttpClient.IDeepSeekClient.LogicalHandler End processing HTTP request after 322.873ms - 200
[14:05:57 INF] System.Net.Http.HttpClient.IDeepSeekClient.LogicalHandler Start processing HTTP request POST https://api.deepseek.com/chat/completions
[14:05:57 INF] System.Net.Http.HttpClient.IDeepSeekClient.ClientHandler Sending HTTP request POST https://api.deepseek.com/chat/completions
[14:05:57 INF] System.Net.Http.HttpClient.IDeepSeekClient.ClientHandler Received HTTP response headers after 334.2419ms - 200
[14:05:57 INF] System.Net.Http.HttpClient.IDeepSeekClient.LogicalHandler End processing HTTP request after 343.941ms - 200
[14:05:58 INF] System.Net.Http.HttpClient.IDeepSeekClient.LogicalHandler Start processing HTTP request POST https://api.deepseek.com/chat/completions
[14:05:58 INF] System.Net.Http.HttpClient.IDeepSeekClient.ClientHandler Sending HTTP request POST https://api.deepseek.com/chat/completions
[14:05:58 INF] System.Net.Http.HttpClient.IDeepSeekClient.ClientHandler Received HTTP response headers after 306.5051ms - 200
[14:05:58 INF] System.Net.Http.HttpClient.IDeepSeekClient.LogicalHandler End processing HTTP request after 314.4142ms - 200
[14:06:00 INF] System.Net.Http.HttpClient.IDeepSeekClient.LogicalHandler Start processing HTTP request POST https://api.deepseek.com/chat/completions
[14:06:00 INF] System.Net.Http.HttpClient.IDeepSeekClient.ClientHandler Sending HTTP request POST https://api.deepseek.com/chat/completions
[14:06:00 INF] System.Net.Http.HttpClient.IDeepSeekClient.ClientHandler Received HTTP response headers after 295.1991ms - 200
[14:06:00 INF] System.Net.Http.HttpClient.IDeepSeekClient.LogicalHandler End processing HTTP request after 302.8277ms - 200
[14:06:02 INF] System.Net.Http.HttpClient.IDeepSeekClient.LogicalHandler Start processing HTTP request POST https://api.deepseek.com/chat/completions
[14:06:02 INF] System.Net.Http.HttpClient.IDeepSeekClient.ClientHandler Sending HTTP request POST https://api.deepseek.com/chat/completions
[14:06:03 INF] System.Net.Http.HttpClient.IDeepSeekClient.ClientHandler Received HTTP response headers after 300.1155ms - 200
[14:06:03 INF] System.Net.Http.HttpClient.IDeepSeekClient.LogicalHandler End processing HTTP request after 309.0912ms - 200
[14:06:04 INF] System.Net.Http.HttpClient.IDeepSeekClient.LogicalHandler Start processing HTTP request POST https://api.deepseek.com/chat/completions
[14:06:04 INF] System.Net.Http.HttpClient.IDeepSeekClient.ClientHandler Sending HTTP request POST https://api.deepseek.com/chat/completions
[14:06:04 INF] System.Net.Http.HttpClient.IDeepSeekClient.ClientHandler Received HTTP response headers after 273.0003ms - 200
[14:06:04 INF] System.Net.Http.HttpClient.IDeepSeekClient.LogicalHandler End processing HTTP request after 280.8111ms - 200
[14:06:06 INF] System.Net.Http.HttpClient.IDeepSeekClient.LogicalHandler Start processing HTTP request POST https://api.deepseek.com/chat/completions
[14:06:06 INF] System.Net.Http.HttpClient.IDeepSeekClient.ClientHandler Sending HTTP request POST https://api.deepseek.com/chat/completions
[14:06:06 INF] System.Net.Http.HttpClient.IDeepSeekClient.ClientHandler Received HTTP response headers after 296.9031ms - 200
[14:06:06 INF] System.Net.Http.HttpClient.IDeepSeekClient.LogicalHandler End processing HTTP request after 305.5408ms - 200
[14:06:28 INF] System.Net.Http.HttpClient.IDeepSeekClient.LogicalHandler Start processing HTTP request POST https://api.deepseek.com/chat/completions
[14:06:28 INF] System.Net.Http.HttpClient.IDeepSeekClient.ClientHandler Sending HTTP request POST https://api.deepseek.com/chat/completions
[14:06:28 INF] System.Net.Http.HttpClient.IDeepSeekClient.ClientHandler Received HTTP response headers after 319.2368ms - 200
[14:06:28 INF] System.Net.Http.HttpClient.IDeepSeekClient.LogicalHandler End processing HTTP request after 327.2744ms - 200
[14:06:30 INF] System.Net.Http.HttpClient.IDeepSeekClient.LogicalHandler Start processing HTTP request POST https://api.deepseek.com/chat/completions
[14:06:30 INF] System.Net.Http.HttpClient.IDeepSeekClient.ClientHandler Sending HTTP request POST https://api.deepseek.com/chat/completions
[14:06:30 INF] System.Net.Http.HttpClient.IDeepSeekClient.ClientHandler Received HTTP response headers after 310.2716ms - 200
[14:06:30 INF] System.Net.Http.HttpClient.IDeepSeekClient.LogicalHandler End processing HTTP request after 317.8894ms - 200
[14:06:32 INF] System.Net.Http.HttpClient.IDeepSeekClient.LogicalHandler Start processing HTTP request POST https://api.deepseek.com/chat/completions
[14:06:32 INF] System.Net.Http.HttpClient.IDeepSeekClient.ClientHandler Sending HTTP request POST https://api.deepseek.com/chat/completions
[14:06:33 INF] System.Net.Http.HttpClient.IDeepSeekClient.ClientHandler Received HTTP response headers after 374.1686ms - 200
[14:06:33 INF] System.Net.Http.HttpClient.IDeepSeekClient.LogicalHandler End processing HTTP request after 381.6429ms - 200
[14:06:33 INF] System.Net.Http.HttpClient.IDeepSeekClient.LogicalHandler Start processing HTTP request POST https://api.deepseek.com/chat/completions
[14:06:33 INF] System.Net.Http.HttpClient.IDeepSeekClient.ClientHandler Sending HTTP request POST https://api.deepseek.com/chat/completions
[14:06:33 INF] System.Net.Http.HttpClient.IDeepSeekClient.ClientHandler Received HTTP response headers after 307.2143ms - 200
[14:06:33 INF] System.Net.Http.HttpClient.IDeepSeekClient.LogicalHandler End processing HTTP request after 314.9125ms - 200
[14:06:37 INF] System.Net.Http.HttpClient.IDeepSeekClient.LogicalHandler Start processing HTTP request POST https://api.deepseek.com/chat/completions
[14:06:37 INF] System.Net.Http.HttpClient.IDeepSeekClient.ClientHandler Sending HTTP request POST https://api.deepseek.com/chat/completions
[14:06:37 INF] System.Net.Http.HttpClient.IDeepSeekClient.ClientHandler Received HTTP response headers after 311.6245ms - 200
[14:06:37 INF] System.Net.Http.HttpClient.IDeepSeekClient.LogicalHandler End processing HTTP request after 320.0288ms - 200
[14:06:39 INF] System.Net.Http.HttpClient.IDeepSeekClient.LogicalHandler Start processing HTTP request POST https://api.deepseek.com/chat/completions
[14:06:39 INF] System.Net.Http.HttpClient.IDeepSeekClient.ClientHandler Sending HTTP request POST https://api.deepseek.com/chat/completions
[14:06:39 INF] System.Net.Http.HttpClient.IDeepSeekClient.ClientHandler Received HTTP response headers after 307.2096ms - 200
[14:06:39 INF] System.Net.Http.HttpClient.IDeepSeekClient.LogicalHandler End processing HTTP request after 315.4592ms - 200
[14:06:42 INF] System.Net.Http.HttpClient.IDeepSeekClient.LogicalHandler Start processing HTTP request POST https://api.deepseek.com/chat/completions
[14:06:42 INF] System.Net.Http.HttpClient.IDeepSeekClient.ClientHandler Sending HTTP request POST https://api.deepseek.com/chat/completions
[14:06:42 INF] System.Net.Http.HttpClient.IDeepSeekClient.ClientHandler Received HTTP response headers after 324.0874ms - 200
[14:06:42 INF] System.Net.Http.HttpClient.IDeepSeekClient.LogicalHandler End processing HTTP request after 333.4097ms - 200
[14:06:43 INF] System.Net.Http.HttpClient.IDeepSeekClient.LogicalHandler Start processing HTTP request POST https://api.deepseek.com/chat/completions
[14:06:43 INF] System.Net.Http.HttpClient.IDeepSeekClient.ClientHandler Sending HTTP request POST https://api.deepseek.com/chat/completions
[14:06:44 INF] System.Net.Http.HttpClient.IDeepSeekClient.ClientHandler Received HTTP response headers after 344.9872ms - 200
[14:06:44 INF] System.Net.Http.HttpClient.IDeepSeekClient.LogicalHandler End processing HTTP request after 353.1254ms - 200
[14:06:46 INF] System.Net.Http.HttpClient.IDeepSeekClient.LogicalHandler Start processing HTTP request POST https://api.deepseek.com/chat/completions
[14:06:46 INF] System.Net.Http.HttpClient.IDeepSeekClient.ClientHandler Sending HTTP request POST https://api.deepseek.com/chat/completions
[14:06:46 INF] System.Net.Http.HttpClient.IDeepSeekClient.ClientHandler Received HTTP response headers after 333.6012ms - 200
[14:06:46 INF] System.Net.Http.HttpClient.IDeepSeekClient.LogicalHandler End processing HTTP request after 342.4812ms - 200
[14:07:04 INF] System.Net.Http.HttpClient.IDeepSeekClient.LogicalHandler Start processing HTTP request POST https://api.deepseek.com/chat/completions
[14:07:04 INF] System.Net.Http.HttpClient.IDeepSeekClient.ClientHandler Sending HTTP request POST https://api.deepseek.com/chat/completions
[14:07:04 INF] System.Net.Http.HttpClient.IDeepSeekClient.ClientHandler Received HTTP response headers after 323.1211ms - 200
[14:07:04 INF] System.Net.Http.HttpClient.IDeepSeekClient.LogicalHandler End processing HTTP request after 330.2779ms - 200
[14:07:07 INF] System.Net.Http.HttpClient.IDeepSeekClient.LogicalHandler Start processing HTTP request POST https://api.deepseek.com/chat/completions
[14:07:07 INF] System.Net.Http.HttpClient.IDeepSeekClient.ClientHandler Sending HTTP request POST https://api.deepseek.com/chat/completions
[14:07:08 INF] System.Net.Http.HttpClient.IDeepSeekClient.ClientHandler Received HTTP response headers after 324.5579ms - 200
[14:07:08 INF] System.Net.Http.HttpClient.IDeepSeekClient.LogicalHandler End processing HTTP request after 332.0509ms - 200
[14:07:11 INF] System.Net.Http.HttpClient.IDeepSeekClient.LogicalHandler Start processing HTTP request POST https://api.deepseek.com/chat/completions
[14:07:11 INF] System.Net.Http.HttpClient.IDeepSeekClient.ClientHandler Sending HTTP request POST https://api.deepseek.com/chat/completions
[14:07:12 INF] System.Net.Http.HttpClient.IDeepSeekClient.ClientHandler Received HTTP response headers after 319.8593ms - 200
[14:07:12 INF] System.Net.Http.HttpClient.IDeepSeekClient.LogicalHandler End processing HTTP request after 327.4371ms - 200
[14:07:14 INF] System.Net.Http.HttpClient.IDeepSeekClient.LogicalHandler Start processing HTTP request POST https://api.deepseek.com/chat/completions
[14:07:14 INF] System.Net.Http.HttpClient.IDeepSeekClient.ClientHandler Sending HTTP request POST https://api.deepseek.com/chat/completions
[14:07:14 INF] System.Net.Http.HttpClient.IDeepSeekClient.ClientHandler Received HTTP response headers after 333.3875ms - 200
[14:07:14 INF] System.Net.Http.HttpClient.IDeepSeekClient.LogicalHandler End processing HTTP request after 341.1284ms - 200
[14:07:51 INF] System.Net.Http.HttpClient.IStockApiClient.LogicalHandler Start processing HTTP request GET https://data.sec.gov/api/xbrl/companyfacts/CIK0000002488.json
[14:07:51 INF] System.Net.Http.HttpClient.IStockApiClient.ClientHandler Sending HTTP request GET https://data.sec.gov/api/xbrl/companyfacts/CIK0000002488.json
[14:07:51 INF] System.Net.Http.HttpClient.IStockApiClient.ClientHandler Received HTTP response headers after 260.4033ms - 200
[14:07:51 INF] System.Net.Http.HttpClient.IStockApiClient.LogicalHandler End processing HTTP request after 269.3772ms - 200
[14:07:52 INF] System.Net.Http.HttpClient.IStockApiClient.LogicalHandler Start processing HTTP request GET https://data.sec.gov/submissions/CIK0000002488.json
[14:07:52 INF] System.Net.Http.HttpClient.IStockApiClient.ClientHandler Sending HTTP request GET https://data.sec.gov/submissions/CIK0000002488.json
[14:07:52 INF] System.Net.Http.HttpClient.IStockApiClient.ClientHandler Received HTTP response headers after 155.0227ms - 200
[14:07:52 INF] System.Net.Http.HttpClient.IStockApiClient.LogicalHandler End processing HTTP request after 163.3163ms - 200
[14:07:52 INF] System.Net.Http.HttpClient.IStockApiClient.LogicalHandler Start processing HTTP request GET https://www.sec.gov/Archives/edgar/data/2488/000000248826000018/index.json
[14:07:52 INF] System.Net.Http.HttpClient.IStockApiClient.ClientHandler Sending HTTP request GET https://www.sec.gov/Archives/edgar/data/2488/000000248826000018/index.json
[14:07:52 INF] System.Net.Http.HttpClient.IStockApiClient.ClientHandler Received HTTP response headers after 97.7638ms - 200
[14:07:52 INF] System.Net.Http.HttpClient.IStockApiClient.LogicalHandler End processing HTTP request after 106.6384ms - 200
[14:07:52 INF] System.Net.Http.HttpClient.IStockApiClient.LogicalHandler Start processing HTTP request GET https://www.sec.gov/Archives/edgar/data/2488/000000248826000018/amd-20251227_htm.xml
[14:07:52 INF] System.Net.Http.HttpClient.IStockApiClient.ClientHandler Sending HTTP request GET https://www.sec.gov/Archives/edgar/data/2488/000000248826000018/amd-20251227_htm.xml
[14:07:52 INF] System.Net.Http.HttpClient.IStockApiClient.ClientHandler Received HTTP response headers after 51.4804ms - 200
[14:07:52 INF] System.Net.Http.HttpClient.IStockApiClient.LogicalHandler End processing HTTP request after 60.2768ms - 200
[14:07:53 INF] System.Net.Http.HttpClient.IDeepSeekClient.LogicalHandler Start processing HTTP request POST https://api.deepseek.com/chat/completions
[14:07:53 INF] System.Net.Http.HttpClient.IDeepSeekClient.ClientHandler Sending HTTP request POST https://api.deepseek.com/chat/completions
[14:07:53 INF] System.Net.Http.HttpClient.IDeepSeekClient.ClientHandler Received HTTP response headers after 341.4487ms - 200
[14:07:53 INF] System.Net.Http.HttpClient.IDeepSeekClient.LogicalHandler End processing HTTP request after 350.0998ms - 200
[14:08:45 INF] System.Net.Http.HttpClient.IStockApiClient.LogicalHandler Start processing HTTP request GET https://data.sec.gov/submissions/CIK0000002488.json
[14:08:45 INF] System.Net.Http.HttpClient.IStockApiClient.ClientHandler Sending HTTP request GET https://data.sec.gov/submissions/CIK0000002488.json
[14:08:45 INF] System.Net.Http.HttpClient.IStockApiClient.ClientHandler Received HTTP response headers after 87.604ms - 200
[14:08:45 INF] System.Net.Http.HttpClient.IStockApiClient.LogicalHandler End processing HTTP request after 96.3074ms - 200
[14:08:54 INF] System.Net.Http.HttpClient.IStockApiClient.LogicalHandler Start processing HTTP request GET https://www.sec.gov/Archives/edgar/data/2488/000000248826000021/amd-20251227.htm
[14:08:54 INF] System.Net.Http.HttpClient.IStockApiClient.ClientHandler Sending HTTP request GET https://www.sec.gov/Archives/edgar/data/2488/000000248826000021/amd-20251227.htm
[14:08:54 INF] System.Net.Http.HttpClient.IStockApiClient.ClientHandler Received HTTP response headers after 183.3062ms - 200
[14:08:54 INF] System.Net.Http.HttpClient.IStockApiClient.LogicalHandler End processing HTTP request after 191.4374ms - 200
[14:08:54 INF] System.Net.Http.HttpClient.IDeepSeekClient.LogicalHandler Start processing HTTP request POST https://api.deepseek.com/chat/completions
[14:08:54 INF] System.Net.Http.HttpClient.IDeepSeekClient.ClientHandler Sending HTTP request POST https://api.deepseek.com/chat/completions
[14:08:55 INF] System.Net.Http.HttpClient.IDeepSeekClient.ClientHandler Received HTTP response headers after 361.4011ms - 200
[14:08:55 INF] System.Net.Http.HttpClient.IDeepSeekClient.LogicalHandler End processing HTTP request after 370.5548ms - 200
[14:08:57 INF] System.Net.Http.HttpClient.IStockApiClient.LogicalHandler Start processing HTTP request GET https://www.sec.gov/Archives/edgar/data/2488/000000248826000021/amd-20251227.htm
[14:08:57 INF] System.Net.Http.HttpClient.IStockApiClient.ClientHandler Sending HTTP request GET https://www.sec.gov/Archives/edgar/data/2488/000000248826000021/amd-20251227.htm
[14:08:57 INF] System.Net.Http.HttpClient.IStockApiClient.ClientHandler Received HTTP response headers after 25.7074ms - 200
[14:08:57 INF] System.Net.Http.HttpClient.IStockApiClient.LogicalHandler End processing HTTP request after 34.4544ms - 200
[14:09:02 INF] System.Net.Http.HttpClient.IStockApiClient.LogicalHandler Start processing HTTP request GET https://www.sec.gov/Archives/edgar/data/2488/000000248826000021/FilingSummary.xml
[14:09:02 INF] System.Net.Http.HttpClient.IStockApiClient.ClientHandler Sending HTTP request GET https://www.sec.gov/Archives/edgar/data/2488/000000248826000021/FilingSummary.xml
[14:09:02 INF] System.Net.Http.HttpClient.IStockApiClient.ClientHandler Received HTTP response headers after 26.5881ms - 200
[14:09:02 INF] System.Net.Http.HttpClient.IStockApiClient.LogicalHandler End processing HTTP request after 35.3728ms - 200
[14:09:02 INF] System.Net.Http.HttpClient.IDeepSeekClient.LogicalHandler Start processing HTTP request POST https://api.deepseek.com/chat/completions
[14:09:02 INF] System.Net.Http.HttpClient.IDeepSeekClient.ClientHandler Sending HTTP request POST https://api.deepseek.com/chat/completions
[14:09:02 INF] System.Net.Http.HttpClient.IDeepSeekClient.LogicalHandler Start processing HTTP request POST https://api.deepseek.com/chat/completions
[14:09:02 INF] System.Net.Http.HttpClient.IDeepSeekClient.ClientHandler Sending HTTP request POST https://api.deepseek.com/chat/completions
[14:09:02 INF] System.Net.Http.HttpClient.IDeepSeekClient.LogicalHandler Start processing HTTP request POST https://api.deepseek.com/chat/completions
[14:09:02 INF] System.Net.Http.HttpClient.IDeepSeekClient.ClientHandler Sending HTTP request POST https://api.deepseek.com/chat/completions
[14:09:02 INF] System.Net.Http.HttpClient.IDeepSeekClient.LogicalHandler Start processing HTTP request POST https://api.deepseek.com/chat/completions
[14:09:02 INF] System.Net.Http.HttpClient.IDeepSeekClient.ClientHandler Sending HTTP request POST https://api.deepseek.com/chat/completions
[14:09:02 INF] System.Net.Http.HttpClient.IDeepSeekClient.LogicalHandler Start processing HTTP request POST https://api.deepseek.com/chat/completions
[14:09:02 INF] System.Net.Http.HttpClient.IDeepSeekClient.ClientHandler Sending HTTP request POST https://api.deepseek.com/chat/completions
[14:09:02 INF] System.Net.Http.HttpClient.IDeepSeekClient.LogicalHandler Start processing HTTP request POST https://api.deepseek.com/chat/completions
[14:09:02 INF] System.Net.Http.HttpClient.IDeepSeekClient.ClientHandler Sending HTTP request POST https://api.deepseek.com/chat/completions
[14:09:03 INF] System.Net.Http.HttpClient.IDeepSeekClient.ClientHandler Received HTTP response headers after 309.9873ms - 200
[14:09:03 INF] System.Net.Http.HttpClient.IDeepSeekClient.LogicalHandler End processing HTTP request after 319.7194ms - 200
[14:09:03 INF] System.Net.Http.HttpClient.IDeepSeekClient.ClientHandler Received HTTP response headers after 314.3172ms - 200
[14:09:03 INF] System.Net.Http.HttpClient.IDeepSeekClient.LogicalHandler End processing HTTP request after 323.5355ms - 200
[14:09:03 INF] System.Net.Http.HttpClient.IDeepSeekClient.ClientHandler Received HTTP response headers after 325.8734ms - 200
[14:09:03 INF] System.Net.Http.HttpClient.IDeepSeekClient.LogicalHandler End processing HTTP request after 335.3765ms - 200
[14:09:03 INF] System.Net.Http.HttpClient.IDeepSeekClient.ClientHandler Received HTTP response headers after 319.1916ms - 200
[14:09:03 INF] System.Net.Http.HttpClient.IDeepSeekClient.LogicalHandler End processing HTTP request after 328.1685ms - 200
[14:09:03 INF] System.Net.Http.HttpClient.IDeepSeekClient.ClientHandler Received HTTP response headers after 331.2468ms - 200
[14:09:03 INF] System.Net.Http.HttpClient.IDeepSeekClient.LogicalHandler End processing HTTP request after 340.5555ms - 200
[14:09:03 INF] System.Net.Http.HttpClient.IDeepSeekClient.ClientHandler Received HTTP response headers after 363.1747ms - 200
[14:09:03 INF] System.Net.Http.HttpClient.IDeepSeekClient.LogicalHandler End processing HTTP request after 373.0308ms - 200
[14:09:04 INF] System.Net.Http.HttpClient.IDeepSeekClient.LogicalHandler Start processing HTTP request POST https://api.deepseek.com/chat/completions
[14:09:04 INF] System.Net.Http.HttpClient.IDeepSeekClient.ClientHandler Sending HTTP request POST https://api.deepseek.com/chat/completions
[14:09:04 INF] System.Net.Http.HttpClient.IDeepSeekClient.ClientHandler Received HTTP response headers after 309.2185ms - 200
[14:09:04 INF] System.Net.Http.HttpClient.IDeepSeekClient.LogicalHandler End processing HTTP request after 316.8274ms - 200
[14:09:11 INF] System.Net.Http.HttpClient.IDeepSeekClient.LogicalHandler Start processing HTTP request POST https://api.deepseek.com/chat/completions
[14:09:11 INF] System.Net.Http.HttpClient.IDeepSeekClient.ClientHandler Sending HTTP request POST https://api.deepseek.com/chat/completions
[14:09:11 INF] System.Net.Http.HttpClient.IDeepSeekClient.ClientHandler Received HTTP response headers after 296.109ms - 200
[14:09:11 INF] System.Net.Http.HttpClient.IDeepSeekClient.LogicalHandler End processing HTTP request after 303.8242ms - 200
[14:09:51 INF] System.Net.Http.HttpClient.IStockApiClient.LogicalHandler Start processing HTTP request GET https://data.sec.gov/api/xbrl/companyfacts/CIK0000002488.json
[14:09:51 INF] System.Net.Http.HttpClient.IStockApiClient.ClientHandler Sending HTTP request GET https://data.sec.gov/api/xbrl/companyfacts/CIK0000002488.json
[14:09:51 INF] System.Net.Http.HttpClient.IStockApiClient.ClientHandler Received HTTP response headers after 143.1541ms - 200
[14:09:51 INF] System.Net.Http.HttpClient.IStockApiClient.LogicalHandler End processing HTTP request after 151.8073ms - 200
[14:09:52 INF] System.Net.Http.HttpClient.IStockApiClient.LogicalHandler Start processing HTTP request GET https://data.sec.gov/submissions/CIK0000002488.json
[14:09:52 INF] System.Net.Http.HttpClient.IStockApiClient.ClientHandler Sending HTTP request GET https://data.sec.gov/submissions/CIK0000002488.json
[14:09:52 INF] System.Net.Http.HttpClient.IStockApiClient.ClientHandler Received HTTP response headers after 21.9552ms - 200
[14:09:52 INF] System.Net.Http.HttpClient.IStockApiClient.LogicalHandler End processing HTTP request after 30.3022ms - 200
[14:09:52 INF] System.Net.Http.HttpClient.IStockApiClient.LogicalHandler Start processing HTTP request GET https://www.sec.gov/Archives/edgar/data/2488/000000248826000021/index.json
[14:09:52 INF] System.Net.Http.HttpClient.IStockApiClient.ClientHandler Sending HTTP request GET https://www.sec.gov/Archives/edgar/data/2488/000000248826000021/index.json
[14:09:52 INF] System.Net.Http.HttpClient.IStockApiClient.ClientHandler Received HTTP response headers after 29.9077ms - 200
[14:09:52 INF] System.Net.Http.HttpClient.IStockApiClient.LogicalHandler End processing HTTP request after 38.5627ms - 200
[14:09:52 INF] System.Net.Http.HttpClient.IStockApiClient.LogicalHandler Start processing HTTP request GET https://www.sec.gov/Archives/edgar/data/2488/000000248826000021/amd-20251227_htm.xml
[14:09:52 INF] System.Net.Http.HttpClient.IStockApiClient.ClientHandler Sending HTTP request GET https://www.sec.gov/Archives/edgar/data/2488/000000248826000021/amd-20251227_htm.xml
[14:09:52 INF] System.Net.Http.HttpClient.IStockApiClient.ClientHandler Received HTTP response headers after 34.5868ms - 200
[14:09:52 INF] System.Net.Http.HttpClient.IStockApiClient.LogicalHandler End processing HTTP request after 43.2864ms - 200
[14:09:52 INF] System.Net.Http.HttpClient.IDeepSeekClient.LogicalHandler Start processing HTTP request POST https://api.deepseek.com/chat/completions
[14:09:52 INF] System.Net.Http.HttpClient.IDeepSeekClient.ClientHandler Sending HTTP request POST https://api.deepseek.com/chat/completions
[14:09:52 INF] System.Net.Http.HttpClient.IDeepSeekClient.ClientHandler Received HTTP response headers after 278.9145ms - 200
[14:09:52 INF] System.Net.Http.HttpClient.IDeepSeekClient.LogicalHandler End processing HTTP request after 287.9174ms - 200
[14:11:29 INF] System.Net.Http.HttpClient.IStockApiClient.LogicalHandler Start processing HTTP request GET https://data.sec.gov/submissions/CIK0001045810.json
[14:11:29 INF] System.Net.Http.HttpClient.IStockApiClient.ClientHandler Sending HTTP request GET https://data.sec.gov/submissions/CIK0001045810.json
[14:11:29 INF] System.Net.Http.HttpClient.IStockApiClient.ClientHandler Received HTTP response headers after 225.1804ms - 200
[14:11:29 INF] System.Net.Http.HttpClient.IStockApiClient.LogicalHandler End processing HTTP request after 234.3506ms - 200
[14:11:36 INF] System.Net.Http.HttpClient.IStockApiClient.LogicalHandler Start processing HTTP request GET https://www.sec.gov/Archives/edgar/data/1045810/000104581026000021/nvda-20260125.htm
[14:11:36 INF] System.Net.Http.HttpClient.IStockApiClient.ClientHandler Sending HTTP request GET https://www.sec.gov/Archives/edgar/data/1045810/000104581026000021/nvda-20260125.htm
[14:11:36 INF] System.Net.Http.HttpClient.IStockApiClient.ClientHandler Received HTTP response headers after 147.5728ms - 200
[14:11:36 INF] System.Net.Http.HttpClient.IStockApiClient.LogicalHandler End processing HTTP request after 155.9821ms - 200
[14:11:36 INF] System.Net.Http.HttpClient.IDeepSeekClient.LogicalHandler Start processing HTTP request POST https://api.deepseek.com/chat/completions
[14:11:36 INF] System.Net.Http.HttpClient.IDeepSeekClient.ClientHandler Sending HTTP request POST https://api.deepseek.com/chat/completions
[14:11:37 INF] System.Net.Http.HttpClient.IDeepSeekClient.ClientHandler Received HTTP response headers after 338.3365ms - 200
[14:11:37 INF] System.Net.Http.HttpClient.IDeepSeekClient.LogicalHandler End processing HTTP request after 347.016ms - 200
[14:11:37 INF] System.Net.Http.HttpClient.IStockApiClient.LogicalHandler Start processing HTTP request GET https://www.sec.gov/Archives/edgar/data/1045810/000104581026000021/nvda-20260125.htm
[14:11:37 INF] System.Net.Http.HttpClient.IStockApiClient.ClientHandler Sending HTTP request GET https://www.sec.gov/Archives/edgar/data/1045810/000104581026000021/nvda-20260125.htm
[14:11:37 INF] System.Net.Http.HttpClient.IStockApiClient.ClientHandler Received HTTP response headers after 39.8922ms - 200
[14:11:37 INF] System.Net.Http.HttpClient.IStockApiClient.LogicalHandler End processing HTTP request after 48.2805ms - 200
[14:11:45 INF] System.Net.Http.HttpClient.IStockApiClient.LogicalHandler Start processing HTTP request GET https://www.sec.gov/Archives/edgar/data/1045810/000104581026000021/FilingSummary.xml
[14:11:45 INF] System.Net.Http.HttpClient.IStockApiClient.ClientHandler Sending HTTP request GET https://www.sec.gov/Archives/edgar/data/1045810/000104581026000021/FilingSummary.xml
[14:11:46 INF] System.Net.Http.HttpClient.IStockApiClient.ClientHandler Received HTTP response headers after 177.6046ms - 200
[14:11:46 INF] System.Net.Http.HttpClient.IStockApiClient.LogicalHandler End processing HTTP request after 185.9979ms - 200
[14:11:46 INF] System.Net.Http.HttpClient.IStockApiClient.LogicalHandler Start processing HTTP request GET https://www.sec.gov/Archives/edgar/data/1045810/000104581026000021/R3.htm
[14:11:46 INF] System.Net.Http.HttpClient.IStockApiClient.ClientHandler Sending HTTP request GET https://www.sec.gov/Archives/edgar/data/1045810/000104581026000021/R3.htm
[14:11:46 INF] System.Net.Http.HttpClient.IStockApiClient.ClientHandler Received HTTP response headers after 28.3109ms - 200
[14:11:46 INF] System.Net.Http.HttpClient.IStockApiClient.LogicalHandler End processing HTTP request after 37.0856ms - 200
[14:11:46 INF] System.Net.Http.HttpClient.IStockApiClient.LogicalHandler Start processing HTTP request GET https://www.sec.gov/Archives/edgar/data/1045810/000104581026000021/R64.htm
[14:11:46 INF] System.Net.Http.HttpClient.IStockApiClient.ClientHandler Sending HTTP request GET https://www.sec.gov/Archives/edgar/data/1045810/000104581026000021/R64.htm
[14:11:46 INF] System.Net.Http.HttpClient.IStockApiClient.ClientHandler Received HTTP response headers after 154.8207ms - 200
[14:11:46 INF] System.Net.Http.HttpClient.IStockApiClient.LogicalHandler End processing HTTP request after 163.6434ms - 200
[14:11:46 INF] System.Net.Http.HttpClient.IStockApiClient.LogicalHandler Start processing HTTP request GET https://www.sec.gov/Archives/edgar/data/1045810/000104581026000021/R65.htm
[14:11:46 INF] System.Net.Http.HttpClient.IStockApiClient.ClientHandler Sending HTTP request GET https://www.sec.gov/Archives/edgar/data/1045810/000104581026000021/R65.htm
[14:11:46 INF] System.Net.Http.HttpClient.IStockApiClient.ClientHandler Received HTTP response headers after 150.0971ms - 200
[14:11:46 INF] System.Net.Http.HttpClient.IStockApiClient.LogicalHandler End processing HTTP request after 159.1623ms - 200
[14:11:46 INF] System.Net.Http.HttpClient.IStockApiClient.LogicalHandler Start processing HTTP request GET https://www.sec.gov/Archives/edgar/data/1045810/000104581026000021/R71.htm
[14:11:46 INF] System.Net.Http.HttpClient.IStockApiClient.ClientHandler Sending HTTP request GET https://www.sec.gov/Archives/edgar/data/1045810/000104581026000021/R71.htm
[14:11:46 INF] System.Net.Http.HttpClient.IStockApiClient.ClientHandler Received HTTP response headers after 151.6033ms - 200
[14:11:46 INF] System.Net.Http.HttpClient.IStockApiClient.LogicalHandler End processing HTTP request after 160.3777ms - 200
[14:11:46 INF] System.Net.Http.HttpClient.IStockApiClient.LogicalHandler Start processing HTTP request GET https://www.sec.gov/Archives/edgar/data/1045810/000104581026000021/R81.htm
[14:11:46 INF] System.Net.Http.HttpClient.IStockApiClient.ClientHandler Sending HTTP request GET https://www.sec.gov/Archives/edgar/data/1045810/000104581026000021/R81.htm
[14:11:46 INF] System.Net.Http.HttpClient.IStockApiClient.ClientHandler Received HTTP response headers after 170.4879ms - 200
[14:11:46 INF] System.Net.Http.HttpClient.IStockApiClient.LogicalHandler End processing HTTP request after 179.7044ms - 200
[14:11:46 INF] System.Net.Http.HttpClient.IStockApiClient.LogicalHandler Start processing HTTP request GET https://www.sec.gov/Archives/edgar/data/1045810/000104581026000021/R82.htm
[14:11:46 INF] System.Net.Http.HttpClient.IStockApiClient.ClientHandler Sending HTTP request GET https://www.sec.gov/Archives/edgar/data/1045810/000104581026000021/R82.htm
[14:11:47 INF] System.Net.Http.HttpClient.IStockApiClient.ClientHandler Received HTTP response headers after 168.5795ms - 200
[14:11:47 INF] System.Net.Http.HttpClient.IStockApiClient.LogicalHandler End processing HTTP request after 178.6304ms - 200
[14:11:47 INF] System.Net.Http.HttpClient.IStockApiClient.LogicalHandler Start processing HTTP request GET https://www.sec.gov/Archives/edgar/data/1045810/000104581026000021/R83.htm
[14:11:47 INF] System.Net.Http.HttpClient.IStockApiClient.ClientHandler Sending HTTP request GET https://www.sec.gov/Archives/edgar/data/1045810/000104581026000021/R83.htm
[14:11:47 INF] System.Net.Http.HttpClient.IStockApiClient.ClientHandler Received HTTP response headers after 148.8214ms - 200
[14:11:47 INF] System.Net.Http.HttpClient.IStockApiClient.LogicalHandler End processing HTTP request after 158.8462ms - 200
[14:11:47 INF] System.Net.Http.HttpClient.IStockApiClient.LogicalHandler Start processing HTTP request GET https://www.sec.gov/Archives/edgar/data/1045810/000104581026000021/R84.htm
[14:11:47 INF] System.Net.Http.HttpClient.IStockApiClient.ClientHandler Sending HTTP request GET https://www.sec.gov/Archives/edgar/data/1045810/000104581026000021/R84.htm
[14:11:47 INF] System.Net.Http.HttpClient.IStockApiClient.ClientHandler Received HTTP response headers after 150.3914ms - 200
[14:11:47 INF] System.Net.Http.HttpClient.IStockApiClient.LogicalHandler End processing HTTP request after 158.5185ms - 200
[14:11:47 INF] System.Net.Http.HttpClient.IStockApiClient.LogicalHandler Start processing HTTP request GET https://www.sec.gov/Archives/edgar/data/1045810/000104581026000021/R85.htm
[14:11:47 INF] System.Net.Http.HttpClient.IStockApiClient.ClientHandler Sending HTTP request GET https://www.sec.gov/Archives/edgar/data/1045810/000104581026000021/R85.htm
[14:11:47 INF] System.Net.Http.HttpClient.IStockApiClient.ClientHandler Received HTTP response headers after 150.8902ms - 200
[14:11:47 INF] System.Net.Http.HttpClient.IStockApiClient.LogicalHandler End processing HTTP request after 159.2238ms - 200
[14:11:47 INF] System.Net.Http.HttpClient.IDeepSeekClient.LogicalHandler Start processing HTTP request POST https://api.deepseek.com/chat/completions
[14:11:47 INF] System.Net.Http.HttpClient.IDeepSeekClient.ClientHandler Sending HTTP request POST https://api.deepseek.com/chat/completions
[14:11:47 INF] System.Net.Http.HttpClient.IDeepSeekClient.LogicalHandler Start processing HTTP request POST https://api.deepseek.com/chat/completions
[14:11:47 INF] System.Net.Http.HttpClient.IDeepSeekClient.ClientHandler Sending HTTP request POST https://api.deepseek.com/chat/completions
[14:11:47 INF] System.Net.Http.HttpClient.IDeepSeekClient.LogicalHandler Start processing HTTP request POST https://api.deepseek.com/chat/completions
[14:11:47 INF] System.Net.Http.HttpClient.IDeepSeekClient.ClientHandler Sending HTTP request POST https://api.deepseek.com/chat/completions
[14:11:47 INF] System.Net.Http.HttpClient.IDeepSeekClient.LogicalHandler Start processing HTTP request POST https://api.deepseek.com/chat/completions
[14:11:47 INF] System.Net.Http.HttpClient.IDeepSeekClient.ClientHandler Sending HTTP request POST https://api.deepseek.com/chat/completions
[14:11:47 INF] System.Net.Http.HttpClient.IDeepSeekClient.LogicalHandler Start processing HTTP request POST https://api.deepseek.com/chat/completions
[14:11:47 INF] System.Net.Http.HttpClient.IDeepSeekClient.ClientHandler Sending HTTP request POST https://api.deepseek.com/chat/completions
[14:11:47 INF] System.Net.Http.HttpClient.IDeepSeekClient.LogicalHandler Start processing HTTP request POST https://api.deepseek.com/chat/completions
[14:11:47 INF] System.Net.Http.HttpClient.IDeepSeekClient.ClientHandler Sending HTTP request POST https://api.deepseek.com/chat/completions
[14:11:47 INF] System.Net.Http.HttpClient.IDeepSeekClient.ClientHandler Received HTTP response headers after 314.5524ms - 200
[14:11:47 INF] System.Net.Http.HttpClient.IDeepSeekClient.LogicalHandler End processing HTTP request after 323.5352ms - 200
[14:11:47 INF] System.Net.Http.HttpClient.IDeepSeekClient.ClientHandler Received HTTP response headers after 310.8649ms - 200
[14:11:47 INF] System.Net.Http.HttpClient.IDeepSeekClient.LogicalHandler End processing HTTP request after 319.5281ms - 200
[14:11:47 INF] System.Net.Http.HttpClient.IDeepSeekClient.ClientHandler Received HTTP response headers after 333.4638ms - 200
[14:11:47 INF] System.Net.Http.HttpClient.IDeepSeekClient.LogicalHandler End processing HTTP request after 342.7005ms - 200
[14:11:47 INF] System.Net.Http.HttpClient.IDeepSeekClient.ClientHandler Received HTTP response headers after 324.0383ms - 200
[14:11:47 INF] System.Net.Http.HttpClient.IDeepSeekClient.ClientHandler Received HTTP response headers after 333.0696ms - 200
[14:11:47 INF] System.Net.Http.HttpClient.IDeepSeekClient.LogicalHandler End processing HTTP request after 333.2275ms - 200
[14:11:47 INF] System.Net.Http.HttpClient.IDeepSeekClient.LogicalHandler End processing HTTP request after 341.9585ms - 200
[14:11:47 INF] System.Net.Http.HttpClient.IDeepSeekClient.ClientHandler Received HTTP response headers after 339.6969ms - 200
[14:11:47 INF] System.Net.Http.HttpClient.IDeepSeekClient.LogicalHandler End processing HTTP request after 348.8409ms - 200
[14:11:49 INF] System.Net.Http.HttpClient.IDeepSeekClient.LogicalHandler Start processing HTTP request POST https://api.deepseek.com/chat/completions
[14:11:49 INF] System.Net.Http.HttpClient.IDeepSeekClient.ClientHandler Sending HTTP request POST https://api.deepseek.com/chat/completions
[14:11:49 INF] System.Net.Http.HttpClient.IDeepSeekClient.ClientHandler Received HTTP response headers after 279.3231ms - 200
[14:11:49 INF] System.Net.Http.HttpClient.IDeepSeekClient.LogicalHandler End processing HTTP request after 287.3585ms - 200
[14:11:50 INF] System.Net.Http.HttpClient.IDeepSeekClient.LogicalHandler Start processing HTTP request POST https://api.deepseek.com/chat/completions
[14:11:50 INF] System.Net.Http.HttpClient.IDeepSeekClient.ClientHandler Sending HTTP request POST https://api.deepseek.com/chat/completions
[14:11:50 INF] System.Net.Http.HttpClient.IDeepSeekClient.ClientHandler Received HTTP response headers after 295.7298ms - 200
[14:11:50 INF] System.Net.Http.HttpClient.IDeepSeekClient.LogicalHandler End processing HTTP request after 303.6688ms - 200
[14:11:55 INF] System.Net.Http.HttpClient.IDeepSeekClient.LogicalHandler Start processing HTTP request POST https://api.deepseek.com/chat/completions
[14:11:55 INF] System.Net.Http.HttpClient.IDeepSeekClient.ClientHandler Sending HTTP request POST https://api.deepseek.com/chat/completions
[14:11:55 INF] System.Net.Http.HttpClient.IDeepSeekClient.ClientHandler Received HTTP response headers after 289.3021ms - 200
[14:11:55 INF] System.Net.Http.HttpClient.IDeepSeekClient.LogicalHandler End processing HTTP request after 297.25ms - 200
[14:11:58 INF] System.Net.Http.HttpClient.IDeepSeekClient.LogicalHandler Start processing HTTP request POST https://api.deepseek.com/chat/completions
[14:11:58 INF] System.Net.Http.HttpClient.IDeepSeekClient.ClientHandler Sending HTTP request POST https://api.deepseek.com/chat/completions
[14:11:58 INF] System.Net.Http.HttpClient.IDeepSeekClient.ClientHandler Received HTTP response headers after 290.3395ms - 200
[14:11:58 INF] System.Net.Http.HttpClient.IDeepSeekClient.LogicalHandler End processing HTTP request after 298.6487ms - 200
[14:11:59 INF] System.Net.Http.HttpClient.IDeepSeekClient.LogicalHandler Start processing HTTP request POST https://api.deepseek.com/chat/completions
[14:11:59 INF] System.Net.Http.HttpClient.IDeepSeekClient.ClientHandler Sending HTTP request POST https://api.deepseek.com/chat/completions
[14:12:00 INF] System.Net.Http.HttpClient.IDeepSeekClient.ClientHandler Received HTTP response headers after 322.9028ms - 200
[14:12:00 INF] System.Net.Http.HttpClient.IDeepSeekClient.LogicalHandler End processing HTTP request after 330.6893ms - 200
[14:12:01 INF] System.Net.Http.HttpClient.IDeepSeekClient.LogicalHandler Start processing HTTP request POST https://api.deepseek.com/chat/completions
[14:12:01 INF] System.Net.Http.HttpClient.IDeepSeekClient.ClientHandler Sending HTTP request POST https://api.deepseek.com/chat/completions
[14:12:01 INF] System.Net.Http.HttpClient.IDeepSeekClient.ClientHandler Received HTTP response headers after 296.3373ms - 200
[14:12:01 INF] System.Net.Http.HttpClient.IDeepSeekClient.LogicalHandler End processing HTTP request after 304.2875ms - 200
[14:12:04 INF] System.Net.Http.HttpClient.IDeepSeekClient.LogicalHandler Start processing HTTP request POST https://api.deepseek.com/chat/completions
[14:12:04 INF] System.Net.Http.HttpClient.IDeepSeekClient.ClientHandler Sending HTTP request POST https://api.deepseek.com/chat/completions
[14:12:04 INF] System.Net.Http.HttpClient.IDeepSeekClient.ClientHandler Received HTTP response headers after 305.1473ms - 200
[14:12:04 INF] System.Net.Http.HttpClient.IDeepSeekClient.LogicalHandler End processing HTTP request after 312.4626ms - 200
[14:12:07 INF] System.Net.Http.HttpClient.IDeepSeekClient.LogicalHandler Start processing HTTP request POST https://api.deepseek.com/chat/completions
[14:12:07 INF] System.Net.Http.HttpClient.IDeepSeekClient.ClientHandler Sending HTTP request POST https://api.deepseek.com/chat/completions
[14:12:07 INF] System.Net.Http.HttpClient.IDeepSeekClient.LogicalHandler Start processing HTTP request POST https://api.deepseek.com/chat/completions
[14:12:07 INF] System.Net.Http.HttpClient.IDeepSeekClient.ClientHandler Sending HTTP request POST https://api.deepseek.com/chat/completions
[14:12:07 INF] System.Net.Http.HttpClient.IDeepSeekClient.ClientHandler Received HTTP response headers after 285.7174ms - 200
[14:12:07 INF] System.Net.Http.HttpClient.IDeepSeekClient.LogicalHandler End processing HTTP request after 293.166ms - 200
[14:12:07 INF] System.Net.Http.HttpClient.IDeepSeekClient.ClientHandler Received HTTP response headers after 313.3837ms - 200
[14:12:07 INF] System.Net.Http.HttpClient.IDeepSeekClient.LogicalHandler End processing HTTP request after 321.4609ms - 200
[14:12:19 INF] System.Net.Http.HttpClient.IDeepSeekClient.LogicalHandler Start processing HTTP request POST https://api.deepseek.com/chat/completions
[14:12:19 INF] System.Net.Http.HttpClient.IDeepSeekClient.ClientHandler Sending HTTP request POST https://api.deepseek.com/chat/completions
[14:12:19 INF] System.Net.Http.HttpClient.IDeepSeekClient.ClientHandler Received HTTP response headers after 286.7373ms - 200
[14:12:19 INF] System.Net.Http.HttpClient.IDeepSeekClient.LogicalHandler End processing HTTP request after 294.0395ms - 200
[14:12:21 INF] System.Net.Http.HttpClient.IDeepSeekClient.LogicalHandler Start processing HTTP request POST https://api.deepseek.com/chat/completions
[14:12:21 INF] System.Net.Http.HttpClient.IDeepSeekClient.ClientHandler Sending HTTP request POST https://api.deepseek.com/chat/completions
[14:12:21 INF] System.Net.Http.HttpClient.IDeepSeekClient.ClientHandler Received HTTP response headers after 294.139ms - 200
[14:12:21 INF] System.Net.Http.HttpClient.IDeepSeekClient.LogicalHandler End processing HTTP request after 302.1187ms - 200
[14:12:23 INF] System.Net.Http.HttpClient.IDeepSeekClient.LogicalHandler Start processing HTTP request POST https://api.deepseek.com/chat/completions
[14:12:23 INF] System.Net.Http.HttpClient.IDeepSeekClient.ClientHandler Sending HTTP request POST https://api.deepseek.com/chat/completions
[14:12:24 INF] System.Net.Http.HttpClient.IDeepSeekClient.ClientHandler Received HTTP response headers after 299.7427ms - 200
[14:12:24 INF] System.Net.Http.HttpClient.IDeepSeekClient.LogicalHandler End processing HTTP request after 307.1519ms - 200
[14:13:02 INF] System.Net.Http.HttpClient.IStockApiClient.LogicalHandler Start processing HTTP request GET https://data.sec.gov/api/xbrl/companyfacts/CIK0001045810.json
[14:13:02 INF] System.Net.Http.HttpClient.IStockApiClient.ClientHandler Sending HTTP request GET https://data.sec.gov/api/xbrl/companyfacts/CIK0001045810.json
[14:13:02 INF] System.Net.Http.HttpClient.IStockApiClient.ClientHandler Received HTTP response headers after 310.5427ms - 200
[14:13:02 INF] System.Net.Http.HttpClient.IStockApiClient.LogicalHandler End processing HTTP request after 318.7571ms - 200
[14:13:03 INF] System.Net.Http.HttpClient.IStockApiClient.LogicalHandler Start processing HTTP request GET https://data.sec.gov/submissions/CIK0001045810.json
[14:13:03 INF] System.Net.Http.HttpClient.IStockApiClient.ClientHandler Sending HTTP request GET https://data.sec.gov/submissions/CIK0001045810.json
[14:13:03 INF] System.Net.Http.HttpClient.IStockApiClient.ClientHandler Received HTTP response headers after 66.8025ms - 200
[14:13:03 INF] System.Net.Http.HttpClient.IStockApiClient.LogicalHandler End processing HTTP request after 74.8775ms - 200
[14:13:03 INF] System.Net.Http.HttpClient.IStockApiClient.LogicalHandler Start processing HTTP request GET https://www.sec.gov/Archives/edgar/data/1045810/000104581026000021/index.json
[14:13:03 INF] System.Net.Http.HttpClient.IStockApiClient.ClientHandler Sending HTTP request GET https://www.sec.gov/Archives/edgar/data/1045810/000104581026000021/index.json
[14:13:03 INF] System.Net.Http.HttpClient.IStockApiClient.ClientHandler Received HTTP response headers after 138.3067ms - 200
[14:13:03 INF] System.Net.Http.HttpClient.IStockApiClient.LogicalHandler End processing HTTP request after 146.5855ms - 200
[14:13:03 INF] System.Net.Http.HttpClient.IStockApiClient.LogicalHandler Start processing HTTP request GET https://www.sec.gov/Archives/edgar/data/1045810/000104581026000021/nvda-20260125_htm.xml
[14:13:03 INF] System.Net.Http.HttpClient.IStockApiClient.ClientHandler Sending HTTP request GET https://www.sec.gov/Archives/edgar/data/1045810/000104581026000021/nvda-20260125_htm.xml
[14:13:03 INF] System.Net.Http.HttpClient.IStockApiClient.ClientHandler Received HTTP response headers after 65.3147ms - 200
[14:13:03 INF] System.Net.Http.HttpClient.IStockApiClient.LogicalHandler End processing HTTP request after 73.45ms - 200
[14:13:03 INF] System.Net.Http.HttpClient.IDeepSeekClient.LogicalHandler Start processing HTTP request POST https://api.deepseek.com/chat/completions
[14:13:03 INF] System.Net.Http.HttpClient.IDeepSeekClient.ClientHandler Sending HTTP request POST https://api.deepseek.com/chat/completions
[14:13:04 INF] System.Net.Http.HttpClient.IDeepSeekClient.ClientHandler Received HTTP response headers after 293.0066ms - 200
[14:13:04 INF] System.Net.Http.HttpClient.IDeepSeekClient.LogicalHandler End processing HTTP request after 302.1714ms - 200
[14:24:12 INF] Microsoft.Hosting.Lifetime Application is shutting down...
[14:29:32 INF] Microsoft.Hosting.Lifetime Now listening on: http://localhost:5213
[14:29:32 INF] Microsoft.Hosting.Lifetime Application started. Press Ctrl+C to shut down.
[14:29:32 INF] Microsoft.Hosting.Lifetime Hosting environment: Development
[14:29:33 INF] Microsoft.Hosting.Lifetime Content root path: C:\Users\luka.osojnik\Documents\Coding\simple-bloomberg-terminal\simple-bloomberg-terminal
[14:29:33 INF] simple_bloomberg_terminal.Services.Provisioning.WeeklyVolumeRefreshService Weekly volume refresh: 1 companies with stale volume
[14:29:33 INF] System.Net.Http.HttpClient.IStockApiClient.LogicalHandler Start processing HTTP request GET https://www.sec.gov/files/company_tickers.json
[14:29:33 INF] System.Net.Http.HttpClient.IStockApiClient.ClientHandler Sending HTTP request GET https://www.sec.gov/files/company_tickers.json
[14:29:33 INF] System.Net.Http.HttpClient.IStockApiClient.ClientHandler Received HTTP response headers after 168.1813ms - 200
[14:29:33 INF] System.Net.Http.HttpClient.IStockApiClient.LogicalHandler End processing HTTP request after 188.0611ms - 200
[14:29:33 INF] System.Net.Http.HttpClient.IYahooFinanceClient.LogicalHandler Start processing HTTP request GET https://query1.finance.yahoo.com/v8/finance/chart/MMM?*
[14:29:33 INF] System.Net.Http.HttpClient.IYahooFinanceClient.ClientHandler Sending HTTP request GET https://query1.finance.yahoo.com/v8/finance/chart/MMM?*
[14:29:33 INF] System.Net.Http.HttpClient.IYahooFinanceClient.ClientHandler Received HTTP response headers after 261.1702ms - 200
[14:29:33 INF] System.Net.Http.HttpClient.IYahooFinanceClient.LogicalHandler End processing HTTP request after 287.4144ms - 200
[14:29:34 WRN] Microsoft.EntityFrameworkCore.Query Compiling a query which loads related collections for more than one collection navigation, either via 'Include' or through projection, but no 'QuerySplittingBehavior' has been configured. By default, Entity Framework will use 'QuerySplittingBehavior.SingleQuery', which can potentially result in slow query performance. See https://go.microsoft.com/fwlink/?linkid=2134277 for more information. To identify the query that's triggering this warning call 'ConfigureWarnings(w => w.Throw(RelationalEventId.MultipleCollectionIncludeWarning))'.
[14:30:03 INF] simple_bloomberg_terminal.Areas.Identity.Pages.Account.ExternalLoginModel Luka Osojnik signed in with Google.
[14:30:06 WRN] LuckyPennySoftware.AutoMapper.License You do not have a valid license key for the Lucky Penny software AutoMapper. This is allowed for development and testing scenarios. If you are running in production you are required to have a licensed version. Please visit https://luckypennysoftware.com to obtain a valid license.
[14:30:06 INF] System.Net.Http.HttpClient.IStockApiClient.LogicalHandler Start processing HTTP request GET https://data.sec.gov/submissions/CIK0001045810.json
[14:30:06 INF] System.Net.Http.HttpClient.IStockApiClient.ClientHandler Sending HTTP request GET https://data.sec.gov/submissions/CIK0001045810.json
[14:30:06 INF] System.Net.Http.HttpClient.IStockApiClient.ClientHandler Received HTTP response headers after 161.7911ms - 200
[14:30:06 INF] System.Net.Http.HttpClient.IStockApiClient.LogicalHandler End processing HTTP request after 173.6594ms - 200
[14:30:11 INF] System.Net.Http.HttpClient.IStockApiClient.LogicalHandler Start processing HTTP request GET https://www.sec.gov/Archives/edgar/data/1045810/000104581026000021/nvda-20260125.htm
[14:30:11 INF] System.Net.Http.HttpClient.IStockApiClient.ClientHandler Sending HTTP request GET https://www.sec.gov/Archives/edgar/data/1045810/000104581026000021/nvda-20260125.htm
[14:30:11 INF] System.Net.Http.HttpClient.IStockApiClient.ClientHandler Received HTTP response headers after 31.5597ms - 200
[14:30:11 INF] System.Net.Http.HttpClient.IStockApiClient.LogicalHandler End processing HTTP request after 41.5033ms - 200
[14:30:11 INF] System.Net.Http.HttpClient.IDeepSeekClient.LogicalHandler Start processing HTTP request POST https://api.deepseek.com/chat/completions
[14:30:11 INF] System.Net.Http.HttpClient.IDeepSeekClient.ClientHandler Sending HTTP request POST https://api.deepseek.com/chat/completions
[14:30:12 INF] System.Net.Http.HttpClient.IStockApiClient.LogicalHandler Start processing HTTP request GET https://www.sec.gov/Archives/edgar/data/1045810/000104581026000021/nvda-20260125.htm
[14:30:12 INF] System.Net.Http.HttpClient.IStockApiClient.ClientHandler Sending HTTP request GET https://www.sec.gov/Archives/edgar/data/1045810/000104581026000021/nvda-20260125.htm
[14:30:12 INF] System.Net.Http.HttpClient.IStockApiClient.ClientHandler Received HTTP response headers after 26.6858ms - 200
[14:30:12 INF] System.Net.Http.HttpClient.IStockApiClient.LogicalHandler End processing HTTP request after 36.262ms - 200
[14:30:12 INF] System.Net.Http.HttpClient.IDeepSeekClient.ClientHandler Received HTTP response headers after 371.0349ms - 200
[14:30:12 INF] System.Net.Http.HttpClient.IDeepSeekClient.LogicalHandler End processing HTTP request after 380.4065ms - 200
[14:30:18 INF] System.Net.Http.HttpClient.IStockApiClient.LogicalHandler Start processing HTTP request GET https://www.sec.gov/Archives/edgar/data/1045810/000104581026000021/FilingSummary.xml
[14:30:18 INF] System.Net.Http.HttpClient.IStockApiClient.ClientHandler Sending HTTP request GET https://www.sec.gov/Archives/edgar/data/1045810/000104581026000021/FilingSummary.xml
[14:30:18 INF] System.Net.Http.HttpClient.IStockApiClient.ClientHandler Received HTTP response headers after 64.5508ms - 200
[14:30:18 INF] System.Net.Http.HttpClient.IStockApiClient.LogicalHandler End processing HTTP request after 74.2621ms - 200
[14:30:18 INF] System.Net.Http.HttpClient.IStockApiClient.LogicalHandler Start processing HTTP request GET https://www.sec.gov/Archives/edgar/data/1045810/000104581026000021/R3.htm
[14:30:18 INF] System.Net.Http.HttpClient.IStockApiClient.ClientHandler Sending HTTP request GET https://www.sec.gov/Archives/edgar/data/1045810/000104581026000021/R3.htm
[14:30:18 INF] System.Net.Http.HttpClient.IStockApiClient.ClientHandler Received HTTP response headers after 30.1848ms - 200
[14:30:18 INF] System.Net.Http.HttpClient.IStockApiClient.LogicalHandler End processing HTTP request after 39.9961ms - 200
[14:30:18 INF] System.Net.Http.HttpClient.IStockApiClient.LogicalHandler Start processing HTTP request GET https://www.sec.gov/Archives/edgar/data/1045810/000104581026000021/R64.htm
[14:30:18 INF] System.Net.Http.HttpClient.IStockApiClient.ClientHandler Sending HTTP request GET https://www.sec.gov/Archives/edgar/data/1045810/000104581026000021/R64.htm
[14:30:18 INF] System.Net.Http.HttpClient.IStockApiClient.ClientHandler Received HTTP response headers after 24.4388ms - 200
[14:30:18 INF] System.Net.Http.HttpClient.IStockApiClient.LogicalHandler End processing HTTP request after 33.8645ms - 200
[14:30:18 INF] System.Net.Http.HttpClient.IStockApiClient.LogicalHandler Start processing HTTP request GET https://www.sec.gov/Archives/edgar/data/1045810/000104581026000021/R65.htm
[14:30:18 INF] System.Net.Http.HttpClient.IStockApiClient.ClientHandler Sending HTTP request GET https://www.sec.gov/Archives/edgar/data/1045810/000104581026000021/R65.htm
[14:30:18 INF] System.Net.Http.HttpClient.IStockApiClient.ClientHandler Received HTTP response headers after 24.5163ms - 200
[14:30:18 INF] System.Net.Http.HttpClient.IStockApiClient.LogicalHandler End processing HTTP request after 34.979ms - 200
[14:30:18 INF] System.Net.Http.HttpClient.IStockApiClient.LogicalHandler Start processing HTTP request GET https://www.sec.gov/Archives/edgar/data/1045810/000104581026000021/R71.htm
[14:30:18 INF] System.Net.Http.HttpClient.IStockApiClient.ClientHandler Sending HTTP request GET https://www.sec.gov/Archives/edgar/data/1045810/000104581026000021/R71.htm
[14:30:18 INF] System.Net.Http.HttpClient.IStockApiClient.ClientHandler Received HTTP response headers after 23.8855ms - 200
[14:30:18 INF] System.Net.Http.HttpClient.IStockApiClient.LogicalHandler End processing HTTP request after 33.0606ms - 200
[14:30:18 INF] System.Net.Http.HttpClient.IStockApiClient.LogicalHandler Start processing HTTP request GET https://www.sec.gov/Archives/edgar/data/1045810/000104581026000021/R81.htm
[14:30:18 INF] System.Net.Http.HttpClient.IStockApiClient.ClientHandler Sending HTTP request GET https://www.sec.gov/Archives/edgar/data/1045810/000104581026000021/R81.htm
[14:30:18 INF] System.Net.Http.HttpClient.IStockApiClient.ClientHandler Received HTTP response headers after 25.7627ms - 200
[14:30:18 INF] System.Net.Http.HttpClient.IStockApiClient.LogicalHandler End processing HTTP request after 34.7276ms - 200
[14:30:18 INF] System.Net.Http.HttpClient.IStockApiClient.LogicalHandler Start processing HTTP request GET https://www.sec.gov/Archives/edgar/data/1045810/000104581026000021/R82.htm
[14:30:18 INF] System.Net.Http.HttpClient.IStockApiClient.ClientHandler Sending HTTP request GET https://www.sec.gov/Archives/edgar/data/1045810/000104581026000021/R82.htm
[14:30:18 INF] System.Net.Http.HttpClient.IStockApiClient.ClientHandler Received HTTP response headers after 24.9764ms - 200
[14:30:18 INF] System.Net.Http.HttpClient.IStockApiClient.LogicalHandler End processing HTTP request after 33.709ms - 200
[14:30:18 INF] System.Net.Http.HttpClient.IStockApiClient.LogicalHandler Start processing HTTP request GET https://www.sec.gov/Archives/edgar/data/1045810/000104581026000021/R83.htm
[14:30:18 INF] System.Net.Http.HttpClient.IStockApiClient.ClientHandler Sending HTTP request GET https://www.sec.gov/Archives/edgar/data/1045810/000104581026000021/R83.htm
[14:30:18 INF] System.Net.Http.HttpClient.IStockApiClient.ClientHandler Received HTTP response headers after 30.8222ms - 200
[14:30:18 INF] System.Net.Http.HttpClient.IStockApiClient.LogicalHandler End processing HTTP request after 40.1734ms - 200
[14:30:18 INF] System.Net.Http.HttpClient.IStockApiClient.LogicalHandler Start processing HTTP request GET https://www.sec.gov/Archives/edgar/data/1045810/000104581026000021/R84.htm
[14:30:18 INF] System.Net.Http.HttpClient.IStockApiClient.ClientHandler Sending HTTP request GET https://www.sec.gov/Archives/edgar/data/1045810/000104581026000021/R84.htm
[14:30:18 INF] System.Net.Http.HttpClient.IStockApiClient.ClientHandler Received HTTP response headers after 25.8441ms - 200
[14:30:18 INF] System.Net.Http.HttpClient.IStockApiClient.LogicalHandler End processing HTTP request after 34.927ms - 200
[14:30:18 INF] System.Net.Http.HttpClient.IStockApiClient.LogicalHandler Start processing HTTP request GET https://www.sec.gov/Archives/edgar/data/1045810/000104581026000021/R85.htm
[14:30:18 INF] System.Net.Http.HttpClient.IStockApiClient.ClientHandler Sending HTTP request GET https://www.sec.gov/Archives/edgar/data/1045810/000104581026000021/R85.htm
[14:30:18 INF] System.Net.Http.HttpClient.IStockApiClient.ClientHandler Received HTTP response headers after 51.7802ms - 200
[14:30:18 INF] System.Net.Http.HttpClient.IStockApiClient.LogicalHandler End processing HTTP request after 61.687ms - 200
[14:30:18 INF] System.Net.Http.HttpClient.IDeepSeekClient.LogicalHandler Start processing HTTP request POST https://api.deepseek.com/chat/completions
[14:30:18 INF] System.Net.Http.HttpClient.IDeepSeekClient.ClientHandler Sending HTTP request POST https://api.deepseek.com/chat/completions
[14:30:18 INF] System.Net.Http.HttpClient.IDeepSeekClient.LogicalHandler Start processing HTTP request POST https://api.deepseek.com/chat/completions
[14:30:18 INF] System.Net.Http.HttpClient.IDeepSeekClient.ClientHandler Sending HTTP request POST https://api.deepseek.com/chat/completions
[14:30:18 INF] System.Net.Http.HttpClient.IDeepSeekClient.LogicalHandler Start processing HTTP request POST https://api.deepseek.com/chat/completions
[14:30:18 INF] System.Net.Http.HttpClient.IDeepSeekClient.ClientHandler Sending HTTP request POST https://api.deepseek.com/chat/completions
[14:30:18 INF] System.Net.Http.HttpClient.IDeepSeekClient.LogicalHandler Start processing HTTP request POST https://api.deepseek.com/chat/completions
[14:30:18 INF] System.Net.Http.HttpClient.IDeepSeekClient.ClientHandler Sending HTTP request POST https://api.deepseek.com/chat/completions
[14:30:18 INF] System.Net.Http.HttpClient.IDeepSeekClient.LogicalHandler Start processing HTTP request POST https://api.deepseek.com/chat/completions
[14:30:18 INF] System.Net.Http.HttpClient.IDeepSeekClient.ClientHandler Sending HTTP request POST https://api.deepseek.com/chat/completions
[14:30:18 INF] System.Net.Http.HttpClient.IDeepSeekClient.LogicalHandler Start processing HTTP request POST https://api.deepseek.com/chat/completions
[14:30:18 INF] System.Net.Http.HttpClient.IDeepSeekClient.ClientHandler Sending HTTP request POST https://api.deepseek.com/chat/completions
[14:30:19 INF] System.Net.Http.HttpClient.IDeepSeekClient.ClientHandler Received HTTP response headers after 289.6966ms - 200
[14:30:19 INF] System.Net.Http.HttpClient.IDeepSeekClient.LogicalHandler End processing HTTP request after 300.4383ms - 200
[14:30:19 INF] System.Net.Http.HttpClient.IDeepSeekClient.ClientHandler Received HTTP response headers after 331.7806ms - 200
[14:30:19 INF] System.Net.Http.HttpClient.IDeepSeekClient.LogicalHandler End processing HTTP request after 341.9196ms - 200
[14:30:19 INF] System.Net.Http.HttpClient.IDeepSeekClient.ClientHandler Received HTTP response headers after 322.0324ms - 200
[14:30:19 INF] System.Net.Http.HttpClient.IDeepSeekClient.LogicalHandler End processing HTTP request after 333.1671ms - 200
[14:30:19 INF] System.Net.Http.HttpClient.IDeepSeekClient.ClientHandler Received HTTP response headers after 317.3053ms - 200
[14:30:19 INF] System.Net.Http.HttpClient.IDeepSeekClient.LogicalHandler End processing HTTP request after 328.441ms - 200
[14:30:19 INF] System.Net.Http.HttpClient.IDeepSeekClient.ClientHandler Received HTTP response headers after 334.7481ms - 200
[14:30:19 INF] System.Net.Http.HttpClient.IDeepSeekClient.ClientHandler Received HTTP response headers after 350.7062ms - 200
[14:30:19 INF] System.Net.Http.HttpClient.IDeepSeekClient.LogicalHandler End processing HTTP request after 345.38ms - 200
[14:30:19 INF] System.Net.Http.HttpClient.IDeepSeekClient.LogicalHandler End processing HTTP request after 362.6142ms - 200
[14:30:25 INF] System.Net.Http.HttpClient.IDeepSeekClient.LogicalHandler Start processing HTTP request POST https://api.deepseek.com/chat/completions
[14:30:25 INF] System.Net.Http.HttpClient.IDeepSeekClient.ClientHandler Sending HTTP request POST https://api.deepseek.com/chat/completions
[14:30:25 INF] System.Net.Http.HttpClient.IDeepSeekClient.ClientHandler Received HTTP response headers after 356.9101ms - 200
[14:30:25 INF] System.Net.Http.HttpClient.IDeepSeekClient.LogicalHandler End processing HTTP request after 364.5944ms - 200
[14:30:27 INF] System.Net.Http.HttpClient.IDeepSeekClient.LogicalHandler Start processing HTTP request POST https://api.deepseek.com/chat/completions
[14:30:27 INF] System.Net.Http.HttpClient.IDeepSeekClient.ClientHandler Sending HTTP request POST https://api.deepseek.com/chat/completions
[14:30:27 INF] System.Net.Http.HttpClient.IDeepSeekClient.ClientHandler Received HTTP response headers after 287.6415ms - 200
[14:30:27 INF] System.Net.Http.HttpClient.IDeepSeekClient.LogicalHandler End processing HTTP request after 295.3266ms - 200
[14:30:29 INF] System.Net.Http.HttpClient.IDeepSeekClient.LogicalHandler Start processing HTTP request POST https://api.deepseek.com/chat/completions
[14:30:29 INF] System.Net.Http.HttpClient.IDeepSeekClient.ClientHandler Sending HTTP request POST https://api.deepseek.com/chat/completions
[14:30:29 INF] System.Net.Http.HttpClient.IDeepSeekClient.ClientHandler Received HTTP response headers after 312.3523ms - 200
[14:30:29 INF] System.Net.Http.HttpClient.IDeepSeekClient.LogicalHandler End processing HTTP request after 319.5563ms - 200
[14:30:31 INF] System.Net.Http.HttpClient.IDeepSeekClient.LogicalHandler Start processing HTTP request POST https://api.deepseek.com/chat/completions
[14:30:31 INF] System.Net.Http.HttpClient.IDeepSeekClient.ClientHandler Sending HTTP request POST https://api.deepseek.com/chat/completions
[14:30:31 INF] System.Net.Http.HttpClient.IDeepSeekClient.ClientHandler Received HTTP response headers after 294.0889ms - 200
[14:30:31 INF] System.Net.Http.HttpClient.IDeepSeekClient.LogicalHandler End processing HTTP request after 301.9009ms - 200
[14:30:39 INF] System.Net.Http.HttpClient.IDeepSeekClient.LogicalHandler Start processing HTTP request POST https://api.deepseek.com/chat/completions
[14:30:39 INF] System.Net.Http.HttpClient.IDeepSeekClient.ClientHandler Sending HTTP request POST https://api.deepseek.com/chat/completions
[14:30:39 INF] System.Net.Http.HttpClient.IDeepSeekClient.ClientHandler Received HTTP response headers after 337.8762ms - 200
[14:30:39 INF] System.Net.Http.HttpClient.IDeepSeekClient.LogicalHandler End processing HTTP request after 347.258ms - 200
[14:30:40 INF] System.Net.Http.HttpClient.IDeepSeekClient.LogicalHandler Start processing HTTP request POST https://api.deepseek.com/chat/completions
[14:30:40 INF] System.Net.Http.HttpClient.IDeepSeekClient.ClientHandler Sending HTTP request POST https://api.deepseek.com/chat/completions
[14:30:41 INF] System.Net.Http.HttpClient.IDeepSeekClient.ClientHandler Received HTTP response headers after 364.1085ms - 200
[14:30:41 INF] System.Net.Http.HttpClient.IDeepSeekClient.LogicalHandler End processing HTTP request after 372.4326ms - 200
[14:30:42 INF] System.Net.Http.HttpClient.IDeepSeekClient.LogicalHandler Start processing HTTP request POST https://api.deepseek.com/chat/completions
[14:30:42 INF] System.Net.Http.HttpClient.IDeepSeekClient.ClientHandler Sending HTTP request POST https://api.deepseek.com/chat/completions
[14:30:42 INF] System.Net.Http.HttpClient.IDeepSeekClient.ClientHandler Received HTTP response headers after 312.5359ms - 200
[14:30:42 INF] System.Net.Http.HttpClient.IDeepSeekClient.LogicalHandler End processing HTTP request after 320.4525ms - 200
[14:30:45 INF] System.Net.Http.HttpClient.IDeepSeekClient.LogicalHandler Start processing HTTP request POST https://api.deepseek.com/chat/completions
[14:30:45 INF] System.Net.Http.HttpClient.IDeepSeekClient.ClientHandler Sending HTTP request POST https://api.deepseek.com/chat/completions
[14:30:45 INF] System.Net.Http.HttpClient.IDeepSeekClient.ClientHandler Received HTTP response headers after 285.1226ms - 200
[14:30:45 INF] System.Net.Http.HttpClient.IDeepSeekClient.LogicalHandler End processing HTTP request after 293.1231ms - 200
[14:30:49 INF] System.Net.Http.HttpClient.IDeepSeekClient.LogicalHandler Start processing HTTP request POST https://api.deepseek.com/chat/completions
[14:30:49 INF] System.Net.Http.HttpClient.IDeepSeekClient.ClientHandler Sending HTTP request POST https://api.deepseek.com/chat/completions
[14:30:50 INF] System.Net.Http.HttpClient.IDeepSeekClient.ClientHandler Received HTTP response headers after 319.9824ms - 200
[14:30:50 INF] System.Net.Http.HttpClient.IDeepSeekClient.LogicalHandler End processing HTTP request after 328.2943ms - 200
[14:30:53 INF] System.Net.Http.HttpClient.IDeepSeekClient.LogicalHandler Start processing HTTP request POST https://api.deepseek.com/chat/completions
[14:30:53 INF] System.Net.Http.HttpClient.IDeepSeekClient.ClientHandler Sending HTTP request POST https://api.deepseek.com/chat/completions
[14:30:53 INF] System.Net.Http.HttpClient.IDeepSeekClient.ClientHandler Received HTTP response headers after 290.0461ms - 200
[14:30:53 INF] System.Net.Http.HttpClient.IDeepSeekClient.LogicalHandler End processing HTTP request after 298.4592ms - 200
[14:30:53 INF] System.Net.Http.HttpClient.IDeepSeekClient.LogicalHandler Start processing HTTP request POST https://api.deepseek.com/chat/completions
[14:30:53 INF] System.Net.Http.HttpClient.IDeepSeekClient.ClientHandler Sending HTTP request POST https://api.deepseek.com/chat/completions
[14:30:54 INF] System.Net.Http.HttpClient.IDeepSeekClient.ClientHandler Received HTTP response headers after 287.4263ms - 200
[14:30:54 INF] System.Net.Http.HttpClient.IDeepSeekClient.LogicalHandler End processing HTTP request after 295.2309ms - 200
[14:30:55 INF] System.Net.Http.HttpClient.IDeepSeekClient.LogicalHandler Start processing HTTP request POST https://api.deepseek.com/chat/completions
[14:30:55 INF] System.Net.Http.HttpClient.IDeepSeekClient.ClientHandler Sending HTTP request POST https://api.deepseek.com/chat/completions
[14:30:55 INF] System.Net.Http.HttpClient.IDeepSeekClient.ClientHandler Received HTTP response headers after 287.628ms - 200
[14:30:55 INF] System.Net.Http.HttpClient.IDeepSeekClient.LogicalHandler End processing HTTP request after 295.895ms - 200
[14:30:56 INF] System.Net.Http.HttpClient.IDeepSeekClient.LogicalHandler Start processing HTTP request POST https://api.deepseek.com/chat/completions
[14:30:56 INF] System.Net.Http.HttpClient.IDeepSeekClient.ClientHandler Sending HTTP request POST https://api.deepseek.com/chat/completions
[14:30:56 INF] System.Net.Http.HttpClient.IDeepSeekClient.ClientHandler Received HTTP response headers after 296.9375ms - 200
[14:30:56 INF] System.Net.Http.HttpClient.IDeepSeekClient.LogicalHandler End processing HTTP request after 304.5433ms - 200
[14:30:59 INF] System.Net.Http.HttpClient.IDeepSeekClient.LogicalHandler Start processing HTTP request POST https://api.deepseek.com/chat/completions
[14:30:59 INF] System.Net.Http.HttpClient.IDeepSeekClient.ClientHandler Sending HTTP request POST https://api.deepseek.com/chat/completions
[14:30:59 INF] System.Net.Http.HttpClient.IDeepSeekClient.ClientHandler Received HTTP response headers after 300.3579ms - 200
[14:30:59 INF] System.Net.Http.HttpClient.IDeepSeekClient.LogicalHandler End processing HTTP request after 308.8081ms - 200
[14:30:59 INF] System.Net.Http.HttpClient.IDeepSeekClient.LogicalHandler Start processing HTTP request POST https://api.deepseek.com/chat/completions
[14:30:59 INF] System.Net.Http.HttpClient.IDeepSeekClient.ClientHandler Sending HTTP request POST https://api.deepseek.com/chat/completions
[14:30:59 INF] System.Net.Http.HttpClient.IDeepSeekClient.ClientHandler Received HTTP response headers after 286.8426ms - 200
[14:30:59 INF] System.Net.Http.HttpClient.IDeepSeekClient.LogicalHandler End processing HTTP request after 294.4355ms - 200
[14:31:02 INF] System.Net.Http.HttpClient.IDeepSeekClient.LogicalHandler Start processing HTTP request POST https://api.deepseek.com/chat/completions
[14:31:02 INF] System.Net.Http.HttpClient.IDeepSeekClient.ClientHandler Sending HTTP request POST https://api.deepseek.com/chat/completions
[14:31:02 INF] System.Net.Http.HttpClient.IDeepSeekClient.ClientHandler Received HTTP response headers after 282.8541ms - 200
[14:31:02 INF] System.Net.Http.HttpClient.IDeepSeekClient.LogicalHandler End processing HTTP request after 290.3454ms - 200
[14:31:04 INF] System.Net.Http.HttpClient.IDeepSeekClient.LogicalHandler Start processing HTTP request POST https://api.deepseek.com/chat/completions
[14:31:04 INF] System.Net.Http.HttpClient.IDeepSeekClient.ClientHandler Sending HTTP request POST https://api.deepseek.com/chat/completions
[14:31:05 INF] System.Net.Http.HttpClient.IDeepSeekClient.ClientHandler Received HTTP response headers after 287.8978ms - 200
[14:31:05 INF] System.Net.Http.HttpClient.IDeepSeekClient.LogicalHandler End processing HTTP request after 295.3899ms - 200
[14:31:06 INF] System.Net.Http.HttpClient.IDeepSeekClient.LogicalHandler Start processing HTTP request POST https://api.deepseek.com/chat/completions
[14:31:06 INF] System.Net.Http.HttpClient.IDeepSeekClient.ClientHandler Sending HTTP request POST https://api.deepseek.com/chat/completions
[14:31:06 INF] System.Net.Http.HttpClient.IDeepSeekClient.ClientHandler Received HTTP response headers after 386.6673ms - 200
[14:31:06 INF] System.Net.Http.HttpClient.IDeepSeekClient.LogicalHandler End processing HTTP request after 394.4295ms - 200
[14:31:07 INF] System.Net.Http.HttpClient.IDeepSeekClient.LogicalHandler Start processing HTTP request POST https://api.deepseek.com/chat/completions
[14:31:07 INF] System.Net.Http.HttpClient.IDeepSeekClient.ClientHandler Sending HTTP request POST https://api.deepseek.com/chat/completions
[14:31:08 INF] System.Net.Http.HttpClient.IDeepSeekClient.ClientHandler Received HTTP response headers after 311.4969ms - 200
[14:31:08 INF] System.Net.Http.HttpClient.IDeepSeekClient.LogicalHandler End processing HTTP request after 319.7702ms - 200
[14:31:08 INF] System.Net.Http.HttpClient.IDeepSeekClient.LogicalHandler Start processing HTTP request POST https://api.deepseek.com/chat/completions
[14:31:08 INF] System.Net.Http.HttpClient.IDeepSeekClient.ClientHandler Sending HTTP request POST https://api.deepseek.com/chat/completions
[14:31:08 INF] System.Net.Http.HttpClient.IDeepSeekClient.ClientHandler Received HTTP response headers after 300.7062ms - 200
[14:31:08 INF] System.Net.Http.HttpClient.IDeepSeekClient.LogicalHandler End processing HTTP request after 308.4258ms - 200
[14:31:10 INF] System.Net.Http.HttpClient.IDeepSeekClient.LogicalHandler Start processing HTTP request POST https://api.deepseek.com/chat/completions
[14:31:10 INF] System.Net.Http.HttpClient.IDeepSeekClient.ClientHandler Sending HTTP request POST https://api.deepseek.com/chat/completions
[14:31:10 INF] System.Net.Http.HttpClient.IDeepSeekClient.ClientHandler Received HTTP response headers after 292.4394ms - 200
[14:31:10 INF] System.Net.Http.HttpClient.IDeepSeekClient.LogicalHandler End processing HTTP request after 300.6631ms - 200
[14:31:10 INF] System.Net.Http.HttpClient.IDeepSeekClient.LogicalHandler Start processing HTTP request POST https://api.deepseek.com/chat/completions
[14:31:10 INF] System.Net.Http.HttpClient.IDeepSeekClient.ClientHandler Sending HTTP request POST https://api.deepseek.com/chat/completions
[14:31:11 INF] System.Net.Http.HttpClient.IDeepSeekClient.ClientHandler Received HTTP response headers after 299.8275ms - 200
[14:31:11 INF] System.Net.Http.HttpClient.IDeepSeekClient.LogicalHandler End processing HTTP request after 307.4184ms - 200
[14:31:12 INF] System.Net.Http.HttpClient.IDeepSeekClient.LogicalHandler Start processing HTTP request POST https://api.deepseek.com/chat/completions
[14:31:12 INF] System.Net.Http.HttpClient.IDeepSeekClient.ClientHandler Sending HTTP request POST https://api.deepseek.com/chat/completions
[14:31:12 INF] System.Net.Http.HttpClient.IDeepSeekClient.ClientHandler Received HTTP response headers after 292.3985ms - 200
[14:31:12 INF] System.Net.Http.HttpClient.IDeepSeekClient.LogicalHandler End processing HTTP request after 301.2659ms - 200
[14:31:13 INF] System.Net.Http.HttpClient.IDeepSeekClient.LogicalHandler Start processing HTTP request POST https://api.deepseek.com/chat/completions
[14:31:13 INF] System.Net.Http.HttpClient.IDeepSeekClient.ClientHandler Sending HTTP request POST https://api.deepseek.com/chat/completions
[14:31:14 INF] System.Net.Http.HttpClient.IDeepSeekClient.ClientHandler Received HTTP response headers after 302.0217ms - 200
[14:31:14 INF] System.Net.Http.HttpClient.IDeepSeekClient.LogicalHandler End processing HTTP request after 310.0163ms - 200
[14:31:14 INF] System.Net.Http.HttpClient.IDeepSeekClient.LogicalHandler Start processing HTTP request POST https://api.deepseek.com/chat/completions
[14:31:14 INF] System.Net.Http.HttpClient.IDeepSeekClient.ClientHandler Sending HTTP request POST https://api.deepseek.com/chat/completions
[14:31:15 INF] System.Net.Http.HttpClient.IDeepSeekClient.ClientHandler Received HTTP response headers after 634.5463ms - 200
[14:31:15 INF] System.Net.Http.HttpClient.IDeepSeekClient.LogicalHandler End processing HTTP request after 642.6035ms - 200
[14:31:49 INF] System.Net.Http.HttpClient.IStockApiClient.LogicalHandler Start processing HTTP request GET https://data.sec.gov/api/xbrl/companyfacts/CIK0001045810.json
[14:31:49 INF] System.Net.Http.HttpClient.IStockApiClient.ClientHandler Sending HTTP request GET https://data.sec.gov/api/xbrl/companyfacts/CIK0001045810.json
[14:31:49 INF] System.Net.Http.HttpClient.IStockApiClient.ClientHandler Received HTTP response headers after 242.1363ms - 200
[14:31:49 INF] System.Net.Http.HttpClient.IStockApiClient.LogicalHandler End processing HTTP request after 251.009ms - 200
[14:31:50 INF] System.Net.Http.HttpClient.IStockApiClient.LogicalHandler Start processing HTTP request GET https://data.sec.gov/submissions/CIK0001045810.json
[14:31:50 INF] System.Net.Http.HttpClient.IStockApiClient.ClientHandler Sending HTTP request GET https://data.sec.gov/submissions/CIK0001045810.json
[14:31:50 INF] System.Net.Http.HttpClient.IStockApiClient.ClientHandler Received HTTP response headers after 21.3247ms - 200
[14:31:50 INF] System.Net.Http.HttpClient.IStockApiClient.LogicalHandler End processing HTTP request after 29.4879ms - 200
[14:31:50 INF] System.Net.Http.HttpClient.IStockApiClient.LogicalHandler Start processing HTTP request GET https://www.sec.gov/Archives/edgar/data/1045810/000104581026000021/index.json
[14:31:50 INF] System.Net.Http.HttpClient.IStockApiClient.ClientHandler Sending HTTP request GET https://www.sec.gov/Archives/edgar/data/1045810/000104581026000021/index.json
[14:31:50 INF] System.Net.Http.HttpClient.IStockApiClient.ClientHandler Received HTTP response headers after 94.4757ms - 200
[14:31:50 INF] System.Net.Http.HttpClient.IStockApiClient.LogicalHandler End processing HTTP request after 102.9327ms - 200
[14:31:50 INF] System.Net.Http.HttpClient.IStockApiClient.LogicalHandler Start processing HTTP request GET https://www.sec.gov/Archives/edgar/data/1045810/000104581026000021/nvda-20260125_htm.xml
[14:31:50 INF] System.Net.Http.HttpClient.IStockApiClient.ClientHandler Sending HTTP request GET https://www.sec.gov/Archives/edgar/data/1045810/000104581026000021/nvda-20260125_htm.xml
[14:31:50 INF] System.Net.Http.HttpClient.IStockApiClient.ClientHandler Received HTTP response headers after 35.397ms - 200
[14:31:50 INF] System.Net.Http.HttpClient.IStockApiClient.LogicalHandler End processing HTTP request after 43.6825ms - 200
[14:31:50 INF] System.Net.Http.HttpClient.IDeepSeekClient.LogicalHandler Start processing HTTP request POST https://api.deepseek.com/chat/completions
[14:31:50 INF] System.Net.Http.HttpClient.IDeepSeekClient.ClientHandler Sending HTTP request POST https://api.deepseek.com/chat/completions
[14:31:50 INF] System.Net.Http.HttpClient.IDeepSeekClient.ClientHandler Received HTTP response headers after 287.6732ms - 200
[14:31:50 INF] System.Net.Http.HttpClient.IDeepSeekClient.LogicalHandler End processing HTTP request after 297.0272ms - 200
[14:59:28 INF] Microsoft.Hosting.Lifetime Application is shutting down...
[14:59:49 INF] Microsoft.Hosting.Lifetime Now listening on: http://localhost:5213
[14:59:49 INF] Microsoft.Hosting.Lifetime Application started. Press Ctrl+C to shut down.
[14:59:49 INF] Microsoft.Hosting.Lifetime Hosting environment: Development
[14:59:49 INF] Microsoft.Hosting.Lifetime Content root path: C:\Users\luka.osojnik\Documents\Coding\simple-bloomberg-terminal\simple-bloomberg-terminal
[14:59:49 INF] simple_bloomberg_terminal.Services.Provisioning.WeeklyVolumeRefreshService Weekly volume refresh: 1 companies with stale volume
[14:59:49 INF] System.Net.Http.HttpClient.IStockApiClient.LogicalHandler Start processing HTTP request GET https://www.sec.gov/files/company_tickers.json
[14:59:49 INF] System.Net.Http.HttpClient.IStockApiClient.ClientHandler Sending HTTP request GET https://www.sec.gov/files/company_tickers.json
[14:59:49 INF] System.Net.Http.HttpClient.IStockApiClient.ClientHandler Received HTTP response headers after 352.98ms - 200
[14:59:49 INF] System.Net.Http.HttpClient.IStockApiClient.LogicalHandler End processing HTTP request after 380.8144ms - 200
[14:59:50 INF] System.Net.Http.HttpClient.IYahooFinanceClient.LogicalHandler Start processing HTTP request GET https://query1.finance.yahoo.com/v8/finance/chart/MMM?*
[14:59:50 INF] System.Net.Http.HttpClient.IYahooFinanceClient.ClientHandler Sending HTTP request GET https://query1.finance.yahoo.com/v8/finance/chart/MMM?*
[14:59:50 WRN] Microsoft.EntityFrameworkCore.Query Compiling a query which loads related collections for more than one collection navigation, either via 'Include' or through projection, but no 'QuerySplittingBehavior' has been configured. By default, Entity Framework will use 'QuerySplittingBehavior.SingleQuery', which can potentially result in slow query performance. See https://go.microsoft.com/fwlink/?linkid=2134277 for more information. To identify the query that's triggering this warning call 'ConfigureWarnings(w => w.Throw(RelationalEventId.MultipleCollectionIncludeWarning))'.
[14:59:50 INF] System.Net.Http.HttpClient.IYahooFinanceClient.ClientHandler Received HTTP response headers after 254.9602ms - 200
[14:59:50 INF] System.Net.Http.HttpClient.IYahooFinanceClient.LogicalHandler End processing HTTP request after 265.5854ms - 200
[15:00:02 WRN] LuckyPennySoftware.AutoMapper.License You do not have a valid license key for the Lucky Penny software AutoMapper. This is allowed for development and testing scenarios. If you are running in production you are required to have a licensed version. Please visit https://luckypennysoftware.com to obtain a valid license.
[15:00:02 INF] System.Net.Http.HttpClient.IStockApiClient.LogicalHandler Start processing HTTP request GET https://data.sec.gov/submissions/CIK0001045810.json
[15:00:02 INF] System.Net.Http.HttpClient.IStockApiClient.ClientHandler Sending HTTP request GET https://data.sec.gov/submissions/CIK0001045810.json
[15:00:03 INF] System.Net.Http.HttpClient.IStockApiClient.ClientHandler Received HTTP response headers after 875.8827ms - 200
[15:00:03 INF] System.Net.Http.HttpClient.IStockApiClient.LogicalHandler End processing HTTP request after 886.1208ms - 200
[15:00:04 INF] System.Net.Http.HttpClient.IStockApiClient.LogicalHandler Start processing HTTP request GET https://data.sec.gov/submissions/CIK0001045810.json
[15:00:04 INF] System.Net.Http.HttpClient.IStockApiClient.ClientHandler Sending HTTP request GET https://data.sec.gov/submissions/CIK0001045810.json
[15:00:04 INF] System.Net.Http.HttpClient.IStockApiClient.ClientHandler Received HTTP response headers after 31.6299ms - 200
[15:00:04 INF] System.Net.Http.HttpClient.IStockApiClient.LogicalHandler End processing HTTP request after 42.1295ms - 200
[15:00:07 INF] System.Net.Http.HttpClient.IStockApiClient.LogicalHandler Start processing HTTP request GET https://www.sec.gov/Archives/edgar/data/1045810/000104581026000021/nvda-20260125.htm
[15:00:07 INF] System.Net.Http.HttpClient.IStockApiClient.ClientHandler Sending HTTP request GET https://www.sec.gov/Archives/edgar/data/1045810/000104581026000021/nvda-20260125.htm
[15:00:08 INF] System.Net.Http.HttpClient.IStockApiClient.ClientHandler Received HTTP response headers after 47.6074ms - 200
[15:00:08 INF] System.Net.Http.HttpClient.IStockApiClient.LogicalHandler End processing HTTP request after 57.1699ms - 200
[15:00:08 INF] System.Net.Http.HttpClient.IDeepSeekClient.LogicalHandler Start processing HTTP request POST https://api.deepseek.com/chat/completions
[15:00:08 INF] System.Net.Http.HttpClient.IDeepSeekClient.ClientHandler Sending HTTP request POST https://api.deepseek.com/chat/completions
[15:00:08 INF] System.Net.Http.HttpClient.IStockApiClient.LogicalHandler Start processing HTTP request GET https://www.sec.gov/Archives/edgar/data/1045810/000104581026000021/nvda-20260125.htm
[15:00:08 INF] System.Net.Http.HttpClient.IStockApiClient.ClientHandler Sending HTTP request GET https://www.sec.gov/Archives/edgar/data/1045810/000104581026000021/nvda-20260125.htm
[15:00:08 INF] System.Net.Http.HttpClient.IStockApiClient.ClientHandler Received HTTP response headers after 25.6311ms - 200
[15:00:08 INF] System.Net.Http.HttpClient.IStockApiClient.LogicalHandler End processing HTTP request after 34.2185ms - 200
[15:00:09 INF] System.Net.Http.HttpClient.IDeepSeekClient.ClientHandler Received HTTP response headers after 398.0967ms - 200
[15:00:09 INF] System.Net.Http.HttpClient.IDeepSeekClient.LogicalHandler End processing HTTP request after 408.7101ms - 200
[15:00:16 INF] System.Net.Http.HttpClient.IStockApiClient.LogicalHandler Start processing HTTP request GET https://www.sec.gov/Archives/edgar/data/1045810/000104581026000021/FilingSummary.xml
[15:00:16 INF] System.Net.Http.HttpClient.IStockApiClient.ClientHandler Sending HTTP request GET https://www.sec.gov/Archives/edgar/data/1045810/000104581026000021/FilingSummary.xml
[15:00:16 INF] System.Net.Http.HttpClient.IStockApiClient.ClientHandler Received HTTP response headers after 32.8676ms - 200
[15:00:16 INF] System.Net.Http.HttpClient.IStockApiClient.LogicalHandler End processing HTTP request after 42.6013ms - 200
[15:00:16 INF] System.Net.Http.HttpClient.IStockApiClient.LogicalHandler Start processing HTTP request GET https://www.sec.gov/Archives/edgar/data/1045810/000104581026000021/R3.htm
[15:00:16 INF] System.Net.Http.HttpClient.IStockApiClient.ClientHandler Sending HTTP request GET https://www.sec.gov/Archives/edgar/data/1045810/000104581026000021/R3.htm
[15:00:16 INF] System.Net.Http.HttpClient.IStockApiClient.ClientHandler Received HTTP response headers after 28.1437ms - 200
[15:00:16 INF] System.Net.Http.HttpClient.IStockApiClient.LogicalHandler End processing HTTP request after 38.0631ms - 200
[15:00:16 INF] System.Net.Http.HttpClient.IStockApiClient.LogicalHandler Start processing HTTP request GET https://www.sec.gov/Archives/edgar/data/1045810/000104581026000021/R64.htm
[15:00:16 INF] System.Net.Http.HttpClient.IStockApiClient.ClientHandler Sending HTTP request GET https://www.sec.gov/Archives/edgar/data/1045810/000104581026000021/R64.htm
[15:00:16 INF] System.Net.Http.HttpClient.IStockApiClient.ClientHandler Received HTTP response headers after 62.0281ms - 200
[15:00:16 INF] System.Net.Http.HttpClient.IStockApiClient.LogicalHandler End processing HTTP request after 73.0444ms - 200
[15:00:16 INF] System.Net.Http.HttpClient.IStockApiClient.LogicalHandler Start processing HTTP request GET https://www.sec.gov/Archives/edgar/data/1045810/000104581026000021/R65.htm
[15:00:16 INF] System.Net.Http.HttpClient.IStockApiClient.ClientHandler Sending HTTP request GET https://www.sec.gov/Archives/edgar/data/1045810/000104581026000021/R65.htm
[15:00:16 INF] System.Net.Http.HttpClient.IStockApiClient.ClientHandler Received HTTP response headers after 31.2432ms - 200
[15:00:17 INF] System.Net.Http.HttpClient.IStockApiClient.LogicalHandler End processing HTTP request after 41.2404ms - 200
[15:00:17 INF] System.Net.Http.HttpClient.IStockApiClient.LogicalHandler Start processing HTTP request GET https://www.sec.gov/Archives/edgar/data/1045810/000104581026000021/R71.htm
[15:00:17 INF] System.Net.Http.HttpClient.IStockApiClient.ClientHandler Sending HTTP request GET https://www.sec.gov/Archives/edgar/data/1045810/000104581026000021/R71.htm
[15:00:17 INF] System.Net.Http.HttpClient.IStockApiClient.ClientHandler Received HTTP response headers after 34.0883ms - 200
[15:00:17 INF] System.Net.Http.HttpClient.IStockApiClient.LogicalHandler End processing HTTP request after 43.4519ms - 200
[15:00:17 INF] System.Net.Http.HttpClient.IStockApiClient.LogicalHandler Start processing HTTP request GET https://www.sec.gov/Archives/edgar/data/1045810/000104581026000021/R81.htm
[15:00:17 INF] System.Net.Http.HttpClient.IStockApiClient.ClientHandler Sending HTTP request GET https://www.sec.gov/Archives/edgar/data/1045810/000104581026000021/R81.htm
[15:00:17 INF] System.Net.Http.HttpClient.IStockApiClient.ClientHandler Received HTTP response headers after 41.6737ms - 200
[15:00:17 INF] System.Net.Http.HttpClient.IStockApiClient.LogicalHandler End processing HTTP request after 50.8915ms - 200
[15:00:17 INF] System.Net.Http.HttpClient.IStockApiClient.LogicalHandler Start processing HTTP request GET https://www.sec.gov/Archives/edgar/data/1045810/000104581026000021/R82.htm
[15:00:17 INF] System.Net.Http.HttpClient.IStockApiClient.ClientHandler Sending HTTP request GET https://www.sec.gov/Archives/edgar/data/1045810/000104581026000021/R82.htm
[15:00:17 INF] System.Net.Http.HttpClient.IStockApiClient.ClientHandler Received HTTP response headers after 28.9632ms - 200
[15:00:17 INF] System.Net.Http.HttpClient.IStockApiClient.LogicalHandler End processing HTTP request after 38.0544ms - 200
[15:00:17 INF] System.Net.Http.HttpClient.IStockApiClient.LogicalHandler Start processing HTTP request GET https://www.sec.gov/Archives/edgar/data/1045810/000104581026000021/R83.htm
[15:00:17 INF] System.Net.Http.HttpClient.IStockApiClient.ClientHandler Sending HTTP request GET https://www.sec.gov/Archives/edgar/data/1045810/000104581026000021/R83.htm
[15:00:17 INF] System.Net.Http.HttpClient.IStockApiClient.ClientHandler Received HTTP response headers after 41.38ms - 200
[15:00:17 INF] System.Net.Http.HttpClient.IStockApiClient.LogicalHandler End processing HTTP request after 51.8354ms - 200
[15:00:17 INF] System.Net.Http.HttpClient.IStockApiClient.LogicalHandler Start processing HTTP request GET https://www.sec.gov/Archives/edgar/data/1045810/000104581026000021/R84.htm
[15:00:17 INF] System.Net.Http.HttpClient.IStockApiClient.ClientHandler Sending HTTP request GET https://www.sec.gov/Archives/edgar/data/1045810/000104581026000021/R84.htm
[15:00:17 INF] System.Net.Http.HttpClient.IStockApiClient.ClientHandler Received HTTP response headers after 40.3548ms - 200
[15:00:17 INF] System.Net.Http.HttpClient.IStockApiClient.LogicalHandler End processing HTTP request after 50.3517ms - 200
[15:00:17 INF] System.Net.Http.HttpClient.IStockApiClient.LogicalHandler Start processing HTTP request GET https://www.sec.gov/Archives/edgar/data/1045810/000104581026000021/R85.htm
[15:00:17 INF] System.Net.Http.HttpClient.IStockApiClient.ClientHandler Sending HTTP request GET https://www.sec.gov/Archives/edgar/data/1045810/000104581026000021/R85.htm
[15:00:17 INF] System.Net.Http.HttpClient.IStockApiClient.ClientHandler Received HTTP response headers after 41.1409ms - 200
[15:00:17 INF] System.Net.Http.HttpClient.IStockApiClient.LogicalHandler End processing HTTP request after 52.8565ms - 200
[15:00:17 INF] System.Net.Http.HttpClient.IDeepSeekClient.LogicalHandler Start processing HTTP request POST https://api.deepseek.com/chat/completions
[15:00:17 INF] System.Net.Http.HttpClient.IDeepSeekClient.ClientHandler Sending HTTP request POST https://api.deepseek.com/chat/completions
[15:00:17 INF] System.Net.Http.HttpClient.IDeepSeekClient.LogicalHandler Start processing HTTP request POST https://api.deepseek.com/chat/completions
[15:00:17 INF] System.Net.Http.HttpClient.IDeepSeekClient.ClientHandler Sending HTTP request POST https://api.deepseek.com/chat/completions
[15:00:17 INF] System.Net.Http.HttpClient.IDeepSeekClient.LogicalHandler Start processing HTTP request POST https://api.deepseek.com/chat/completions
[15:00:17 INF] System.Net.Http.HttpClient.IDeepSeekClient.ClientHandler Sending HTTP request POST https://api.deepseek.com/chat/completions
[15:00:17 INF] System.Net.Http.HttpClient.IDeepSeekClient.LogicalHandler Start processing HTTP request POST https://api.deepseek.com/chat/completions
[15:00:17 INF] System.Net.Http.HttpClient.IDeepSeekClient.ClientHandler Sending HTTP request POST https://api.deepseek.com/chat/completions
[15:00:17 INF] System.Net.Http.HttpClient.IDeepSeekClient.LogicalHandler Start processing HTTP request POST https://api.deepseek.com/chat/completions
[15:00:17 INF] System.Net.Http.HttpClient.IDeepSeekClient.ClientHandler Sending HTTP request POST https://api.deepseek.com/chat/completions
[15:00:17 INF] System.Net.Http.HttpClient.IDeepSeekClient.LogicalHandler Start processing HTTP request POST https://api.deepseek.com/chat/completions
[15:00:17 INF] System.Net.Http.HttpClient.IDeepSeekClient.ClientHandler Sending HTTP request POST https://api.deepseek.com/chat/completions
[15:00:17 INF] System.Net.Http.HttpClient.IDeepSeekClient.ClientHandler Received HTTP response headers after 291.6415ms - 200
[15:00:17 INF] System.Net.Http.HttpClient.IDeepSeekClient.LogicalHandler End processing HTTP request after 302.4109ms - 200
[15:00:17 INF] System.Net.Http.HttpClient.IDeepSeekClient.ClientHandler Received HTTP response headers after 332.281ms - 200
[15:00:17 INF] System.Net.Http.HttpClient.IDeepSeekClient.LogicalHandler End processing HTTP request after 342.0801ms - 200
[15:00:17 INF] System.Net.Http.HttpClient.IDeepSeekClient.ClientHandler Received HTTP response headers after 335.7773ms - 200
[15:00:17 INF] System.Net.Http.HttpClient.IDeepSeekClient.ClientHandler Received HTTP response headers after 329.0727ms - 200
[15:00:17 INF] System.Net.Http.HttpClient.IDeepSeekClient.LogicalHandler End processing HTTP request after 346.7533ms - 200
[15:00:17 INF] System.Net.Http.HttpClient.IDeepSeekClient.LogicalHandler End processing HTTP request after 342.3731ms - 200
[15:00:17 INF] System.Net.Http.HttpClient.IDeepSeekClient.ClientHandler Received HTTP response headers after 332.3664ms - 200
[15:00:18 INF] System.Net.Http.HttpClient.IDeepSeekClient.LogicalHandler End processing HTTP request after 345.5629ms - 200
[15:00:18 INF] System.Net.Http.HttpClient.IDeepSeekClient.ClientHandler Received HTTP response headers after 578.1471ms - 200
[15:00:18 INF] System.Net.Http.HttpClient.IDeepSeekClient.LogicalHandler End processing HTTP request after 588.3797ms - 200
[15:00:26 INF] System.Net.Http.HttpClient.IDeepSeekClient.LogicalHandler Start processing HTTP request POST https://api.deepseek.com/chat/completions
[15:00:26 INF] System.Net.Http.HttpClient.IDeepSeekClient.ClientHandler Sending HTTP request POST https://api.deepseek.com/chat/completions
[15:00:27 INF] System.Net.Http.HttpClient.IDeepSeekClient.ClientHandler Received HTTP response headers after 325.2212ms - 200
[15:00:27 INF] System.Net.Http.HttpClient.IDeepSeekClient.LogicalHandler End processing HTTP request after 334.138ms - 200
[15:00:27 INF] System.Net.Http.HttpClient.IDeepSeekClient.LogicalHandler Start processing HTTP request POST https://api.deepseek.com/chat/completions
[15:00:27 INF] System.Net.Http.HttpClient.IDeepSeekClient.ClientHandler Sending HTTP request POST https://api.deepseek.com/chat/completions
[15:00:27 INF] System.Net.Http.HttpClient.IDeepSeekClient.ClientHandler Received HTTP response headers after 299.5665ms - 200
[15:00:27 INF] System.Net.Http.HttpClient.IDeepSeekClient.LogicalHandler End processing HTTP request after 307.9227ms - 200
[15:00:28 INF] System.Net.Http.HttpClient.IDeepSeekClient.LogicalHandler Start processing HTTP request POST https://api.deepseek.com/chat/completions
[15:00:28 INF] System.Net.Http.HttpClient.IDeepSeekClient.ClientHandler Sending HTTP request POST https://api.deepseek.com/chat/completions
[15:00:29 INF] System.Net.Http.HttpClient.IDeepSeekClient.LogicalHandler Start processing HTTP request POST https://api.deepseek.com/chat/completions
[15:00:29 INF] System.Net.Http.HttpClient.IDeepSeekClient.ClientHandler Sending HTTP request POST https://api.deepseek.com/chat/completions
[15:00:29 INF] System.Net.Http.HttpClient.IDeepSeekClient.ClientHandler Received HTTP response headers after 287.8883ms - 200
[15:00:29 INF] System.Net.Http.HttpClient.IDeepSeekClient.LogicalHandler End processing HTTP request after 298.7547ms - 200
[15:00:29 INF] System.Net.Http.HttpClient.IDeepSeekClient.ClientHandler Received HTTP response headers after 293.6113ms - 200
[15:00:29 INF] System.Net.Http.HttpClient.IDeepSeekClient.LogicalHandler End processing HTTP request after 301.7882ms - 200
[15:00:30 INF] System.Net.Http.HttpClient.IDeepSeekClient.LogicalHandler Start processing HTTP request POST https://api.deepseek.com/chat/completions
[15:00:30 INF] System.Net.Http.HttpClient.IDeepSeekClient.ClientHandler Sending HTTP request POST https://api.deepseek.com/chat/completions
[15:00:30 INF] System.Net.Http.HttpClient.IDeepSeekClient.LogicalHandler Start processing HTTP request POST https://api.deepseek.com/chat/completions
[15:00:30 INF] System.Net.Http.HttpClient.IDeepSeekClient.ClientHandler Sending HTTP request POST https://api.deepseek.com/chat/completions
[15:00:30 INF] System.Net.Http.HttpClient.IDeepSeekClient.ClientHandler Received HTTP response headers after 538.102ms - 200
[15:00:30 INF] System.Net.Http.HttpClient.IDeepSeekClient.LogicalHandler End processing HTTP request after 546.4685ms - 200
[15:00:30 INF] System.Net.Http.HttpClient.IDeepSeekClient.ClientHandler Received HTTP response headers after 312.9563ms - 200
[15:00:30 INF] System.Net.Http.HttpClient.IDeepSeekClient.LogicalHandler End processing HTTP request after 321.2541ms - 200
[15:00:32 INF] System.Net.Http.HttpClient.IDeepSeekClient.LogicalHandler Start processing HTTP request POST https://api.deepseek.com/chat/completions
[15:00:32 INF] System.Net.Http.HttpClient.IDeepSeekClient.ClientHandler Sending HTTP request POST https://api.deepseek.com/chat/completions
[15:00:32 INF] System.Net.Http.HttpClient.IDeepSeekClient.LogicalHandler Start processing HTTP request POST https://api.deepseek.com/chat/completions
[15:00:32 INF] System.Net.Http.HttpClient.IDeepSeekClient.ClientHandler Sending HTTP request POST https://api.deepseek.com/chat/completions
[15:00:32 INF] System.Net.Http.HttpClient.IDeepSeekClient.ClientHandler Received HTTP response headers after 390.5283ms - 200
[15:00:32 INF] System.Net.Http.HttpClient.IDeepSeekClient.LogicalHandler End processing HTTP request after 398.8982ms - 200
[15:00:32 INF] System.Net.Http.HttpClient.IDeepSeekClient.ClientHandler Received HTTP response headers after 301.8064ms - 200
[15:00:32 INF] System.Net.Http.HttpClient.IDeepSeekClient.LogicalHandler End processing HTTP request after 309.8355ms - 200
[15:00:34 INF] System.Net.Http.HttpClient.IDeepSeekClient.LogicalHandler Start processing HTTP request POST https://api.deepseek.com/chat/completions
[15:00:34 INF] System.Net.Http.HttpClient.IDeepSeekClient.ClientHandler Sending HTTP request POST https://api.deepseek.com/chat/completions
[15:00:34 INF] System.Net.Http.HttpClient.IDeepSeekClient.ClientHandler Received HTTP response headers after 305.2854ms - 200
[15:00:34 INF] System.Net.Http.HttpClient.IDeepSeekClient.LogicalHandler End processing HTTP request after 314.1963ms - 200
[15:00:35 INF] System.Net.Http.HttpClient.IDeepSeekClient.LogicalHandler Start processing HTTP request POST https://api.deepseek.com/chat/completions
[15:00:35 INF] System.Net.Http.HttpClient.IDeepSeekClient.ClientHandler Sending HTTP request POST https://api.deepseek.com/chat/completions
[15:00:35 INF] System.Net.Http.HttpClient.IDeepSeekClient.ClientHandler Received HTTP response headers after 305.7614ms - 200
[15:00:35 INF] System.Net.Http.HttpClient.IDeepSeekClient.LogicalHandler End processing HTTP request after 314.2865ms - 200
[15:00:36 INF] System.Net.Http.HttpClient.IDeepSeekClient.LogicalHandler Start processing HTTP request POST https://api.deepseek.com/chat/completions
[15:00:36 INF] System.Net.Http.HttpClient.IDeepSeekClient.ClientHandler Sending HTTP request POST https://api.deepseek.com/chat/completions
[15:00:37 INF] System.Net.Http.HttpClient.IDeepSeekClient.ClientHandler Received HTTP response headers after 303.4919ms - 200
[15:00:37 INF] System.Net.Http.HttpClient.IDeepSeekClient.LogicalHandler End processing HTTP request after 311.1513ms - 200
[15:00:38 INF] System.Net.Http.HttpClient.IDeepSeekClient.LogicalHandler Start processing HTTP request POST https://api.deepseek.com/chat/completions
[15:00:38 INF] System.Net.Http.HttpClient.IDeepSeekClient.ClientHandler Sending HTTP request POST https://api.deepseek.com/chat/completions
[15:00:39 INF] System.Net.Http.HttpClient.IDeepSeekClient.ClientHandler Received HTTP response headers after 317.2095ms - 200
[15:00:39 INF] System.Net.Http.HttpClient.IDeepSeekClient.LogicalHandler End processing HTTP request after 326.1607ms - 200
[15:00:50 INF] System.Net.Http.HttpClient.IDeepSeekClient.LogicalHandler Start processing HTTP request POST https://api.deepseek.com/chat/completions
[15:00:50 INF] System.Net.Http.HttpClient.IDeepSeekClient.ClientHandler Sending HTTP request POST https://api.deepseek.com/chat/completions
[15:00:50 INF] System.Net.Http.HttpClient.IDeepSeekClient.ClientHandler Received HTTP response headers after 290.0648ms - 200
[15:00:50 INF] System.Net.Http.HttpClient.IDeepSeekClient.LogicalHandler End processing HTTP request after 297.9604ms - 200
[15:00:50 INF] System.Net.Http.HttpClient.IDeepSeekClient.LogicalHandler Start processing HTTP request POST https://api.deepseek.com/chat/completions
[15:00:50 INF] System.Net.Http.HttpClient.IDeepSeekClient.ClientHandler Sending HTTP request POST https://api.deepseek.com/chat/completions
[15:00:50 INF] System.Net.Http.HttpClient.IDeepSeekClient.ClientHandler Received HTTP response headers after 300.6917ms - 200
[15:00:50 INF] System.Net.Http.HttpClient.IDeepSeekClient.LogicalHandler End processing HTTP request after 308.6253ms - 200
[15:00:51 INF] System.Net.Http.HttpClient.IDeepSeekClient.LogicalHandler Start processing HTTP request POST https://api.deepseek.com/chat/completions
[15:00:51 INF] System.Net.Http.HttpClient.IDeepSeekClient.ClientHandler Sending HTTP request POST https://api.deepseek.com/chat/completions
[15:00:52 INF] System.Net.Http.HttpClient.IDeepSeekClient.ClientHandler Received HTTP response headers after 288.1487ms - 200
[15:00:52 INF] System.Net.Http.HttpClient.IDeepSeekClient.LogicalHandler End processing HTTP request after 296.3252ms - 200
[15:00:53 INF] System.Net.Http.HttpClient.IDeepSeekClient.LogicalHandler Start processing HTTP request POST https://api.deepseek.com/chat/completions
[15:00:53 INF] System.Net.Http.HttpClient.IDeepSeekClient.ClientHandler Sending HTTP request POST https://api.deepseek.com/chat/completions
[15:00:53 INF] System.Net.Http.HttpClient.IDeepSeekClient.ClientHandler Received HTTP response headers after 291.6574ms - 200
[15:00:53 INF] System.Net.Http.HttpClient.IDeepSeekClient.LogicalHandler End processing HTTP request after 299.9716ms - 200
[15:00:54 INF] System.Net.Http.HttpClient.IDeepSeekClient.LogicalHandler Start processing HTTP request POST https://api.deepseek.com/chat/completions
[15:00:54 INF] System.Net.Http.HttpClient.IDeepSeekClient.ClientHandler Sending HTTP request POST https://api.deepseek.com/chat/completions
[15:00:54 INF] System.Net.Http.HttpClient.IDeepSeekClient.LogicalHandler Start processing HTTP request POST https://api.deepseek.com/chat/completions
[15:00:54 INF] System.Net.Http.HttpClient.IDeepSeekClient.ClientHandler Sending HTTP request POST https://api.deepseek.com/chat/completions
[15:00:54 INF] System.Net.Http.HttpClient.IDeepSeekClient.ClientHandler Received HTTP response headers after 287.4796ms - 200
[15:00:54 INF] System.Net.Http.HttpClient.IDeepSeekClient.LogicalHandler End processing HTTP request after 295.6041ms - 200
[15:00:54 INF] System.Net.Http.HttpClient.IDeepSeekClient.ClientHandler Received HTTP response headers after 302.8724ms - 200
[15:00:54 INF] System.Net.Http.HttpClient.IDeepSeekClient.LogicalHandler End processing HTTP request after 310.9355ms - 200
[15:00:54 INF] System.Net.Http.HttpClient.IDeepSeekClient.LogicalHandler Start processing HTTP request POST https://api.deepseek.com/chat/completions
[15:00:54 INF] System.Net.Http.HttpClient.IDeepSeekClient.ClientHandler Sending HTTP request POST https://api.deepseek.com/chat/completions
[15:00:55 INF] System.Net.Http.HttpClient.IDeepSeekClient.ClientHandler Received HTTP response headers after 282.3073ms - 200
[15:00:55 INF] System.Net.Http.HttpClient.IDeepSeekClient.LogicalHandler End processing HTTP request after 290.1174ms - 200
[15:00:56 INF] System.Net.Http.HttpClient.IDeepSeekClient.LogicalHandler Start processing HTTP request POST https://api.deepseek.com/chat/completions
[15:00:56 INF] System.Net.Http.HttpClient.IDeepSeekClient.ClientHandler Sending HTTP request POST https://api.deepseek.com/chat/completions
[15:00:56 INF] System.Net.Http.HttpClient.IDeepSeekClient.LogicalHandler Start processing HTTP request POST https://api.deepseek.com/chat/completions
[15:00:56 INF] System.Net.Http.HttpClient.IDeepSeekClient.ClientHandler Sending HTTP request POST https://api.deepseek.com/chat/completions
[15:00:56 INF] System.Net.Http.HttpClient.IDeepSeekClient.ClientHandler Received HTTP response headers after 304.6388ms - 200
[15:00:56 INF] System.Net.Http.HttpClient.IDeepSeekClient.LogicalHandler End processing HTTP request after 312.3531ms - 200
[15:00:56 INF] System.Net.Http.HttpClient.IDeepSeekClient.LogicalHandler Start processing HTTP request POST https://api.deepseek.com/chat/completions
[15:00:56 INF] System.Net.Http.HttpClient.IDeepSeekClient.ClientHandler Sending HTTP request POST https://api.deepseek.com/chat/completions
[15:00:57 INF] System.Net.Http.HttpClient.IDeepSeekClient.ClientHandler Received HTTP response headers after 305.8405ms - 200
[15:00:57 INF] System.Net.Http.HttpClient.IDeepSeekClient.LogicalHandler End processing HTTP request after 313.8765ms - 200
[15:00:57 INF] System.Net.Http.HttpClient.IDeepSeekClient.ClientHandler Received HTTP response headers after 291.8626ms - 200
[15:00:57 INF] System.Net.Http.HttpClient.IDeepSeekClient.LogicalHandler End processing HTTP request after 299.513ms - 200
[15:00:58 INF] System.Net.Http.HttpClient.IDeepSeekClient.LogicalHandler Start processing HTTP request POST https://api.deepseek.com/chat/completions
[15:00:58 INF] System.Net.Http.HttpClient.IDeepSeekClient.ClientHandler Sending HTTP request POST https://api.deepseek.com/chat/completions
[15:00:58 INF] System.Net.Http.HttpClient.IDeepSeekClient.ClientHandler Received HTTP response headers after 289.0193ms - 200
[15:00:58 INF] System.Net.Http.HttpClient.IDeepSeekClient.LogicalHandler End processing HTTP request after 297.929ms - 200
[15:00:58 INF] System.Net.Http.HttpClient.IDeepSeekClient.LogicalHandler Start processing HTTP request POST https://api.deepseek.com/chat/completions
[15:00:58 INF] System.Net.Http.HttpClient.IDeepSeekClient.ClientHandler Sending HTTP request POST https://api.deepseek.com/chat/completions
[15:00:59 INF] System.Net.Http.HttpClient.IDeepSeekClient.ClientHandler Received HTTP response headers after 298.3432ms - 200
[15:00:59 INF] System.Net.Http.HttpClient.IDeepSeekClient.LogicalHandler End processing HTTP request after 307.2208ms - 200
[15:01:00 INF] System.Net.Http.HttpClient.IDeepSeekClient.LogicalHandler Start processing HTTP request POST https://api.deepseek.com/chat/completions
[15:01:00 INF] System.Net.Http.HttpClient.IDeepSeekClient.ClientHandler Sending HTTP request POST https://api.deepseek.com/chat/completions
[15:01:00 INF] System.Net.Http.HttpClient.IDeepSeekClient.ClientHandler Received HTTP response headers after 291.4969ms - 200
[15:01:00 INF] System.Net.Http.HttpClient.IDeepSeekClient.LogicalHandler End processing HTTP request after 299.6802ms - 200
[15:01:01 INF] System.Net.Http.HttpClient.IDeepSeekClient.LogicalHandler Start processing HTTP request POST https://api.deepseek.com/chat/completions
[15:01:01 INF] System.Net.Http.HttpClient.IDeepSeekClient.ClientHandler Sending HTTP request POST https://api.deepseek.com/chat/completions
[15:01:01 INF] System.Net.Http.HttpClient.IDeepSeekClient.ClientHandler Received HTTP response headers after 300.5548ms - 200
[15:01:01 INF] System.Net.Http.HttpClient.IDeepSeekClient.LogicalHandler End processing HTTP request after 308.3674ms - 200
[15:01:03 INF] System.Net.Http.HttpClient.IDeepSeekClient.LogicalHandler Start processing HTTP request POST https://api.deepseek.com/chat/completions
[15:01:03 INF] System.Net.Http.HttpClient.IDeepSeekClient.ClientHandler Sending HTTP request POST https://api.deepseek.com/chat/completions
[15:01:03 INF] System.Net.Http.HttpClient.IDeepSeekClient.LogicalHandler Start processing HTTP request POST https://api.deepseek.com/chat/completions
[15:01:03 INF] System.Net.Http.HttpClient.IDeepSeekClient.ClientHandler Sending HTTP request POST https://api.deepseek.com/chat/completions
[15:01:03 INF] System.Net.Http.HttpClient.IDeepSeekClient.ClientHandler Received HTTP response headers after 325.9587ms - 200
[15:01:03 INF] System.Net.Http.HttpClient.IDeepSeekClient.LogicalHandler End processing HTTP request after 333.5095ms - 200
[15:01:04 INF] System.Net.Http.HttpClient.IDeepSeekClient.ClientHandler Received HTTP response headers after 292.7611ms - 200
[15:01:04 INF] System.Net.Http.HttpClient.IDeepSeekClient.LogicalHandler End processing HTTP request after 300.1577ms - 200
[15:01:04 INF] System.Net.Http.HttpClient.IDeepSeekClient.LogicalHandler Start processing HTTP request POST https://api.deepseek.com/chat/completions
[15:01:04 INF] System.Net.Http.HttpClient.IDeepSeekClient.ClientHandler Sending HTTP request POST https://api.deepseek.com/chat/completions
[15:01:04 INF] System.Net.Http.HttpClient.IDeepSeekClient.ClientHandler Received HTTP response headers after 286.0678ms - 200
[15:01:04 INF] System.Net.Http.HttpClient.IDeepSeekClient.LogicalHandler End processing HTTP request after 293.7068ms - 200
[15:01:05 INF] System.Net.Http.HttpClient.IDeepSeekClient.LogicalHandler Start processing HTTP request POST https://api.deepseek.com/chat/completions
[15:01:05 INF] System.Net.Http.HttpClient.IDeepSeekClient.ClientHandler Sending HTTP request POST https://api.deepseek.com/chat/completions
[15:01:05 INF] System.Net.Http.HttpClient.IDeepSeekClient.ClientHandler Received HTTP response headers after 292.4011ms - 200
[15:01:05 INF] System.Net.Http.HttpClient.IDeepSeekClient.LogicalHandler End processing HTTP request after 300.2213ms - 200
[15:01:06 INF] System.Net.Http.HttpClient.IDeepSeekClient.LogicalHandler Start processing HTTP request POST https://api.deepseek.com/chat/completions
[15:01:06 INF] System.Net.Http.HttpClient.IDeepSeekClient.ClientHandler Sending HTTP request POST https://api.deepseek.com/chat/completions
[15:01:06 INF] System.Net.Http.HttpClient.IDeepSeekClient.LogicalHandler Start processing HTTP request POST https://api.deepseek.com/chat/completions
[15:01:06 INF] System.Net.Http.HttpClient.IDeepSeekClient.ClientHandler Sending HTTP request POST https://api.deepseek.com/chat/completions
[15:01:06 INF] System.Net.Http.HttpClient.IDeepSeekClient.ClientHandler Received HTTP response headers after 287.1769ms - 200
[15:01:06 INF] System.Net.Http.HttpClient.IDeepSeekClient.LogicalHandler End processing HTTP request after 294.8034ms - 200
[15:01:07 INF] System.Net.Http.HttpClient.IDeepSeekClient.ClientHandler Received HTTP response headers after 304.4328ms - 200
[15:01:07 INF] System.Net.Http.HttpClient.IDeepSeekClient.LogicalHandler End processing HTTP request after 313.0884ms - 200
[15:01:07 INF] System.Net.Http.HttpClient.IDeepSeekClient.LogicalHandler Start processing HTTP request POST https://api.deepseek.com/chat/completions
[15:01:07 INF] System.Net.Http.HttpClient.IDeepSeekClient.ClientHandler Sending HTTP request POST https://api.deepseek.com/chat/completions
[15:01:07 INF] System.Net.Http.HttpClient.IDeepSeekClient.ClientHandler Received HTTP response headers after 301.9471ms - 200
[15:01:07 INF] System.Net.Http.HttpClient.IDeepSeekClient.LogicalHandler End processing HTTP request after 310.132ms - 200
[15:01:08 INF] System.Net.Http.HttpClient.IDeepSeekClient.LogicalHandler Start processing HTTP request POST https://api.deepseek.com/chat/completions
[15:01:08 INF] System.Net.Http.HttpClient.IDeepSeekClient.ClientHandler Sending HTTP request POST https://api.deepseek.com/chat/completions
[15:01:08 INF] System.Net.Http.HttpClient.IDeepSeekClient.ClientHandler Received HTTP response headers after 287.5009ms - 200
[15:01:08 INF] System.Net.Http.HttpClient.IDeepSeekClient.LogicalHandler End processing HTTP request after 295.3686ms - 200
[15:01:10 INF] System.Net.Http.HttpClient.IDeepSeekClient.LogicalHandler Start processing HTTP request POST https://api.deepseek.com/chat/completions
[15:01:10 INF] System.Net.Http.HttpClient.IDeepSeekClient.ClientHandler Sending HTTP request POST https://api.deepseek.com/chat/completions
[15:01:10 INF] System.Net.Http.HttpClient.IDeepSeekClient.LogicalHandler Start processing HTTP request POST https://api.deepseek.com/chat/completions
[15:01:10 INF] System.Net.Http.HttpClient.IDeepSeekClient.ClientHandler Sending HTTP request POST https://api.deepseek.com/chat/completions
[15:01:10 INF] System.Net.Http.HttpClient.IDeepSeekClient.ClientHandler Received HTTP response headers after 287.5374ms - 200
[15:01:10 INF] System.Net.Http.HttpClient.IDeepSeekClient.LogicalHandler End processing HTTP request after 301.1728ms - 200
[15:01:10 INF] System.Net.Http.HttpClient.IDeepSeekClient.ClientHandler Received HTTP response headers after 325.638ms - 200
[15:01:10 INF] System.Net.Http.HttpClient.IDeepSeekClient.LogicalHandler End processing HTTP request after 333.4998ms - 200
[15:01:13 INF] System.Net.Http.HttpClient.IDeepSeekClient.LogicalHandler Start processing HTTP request POST https://api.deepseek.com/chat/completions
[15:01:13 INF] System.Net.Http.HttpClient.IDeepSeekClient.ClientHandler Sending HTTP request POST https://api.deepseek.com/chat/completions
[15:01:13 INF] System.Net.Http.HttpClient.IDeepSeekClient.ClientHandler Received HTTP response headers after 278.322ms - 200
[15:01:13 INF] System.Net.Http.HttpClient.IDeepSeekClient.LogicalHandler End processing HTTP request after 286.2632ms - 200
[15:01:15 INF] System.Net.Http.HttpClient.IDeepSeekClient.LogicalHandler Start processing HTTP request POST https://api.deepseek.com/chat/completions
[15:01:15 INF] System.Net.Http.HttpClient.IDeepSeekClient.ClientHandler Sending HTTP request POST https://api.deepseek.com/chat/completions
[15:01:15 INF] System.Net.Http.HttpClient.IDeepSeekClient.ClientHandler Received HTTP response headers after 287.869ms - 200
[15:01:15 INF] System.Net.Http.HttpClient.IDeepSeekClient.LogicalHandler End processing HTTP request after 295.3079ms - 200
[15:01:24 INF] System.Net.Http.HttpClient.IDeepSeekClient.LogicalHandler Start processing HTTP request POST https://api.deepseek.com/chat/completions
[15:01:24 INF] System.Net.Http.HttpClient.IDeepSeekClient.ClientHandler Sending HTTP request POST https://api.deepseek.com/chat/completions
[15:01:24 INF] System.Net.Http.HttpClient.IDeepSeekClient.ClientHandler Received HTTP response headers after 298.1392ms - 200
[15:01:24 INF] System.Net.Http.HttpClient.IDeepSeekClient.LogicalHandler End processing HTTP request after 305.6493ms - 200
[15:01:28 INF] System.Net.Http.HttpClient.IDeepSeekClient.LogicalHandler Start processing HTTP request POST https://api.deepseek.com/chat/completions
[15:01:28 INF] System.Net.Http.HttpClient.IDeepSeekClient.ClientHandler Sending HTTP request POST https://api.deepseek.com/chat/completions
[15:01:28 INF] System.Net.Http.HttpClient.IDeepSeekClient.ClientHandler Received HTTP response headers after 333.2561ms - 200
[15:01:28 INF] System.Net.Http.HttpClient.IDeepSeekClient.LogicalHandler End processing HTTP request after 340.4154ms - 200
[15:01:29 INF] System.Net.Http.HttpClient.IDeepSeekClient.LogicalHandler Start processing HTTP request POST https://api.deepseek.com/chat/completions
[15:01:29 INF] System.Net.Http.HttpClient.IDeepSeekClient.ClientHandler Sending HTTP request POST https://api.deepseek.com/chat/completions
[15:01:30 INF] System.Net.Http.HttpClient.IDeepSeekClient.LogicalHandler Start processing HTTP request POST https://api.deepseek.com/chat/completions
[15:01:30 INF] System.Net.Http.HttpClient.IDeepSeekClient.ClientHandler Sending HTTP request POST https://api.deepseek.com/chat/completions
[15:01:30 INF] System.Net.Http.HttpClient.IDeepSeekClient.ClientHandler Received HTTP response headers after 299.9767ms - 200
[15:01:30 INF] System.Net.Http.HttpClient.IDeepSeekClient.LogicalHandler End processing HTTP request after 307.1732ms - 200
[15:01:30 INF] System.Net.Http.HttpClient.IDeepSeekClient.ClientHandler Received HTTP response headers after 285.316ms - 200
[15:01:30 INF] System.Net.Http.HttpClient.IDeepSeekClient.LogicalHandler End processing HTTP request after 292.6034ms - 200
[15:01:31 INF] System.Net.Http.HttpClient.IDeepSeekClient.LogicalHandler Start processing HTTP request POST https://api.deepseek.com/chat/completions
[15:01:31 INF] System.Net.Http.HttpClient.IDeepSeekClient.ClientHandler Sending HTTP request POST https://api.deepseek.com/chat/completions
[15:01:31 INF] System.Net.Http.HttpClient.IDeepSeekClient.ClientHandler Received HTTP response headers after 277.4923ms - 200
[15:01:32 INF] System.Net.Http.HttpClient.IDeepSeekClient.LogicalHandler End processing HTTP request after 285.5859ms - 200
[15:01:33 INF] System.Net.Http.HttpClient.IDeepSeekClient.LogicalHandler Start processing HTTP request POST https://api.deepseek.com/chat/completions
[15:01:33 INF] System.Net.Http.HttpClient.IDeepSeekClient.ClientHandler Sending HTTP request POST https://api.deepseek.com/chat/completions
[15:01:33 INF] System.Net.Http.HttpClient.IDeepSeekClient.ClientHandler Received HTTP response headers after 299.5287ms - 200
[15:01:33 INF] System.Net.Http.HttpClient.IDeepSeekClient.LogicalHandler End processing HTTP request after 306.9087ms - 200
[15:01:35 INF] System.Net.Http.HttpClient.IDeepSeekClient.LogicalHandler Start processing HTTP request POST https://api.deepseek.com/chat/completions
[15:01:35 INF] System.Net.Http.HttpClient.IDeepSeekClient.ClientHandler Sending HTTP request POST https://api.deepseek.com/chat/completions
[15:01:36 INF] System.Net.Http.HttpClient.IDeepSeekClient.ClientHandler Received HTTP response headers after 363.7487ms - 200
[15:01:36 INF] System.Net.Http.HttpClient.IDeepSeekClient.LogicalHandler End processing HTTP request after 371.9745ms - 200
[15:01:40 INF] System.Net.Http.HttpClient.IDeepSeekClient.LogicalHandler Start processing HTTP request POST https://api.deepseek.com/chat/completions
[15:01:40 INF] System.Net.Http.HttpClient.IDeepSeekClient.ClientHandler Sending HTTP request POST https://api.deepseek.com/chat/completions
[15:01:40 INF] System.Net.Http.HttpClient.IDeepSeekClient.ClientHandler Received HTTP response headers after 323.151ms - 200
[15:01:40 INF] System.Net.Http.HttpClient.IDeepSeekClient.LogicalHandler End processing HTTP request after 330.8133ms - 200
[15:01:41 INF] System.Net.Http.HttpClient.IDeepSeekClient.LogicalHandler Start processing HTTP request POST https://api.deepseek.com/chat/completions
[15:01:41 INF] System.Net.Http.HttpClient.IDeepSeekClient.ClientHandler Sending HTTP request POST https://api.deepseek.com/chat/completions
[15:01:41 INF] System.Net.Http.HttpClient.IDeepSeekClient.ClientHandler Received HTTP response headers after 300.4921ms - 200
[15:01:41 INF] System.Net.Http.HttpClient.IDeepSeekClient.LogicalHandler End processing HTTP request after 308.3186ms - 200
[15:01:43 INF] System.Net.Http.HttpClient.IDeepSeekClient.LogicalHandler Start processing HTTP request POST https://api.deepseek.com/chat/completions
[15:01:43 INF] System.Net.Http.HttpClient.IDeepSeekClient.ClientHandler Sending HTTP request POST https://api.deepseek.com/chat/completions
[15:01:43 INF] System.Net.Http.HttpClient.IDeepSeekClient.ClientHandler Received HTTP response headers after 292.9514ms - 200
[15:01:43 INF] System.Net.Http.HttpClient.IDeepSeekClient.LogicalHandler End processing HTTP request after 300.7103ms - 200
[15:02:19 INF] System.Net.Http.HttpClient.IStockApiClient.LogicalHandler Start processing HTTP request GET https://data.sec.gov/api/xbrl/companyfacts/CIK0001045810.json
[15:02:19 INF] System.Net.Http.HttpClient.IStockApiClient.ClientHandler Sending HTTP request GET https://data.sec.gov/api/xbrl/companyfacts/CIK0001045810.json
[15:02:19 INF] System.Net.Http.HttpClient.IStockApiClient.ClientHandler Received HTTP response headers after 135.5787ms - 200
[15:02:19 INF] System.Net.Http.HttpClient.IStockApiClient.LogicalHandler End processing HTTP request after 144.2305ms - 200
[15:02:20 INF] System.Net.Http.HttpClient.IStockApiClient.LogicalHandler Start processing HTTP request GET https://data.sec.gov/submissions/CIK0001045810.json
[15:02:20 INF] System.Net.Http.HttpClient.IStockApiClient.ClientHandler Sending HTTP request GET https://data.sec.gov/submissions/CIK0001045810.json
[15:02:20 INF] System.Net.Http.HttpClient.IStockApiClient.ClientHandler Received HTTP response headers after 35.7001ms - 200
[15:02:20 INF] System.Net.Http.HttpClient.IStockApiClient.LogicalHandler End processing HTTP request after 44.9508ms - 200
[15:02:20 INF] System.Net.Http.HttpClient.IStockApiClient.LogicalHandler Start processing HTTP request GET https://www.sec.gov/Archives/edgar/data/1045810/000104581026000021/index.json
[15:02:20 INF] System.Net.Http.HttpClient.IStockApiClient.ClientHandler Sending HTTP request GET https://www.sec.gov/Archives/edgar/data/1045810/000104581026000021/index.json
[15:02:20 INF] System.Net.Http.HttpClient.IStockApiClient.ClientHandler Received HTTP response headers after 124.1037ms - 200
[15:02:20 INF] System.Net.Http.HttpClient.IStockApiClient.LogicalHandler End processing HTTP request after 132.9332ms - 200
[15:02:20 INF] System.Net.Http.HttpClient.IStockApiClient.LogicalHandler Start processing HTTP request GET https://www.sec.gov/Archives/edgar/data/1045810/000104581026000021/nvda-20260125_htm.xml
[15:02:20 INF] System.Net.Http.HttpClient.IStockApiClient.ClientHandler Sending HTTP request GET https://www.sec.gov/Archives/edgar/data/1045810/000104581026000021/nvda-20260125_htm.xml
[15:02:20 INF] System.Net.Http.HttpClient.IStockApiClient.ClientHandler Received HTTP response headers after 27.5229ms - 200
[15:02:20 INF] System.Net.Http.HttpClient.IStockApiClient.LogicalHandler End processing HTTP request after 36.5793ms - 200
[15:02:20 INF] System.Net.Http.HttpClient.IDeepSeekClient.LogicalHandler Start processing HTTP request POST https://api.deepseek.com/chat/completions
[15:02:20 INF] System.Net.Http.HttpClient.IDeepSeekClient.ClientHandler Sending HTTP request POST https://api.deepseek.com/chat/completions
[15:02:21 INF] System.Net.Http.HttpClient.IDeepSeekClient.ClientHandler Received HTTP response headers after 376.4554ms - 200
[15:02:21 INF] System.Net.Http.HttpClient.IDeepSeekClient.LogicalHandler End processing HTTP request after 385.702ms - 200
[15:05:41 INF] System.Net.Http.HttpClient.IStockApiClient.LogicalHandler Start processing HTTP request GET https://data.sec.gov/submissions/CIK0001045810.json
[15:05:41 INF] System.Net.Http.HttpClient.IStockApiClient.ClientHandler Sending HTTP request GET https://data.sec.gov/submissions/CIK0001045810.json
[15:05:41 INF] System.Net.Http.HttpClient.IStockApiClient.ClientHandler Received HTTP response headers after 169.8569ms - 200
[15:05:41 INF] System.Net.Http.HttpClient.IStockApiClient.LogicalHandler End processing HTTP request after 178.0866ms - 200
[15:05:45 INF] System.Net.Http.HttpClient.IDeepSeekClient.LogicalHandler Start processing HTTP request POST https://api.deepseek.com/chat/completions
[15:05:45 INF] System.Net.Http.HttpClient.IDeepSeekClient.ClientHandler Sending HTTP request POST https://api.deepseek.com/chat/completions
[15:05:46 INF] System.Net.Http.HttpClient.IDeepSeekClient.ClientHandler Received HTTP response headers after 385.1843ms - 200
[15:05:46 INF] System.Net.Http.HttpClient.IDeepSeekClient.LogicalHandler End processing HTTP request after 393.6956ms - 200
[15:05:48 INF] System.Net.Http.HttpClient.IStockApiClient.LogicalHandler Start processing HTTP request GET https://www.sec.gov/Archives/edgar/data/1045810/000104581026000021/nvda-20260125.htm
[15:05:48 INF] System.Net.Http.HttpClient.IStockApiClient.ClientHandler Sending HTTP request GET https://www.sec.gov/Archives/edgar/data/1045810/000104581026000021/nvda-20260125.htm
[15:05:48 INF] System.Net.Http.HttpClient.IStockApiClient.ClientHandler Received HTTP response headers after 149.4372ms - 200
[15:05:48 INF] System.Net.Http.HttpClient.IStockApiClient.LogicalHandler End processing HTTP request after 158.0347ms - 200
[15:05:53 INF] System.Net.Http.HttpClient.IStockApiClient.LogicalHandler Start processing HTTP request GET https://www.sec.gov/Archives/edgar/data/1045810/000104581026000021/FilingSummary.xml
[15:05:53 INF] System.Net.Http.HttpClient.IStockApiClient.ClientHandler Sending HTTP request GET https://www.sec.gov/Archives/edgar/data/1045810/000104581026000021/FilingSummary.xml
[15:05:53 INF] System.Net.Http.HttpClient.IStockApiClient.ClientHandler Received HTTP response headers after 45.9251ms - 200
[15:05:53 INF] System.Net.Http.HttpClient.IStockApiClient.LogicalHandler End processing HTTP request after 54.4019ms - 200
[15:05:53 INF] System.Net.Http.HttpClient.IStockApiClient.LogicalHandler Start processing HTTP request GET https://www.sec.gov/Archives/edgar/data/1045810/000104581026000021/R3.htm
[15:05:53 INF] System.Net.Http.HttpClient.IStockApiClient.ClientHandler Sending HTTP request GET https://www.sec.gov/Archives/edgar/data/1045810/000104581026000021/R3.htm
[15:05:53 INF] System.Net.Http.HttpClient.IStockApiClient.ClientHandler Received HTTP response headers after 34.7885ms - 200
[15:05:53 INF] System.Net.Http.HttpClient.IStockApiClient.LogicalHandler End processing HTTP request after 44.1449ms - 200
[15:05:53 INF] System.Net.Http.HttpClient.IStockApiClient.LogicalHandler Start processing HTTP request GET https://www.sec.gov/Archives/edgar/data/1045810/000104581026000021/R46.htm
[15:05:53 INF] System.Net.Http.HttpClient.IStockApiClient.ClientHandler Sending HTTP request GET https://www.sec.gov/Archives/edgar/data/1045810/000104581026000021/R46.htm
[15:05:53 INF] System.Net.Http.HttpClient.IStockApiClient.ClientHandler Received HTTP response headers after 26.6397ms - 200
[15:05:53 INF] System.Net.Http.HttpClient.IStockApiClient.LogicalHandler End processing HTTP request after 35.6291ms - 200
[15:05:53 INF] System.Net.Http.HttpClient.IStockApiClient.LogicalHandler Start processing HTTP request GET https://www.sec.gov/Archives/edgar/data/1045810/000104581026000021/R72.htm
[15:05:53 INF] System.Net.Http.HttpClient.IStockApiClient.ClientHandler Sending HTTP request GET https://www.sec.gov/Archives/edgar/data/1045810/000104581026000021/R72.htm
[15:05:54 INF] System.Net.Http.HttpClient.IStockApiClient.ClientHandler Received HTTP response headers after 53.4395ms - 200
[15:05:54 INF] System.Net.Http.HttpClient.IStockApiClient.LogicalHandler End processing HTTP request after 62.2481ms - 200
[15:05:54 INF] System.Net.Http.HttpClient.IStockApiClient.LogicalHandler Start processing HTTP request GET https://www.sec.gov/Archives/edgar/data/1045810/000104581026000021/R74.htm
[15:05:54 INF] System.Net.Http.HttpClient.IStockApiClient.ClientHandler Sending HTTP request GET https://www.sec.gov/Archives/edgar/data/1045810/000104581026000021/R74.htm
[15:05:54 INF] System.Net.Http.HttpClient.IStockApiClient.ClientHandler Received HTTP response headers after 29.79ms - 200
[15:05:54 INF] System.Net.Http.HttpClient.IStockApiClient.LogicalHandler End processing HTTP request after 38.2019ms - 200
[15:05:54 INF] System.Net.Http.HttpClient.IStockApiClient.LogicalHandler Start processing HTTP request GET https://www.sec.gov/Archives/edgar/data/1045810/000104581026000021/R81.htm
[15:05:54 INF] System.Net.Http.HttpClient.IStockApiClient.ClientHandler Sending HTTP request GET https://www.sec.gov/Archives/edgar/data/1045810/000104581026000021/R81.htm
[15:05:54 INF] System.Net.Http.HttpClient.IStockApiClient.ClientHandler Received HTTP response headers after 28.9075ms - 200
[15:05:54 INF] System.Net.Http.HttpClient.IStockApiClient.LogicalHandler End processing HTTP request after 37.2836ms - 200
[15:05:54 INF] System.Net.Http.HttpClient.IStockApiClient.LogicalHandler Start processing HTTP request GET https://www.sec.gov/Archives/edgar/data/1045810/000104581026000021/R82.htm
[15:05:54 INF] System.Net.Http.HttpClient.IStockApiClient.ClientHandler Sending HTTP request GET https://www.sec.gov/Archives/edgar/data/1045810/000104581026000021/R82.htm
[15:05:54 INF] System.Net.Http.HttpClient.IStockApiClient.ClientHandler Received HTTP response headers after 27.7852ms - 200
[15:05:54 INF] System.Net.Http.HttpClient.IStockApiClient.LogicalHandler End processing HTTP request after 36.0563ms - 200
[15:05:54 INF] System.Net.Http.HttpClient.IStockApiClient.LogicalHandler Start processing HTTP request GET https://www.sec.gov/Archives/edgar/data/1045810/000104581026000021/R83.htm
[15:05:54 INF] System.Net.Http.HttpClient.IStockApiClient.ClientHandler Sending HTTP request GET https://www.sec.gov/Archives/edgar/data/1045810/000104581026000021/R83.htm
[15:05:54 INF] System.Net.Http.HttpClient.IStockApiClient.ClientHandler Received HTTP response headers after 62.0902ms - 200
[15:05:54 INF] System.Net.Http.HttpClient.IStockApiClient.LogicalHandler End processing HTTP request after 70.4299ms - 200
[15:05:54 INF] System.Net.Http.HttpClient.IStockApiClient.LogicalHandler Start processing HTTP request GET https://www.sec.gov/Archives/edgar/data/1045810/000104581026000021/R84.htm
[15:05:54 INF] System.Net.Http.HttpClient.IStockApiClient.ClientHandler Sending HTTP request GET https://www.sec.gov/Archives/edgar/data/1045810/000104581026000021/R84.htm
[15:05:54 INF] System.Net.Http.HttpClient.IStockApiClient.ClientHandler Received HTTP response headers after 35.1884ms - 200
[15:05:54 INF] System.Net.Http.HttpClient.IStockApiClient.LogicalHandler End processing HTTP request after 43.9882ms - 200
[15:05:54 INF] System.Net.Http.HttpClient.IStockApiClient.LogicalHandler Start processing HTTP request GET https://www.sec.gov/Archives/edgar/data/1045810/000104581026000021/R85.htm
[15:05:54 INF] System.Net.Http.HttpClient.IStockApiClient.ClientHandler Sending HTTP request GET https://www.sec.gov/Archives/edgar/data/1045810/000104581026000021/R85.htm
[15:05:54 INF] System.Net.Http.HttpClient.IStockApiClient.ClientHandler Received HTTP response headers after 27.9968ms - 200
[15:05:54 INF] System.Net.Http.HttpClient.IStockApiClient.LogicalHandler End processing HTTP request after 36.8184ms - 200
[15:05:54 INF] System.Net.Http.HttpClient.IDeepSeekClient.LogicalHandler Start processing HTTP request POST https://api.deepseek.com/chat/completions
[15:05:54 INF] System.Net.Http.HttpClient.IDeepSeekClient.ClientHandler Sending HTTP request POST https://api.deepseek.com/chat/completions
[15:05:54 INF] System.Net.Http.HttpClient.IDeepSeekClient.LogicalHandler Start processing HTTP request POST https://api.deepseek.com/chat/completions
[15:05:54 INF] System.Net.Http.HttpClient.IDeepSeekClient.ClientHandler Sending HTTP request POST https://api.deepseek.com/chat/completions
[15:05:54 INF] System.Net.Http.HttpClient.IDeepSeekClient.LogicalHandler Start processing HTTP request POST https://api.deepseek.com/chat/completions
[15:05:54 INF] System.Net.Http.HttpClient.IDeepSeekClient.ClientHandler Sending HTTP request POST https://api.deepseek.com/chat/completions
[15:05:54 INF] System.Net.Http.HttpClient.IDeepSeekClient.LogicalHandler Start processing HTTP request POST https://api.deepseek.com/chat/completions
[15:05:54 INF] System.Net.Http.HttpClient.IDeepSeekClient.ClientHandler Sending HTTP request POST https://api.deepseek.com/chat/completions
[15:05:54 INF] System.Net.Http.HttpClient.IDeepSeekClient.LogicalHandler Start processing HTTP request POST https://api.deepseek.com/chat/completions
[15:05:54 INF] System.Net.Http.HttpClient.IDeepSeekClient.ClientHandler Sending HTTP request POST https://api.deepseek.com/chat/completions
[15:05:54 INF] System.Net.Http.HttpClient.IDeepSeekClient.LogicalHandler Start processing HTTP request POST https://api.deepseek.com/chat/completions
[15:05:54 INF] System.Net.Http.HttpClient.IDeepSeekClient.ClientHandler Sending HTTP request POST https://api.deepseek.com/chat/completions
[15:05:54 INF] System.Net.Http.HttpClient.IDeepSeekClient.ClientHandler Received HTTP response headers after 287.0223ms - 200
[15:05:54 INF] System.Net.Http.HttpClient.IDeepSeekClient.LogicalHandler End processing HTTP request after 296.4477ms - 200
[15:05:54 INF] System.Net.Http.HttpClient.IDeepSeekClient.ClientHandler Received HTTP response headers after 321.7345ms - 200
[15:05:54 INF] System.Net.Http.HttpClient.IDeepSeekClient.LogicalHandler End processing HTTP request after 330.643ms - 200
[15:05:54 INF] System.Net.Http.HttpClient.IDeepSeekClient.ClientHandler Received HTTP response headers after 319.9095ms - 200
[15:05:54 INF] System.Net.Http.HttpClient.IDeepSeekClient.LogicalHandler End processing HTTP request after 329.0399ms - 200
[15:05:54 INF] System.Net.Http.HttpClient.IDeepSeekClient.ClientHandler Received HTTP response headers after 319.4277ms - 200
[15:05:54 INF] System.Net.Http.HttpClient.IDeepSeekClient.ClientHandler Received HTTP response headers after 345.0606ms - 200
[15:05:54 INF] System.Net.Http.HttpClient.IDeepSeekClient.LogicalHandler End processing HTTP request after 356.4592ms - 200
[15:05:54 INF] System.Net.Http.HttpClient.IDeepSeekClient.LogicalHandler End processing HTTP request after 327.9537ms - 200
[15:05:54 INF] System.Net.Http.HttpClient.IDeepSeekClient.ClientHandler Received HTTP response headers after 351.2706ms - 200
[15:05:54 INF] System.Net.Http.HttpClient.IDeepSeekClient.LogicalHandler End processing HTTP request after 360.1588ms - 200
[15:05:56 INF] System.Net.Http.HttpClient.IDeepSeekClient.LogicalHandler Start processing HTTP request POST https://api.deepseek.com/chat/completions
[15:05:56 INF] System.Net.Http.HttpClient.IDeepSeekClient.ClientHandler Sending HTTP request POST https://api.deepseek.com/chat/completions
[15:05:56 INF] System.Net.Http.HttpClient.IDeepSeekClient.LogicalHandler Start processing HTTP request POST https://api.deepseek.com/chat/completions
[15:05:56 INF] System.Net.Http.HttpClient.IDeepSeekClient.ClientHandler Sending HTTP request POST https://api.deepseek.com/chat/completions
[15:05:56 INF] System.Net.Http.HttpClient.IDeepSeekClient.ClientHandler Received HTTP response headers after 288.9553ms - 200
[15:05:56 INF] System.Net.Http.HttpClient.IDeepSeekClient.LogicalHandler End processing HTTP request after 297.0752ms - 200
[15:05:56 INF] System.Net.Http.HttpClient.IDeepSeekClient.LogicalHandler Start processing HTTP request POST https://api.deepseek.com/chat/completions
[15:05:56 INF] System.Net.Http.HttpClient.IDeepSeekClient.ClientHandler Sending HTTP request POST https://api.deepseek.com/chat/completions
[15:05:56 INF] System.Net.Http.HttpClient.IDeepSeekClient.ClientHandler Received HTTP response headers after 296.7529ms - 200
[15:05:56 INF] System.Net.Http.HttpClient.IDeepSeekClient.LogicalHandler End processing HTTP request after 304.5079ms - 200
[15:05:56 INF] System.Net.Http.HttpClient.IDeepSeekClient.ClientHandler Received HTTP response headers after 301.8704ms - 200
[15:05:56 INF] System.Net.Http.HttpClient.IDeepSeekClient.LogicalHandler Start processing HTTP request POST https://api.deepseek.com/chat/completions
[15:05:56 INF] System.Net.Http.HttpClient.IDeepSeekClient.LogicalHandler End processing HTTP request after 309.2314ms - 200
[15:05:56 INF] System.Net.Http.HttpClient.IDeepSeekClient.ClientHandler Sending HTTP request POST https://api.deepseek.com/chat/completions
[15:05:57 INF] System.Net.Http.HttpClient.IDeepSeekClient.ClientHandler Received HTTP response headers after 295.1993ms - 200
[15:05:57 INF] System.Net.Http.HttpClient.IDeepSeekClient.LogicalHandler End processing HTTP request after 307.5481ms - 200
[15:05:58 INF] System.Net.Http.HttpClient.IDeepSeekClient.LogicalHandler Start processing HTTP request POST https://api.deepseek.com/chat/completions
[15:05:58 INF] System.Net.Http.HttpClient.IDeepSeekClient.ClientHandler Sending HTTP request POST https://api.deepseek.com/chat/completions
[15:05:58 INF] System.Net.Http.HttpClient.IDeepSeekClient.LogicalHandler Start processing HTTP request POST https://api.deepseek.com/chat/completions
[15:05:58 INF] System.Net.Http.HttpClient.IDeepSeekClient.ClientHandler Sending HTTP request POST https://api.deepseek.com/chat/completions
[15:05:58 INF] System.Net.Http.HttpClient.IDeepSeekClient.ClientHandler Received HTTP response headers after 292.0942ms - 200
[15:05:58 INF] System.Net.Http.HttpClient.IDeepSeekClient.LogicalHandler End processing HTTP request after 299.5443ms - 200
[15:05:58 INF] System.Net.Http.HttpClient.IDeepSeekClient.ClientHandler Received HTTP response headers after 292.9421ms - 200
[15:05:58 INF] System.Net.Http.HttpClient.IDeepSeekClient.LogicalHandler End processing HTTP request after 301.0295ms - 200
[15:05:58 INF] System.Net.Http.HttpClient.IDeepSeekClient.LogicalHandler Start processing HTTP request POST https://api.deepseek.com/chat/completions
[15:05:58 INF] System.Net.Http.HttpClient.IDeepSeekClient.ClientHandler Sending HTTP request POST https://api.deepseek.com/chat/completions
[15:05:59 INF] System.Net.Http.HttpClient.IDeepSeekClient.ClientHandler Received HTTP response headers after 275.8982ms - 200
[15:05:59 INF] System.Net.Http.HttpClient.IDeepSeekClient.LogicalHandler End processing HTTP request after 284.2275ms - 200
[15:05:59 INF] System.Net.Http.HttpClient.IDeepSeekClient.LogicalHandler Start processing HTTP request POST https://api.deepseek.com/chat/completions
[15:05:59 INF] System.Net.Http.HttpClient.IDeepSeekClient.ClientHandler Sending HTTP request POST https://api.deepseek.com/chat/completions
[15:05:59 INF] System.Net.Http.HttpClient.IDeepSeekClient.ClientHandler Received HTTP response headers after 267.9737ms - 200
[15:05:59 INF] System.Net.Http.HttpClient.IDeepSeekClient.LogicalHandler End processing HTTP request after 276.8922ms - 200
[15:05:59 INF] System.Net.Http.HttpClient.IDeepSeekClient.LogicalHandler Start processing HTTP request POST https://api.deepseek.com/chat/completions
[15:05:59 INF] System.Net.Http.HttpClient.IDeepSeekClient.ClientHandler Sending HTTP request POST https://api.deepseek.com/chat/completions
[15:06:00 INF] System.Net.Http.HttpClient.IDeepSeekClient.ClientHandler Received HTTP response headers after 315.5471ms - 200
[15:06:00 INF] System.Net.Http.HttpClient.IDeepSeekClient.LogicalHandler End processing HTTP request after 323.2211ms - 200
[15:06:00 INF] System.Net.Http.HttpClient.IDeepSeekClient.LogicalHandler Start processing HTTP request POST https://api.deepseek.com/chat/completions
[15:06:00 INF] System.Net.Http.HttpClient.IDeepSeekClient.ClientHandler Sending HTTP request POST https://api.deepseek.com/chat/completions
[15:06:01 INF] System.Net.Http.HttpClient.IDeepSeekClient.ClientHandler Received HTTP response headers after 286.4223ms - 200
[15:06:01 INF] System.Net.Http.HttpClient.IDeepSeekClient.LogicalHandler End processing HTTP request after 293.9414ms - 200
[15:06:01 INF] System.Net.Http.HttpClient.IDeepSeekClient.LogicalHandler Start processing HTTP request POST https://api.deepseek.com/chat/completions
[15:06:01 INF] System.Net.Http.HttpClient.IDeepSeekClient.ClientHandler Sending HTTP request POST https://api.deepseek.com/chat/completions
[15:06:01 INF] System.Net.Http.HttpClient.IDeepSeekClient.ClientHandler Received HTTP response headers after 298.9355ms - 200
[15:06:01 INF] System.Net.Http.HttpClient.IDeepSeekClient.LogicalHandler End processing HTTP request after 307.0468ms - 200
[15:06:10 INF] System.Net.Http.HttpClient.IDeepSeekClient.LogicalHandler Start processing HTTP request POST https://api.deepseek.com/chat/completions
[15:06:10 INF] System.Net.Http.HttpClient.IDeepSeekClient.ClientHandler Sending HTTP request POST https://api.deepseek.com/chat/completions
[15:06:10 INF] System.Net.Http.HttpClient.IDeepSeekClient.ClientHandler Received HTTP response headers after 281.7301ms - 200
[15:06:10 INF] System.Net.Http.HttpClient.IDeepSeekClient.LogicalHandler End processing HTTP request after 289.5551ms - 200
[15:06:14 INF] System.Net.Http.HttpClient.IDeepSeekClient.LogicalHandler Start processing HTTP request POST https://api.deepseek.com/chat/completions
[15:06:14 INF] System.Net.Http.HttpClient.IDeepSeekClient.ClientHandler Sending HTTP request POST https://api.deepseek.com/chat/completions
[15:06:15 INF] System.Net.Http.HttpClient.IDeepSeekClient.ClientHandler Received HTTP response headers after 306.817ms - 200
[15:06:15 INF] System.Net.Http.HttpClient.IDeepSeekClient.LogicalHandler End processing HTTP request after 315.0819ms - 200
[15:06:31 INF] System.Net.Http.HttpClient.IDeepSeekClient.LogicalHandler Start processing HTTP request POST https://api.deepseek.com/chat/completions
[15:06:31 INF] System.Net.Http.HttpClient.IDeepSeekClient.ClientHandler Sending HTTP request POST https://api.deepseek.com/chat/completions
[15:06:31 INF] System.Net.Http.HttpClient.IDeepSeekClient.ClientHandler Received HTTP response headers after 307.1196ms - 200
[15:06:31 INF] System.Net.Http.HttpClient.IDeepSeekClient.LogicalHandler End processing HTTP request after 315.3027ms - 200
[15:06:32 INF] System.Net.Http.HttpClient.IDeepSeekClient.LogicalHandler Start processing HTTP request POST https://api.deepseek.com/chat/completions
[15:06:32 INF] System.Net.Http.HttpClient.IDeepSeekClient.ClientHandler Sending HTTP request POST https://api.deepseek.com/chat/completions
[15:06:33 INF] System.Net.Http.HttpClient.IDeepSeekClient.LogicalHandler Start processing HTTP request POST https://api.deepseek.com/chat/completions
[15:06:33 INF] System.Net.Http.HttpClient.IDeepSeekClient.ClientHandler Sending HTTP request POST https://api.deepseek.com/chat/completions
[15:06:33 INF] System.Net.Http.HttpClient.IDeepSeekClient.ClientHandler Received HTTP response headers after 295.9015ms - 200
[15:06:33 INF] System.Net.Http.HttpClient.IDeepSeekClient.LogicalHandler End processing HTTP request after 304.2527ms - 200
[15:06:33 INF] System.Net.Http.HttpClient.IDeepSeekClient.ClientHandler Received HTTP response headers after 282.9317ms - 200
[15:06:33 INF] System.Net.Http.HttpClient.IDeepSeekClient.LogicalHandler End processing HTTP request after 291.4179ms - 200
[15:06:34 INF] System.Net.Http.HttpClient.IDeepSeekClient.LogicalHandler Start processing HTTP request POST https://api.deepseek.com/chat/completions
[15:06:34 INF] System.Net.Http.HttpClient.IDeepSeekClient.ClientHandler Sending HTTP request POST https://api.deepseek.com/chat/completions
[15:06:34 INF] System.Net.Http.HttpClient.IDeepSeekClient.ClientHandler Received HTTP response headers after 296.1876ms - 200
[15:06:34 INF] System.Net.Http.HttpClient.IDeepSeekClient.LogicalHandler End processing HTTP request after 304.4608ms - 200
[15:06:35 INF] System.Net.Http.HttpClient.IDeepSeekClient.LogicalHandler Start processing HTTP request POST https://api.deepseek.com/chat/completions
[15:06:35 INF] System.Net.Http.HttpClient.IDeepSeekClient.ClientHandler Sending HTTP request POST https://api.deepseek.com/chat/completions
[15:06:35 INF] System.Net.Http.HttpClient.IDeepSeekClient.ClientHandler Received HTTP response headers after 293.4408ms - 200
[15:06:35 INF] System.Net.Http.HttpClient.IDeepSeekClient.LogicalHandler End processing HTTP request after 300.7542ms - 200
[15:06:38 INF] System.Net.Http.HttpClient.IDeepSeekClient.LogicalHandler Start processing HTTP request POST https://api.deepseek.com/chat/completions
[15:06:38 INF] System.Net.Http.HttpClient.IDeepSeekClient.ClientHandler Sending HTTP request POST https://api.deepseek.com/chat/completions
[15:06:38 INF] System.Net.Http.HttpClient.IDeepSeekClient.ClientHandler Received HTTP response headers after 305.8939ms - 200
[15:06:38 INF] System.Net.Http.HttpClient.IDeepSeekClient.LogicalHandler End processing HTTP request after 313.7768ms - 200
[15:06:48 INF] System.Net.Http.HttpClient.IDeepSeekClient.LogicalHandler Start processing HTTP request POST https://api.deepseek.com/chat/completions
[15:06:48 INF] System.Net.Http.HttpClient.IDeepSeekClient.ClientHandler Sending HTTP request POST https://api.deepseek.com/chat/completions
[15:06:48 INF] System.Net.Http.HttpClient.IDeepSeekClient.ClientHandler Received HTTP response headers after 288.8623ms - 200
[15:06:48 INF] System.Net.Http.HttpClient.IDeepSeekClient.LogicalHandler End processing HTTP request after 297.0253ms - 200
[15:06:50 INF] System.Net.Http.HttpClient.IDeepSeekClient.LogicalHandler Start processing HTTP request POST https://api.deepseek.com/chat/completions
[15:06:50 INF] System.Net.Http.HttpClient.IDeepSeekClient.ClientHandler Sending HTTP request POST https://api.deepseek.com/chat/completions
[15:06:50 INF] System.Net.Http.HttpClient.IDeepSeekClient.ClientHandler Received HTTP response headers after 297.9844ms - 200
[15:06:50 INF] System.Net.Http.HttpClient.IDeepSeekClient.LogicalHandler End processing HTTP request after 306.3984ms - 200
[15:07:08 INF] System.Net.Http.HttpClient.IDeepSeekClient.LogicalHandler Start processing HTTP request POST https://api.deepseek.com/chat/completions
[15:07:08 INF] System.Net.Http.HttpClient.IDeepSeekClient.ClientHandler Sending HTTP request POST https://api.deepseek.com/chat/completions
[15:07:08 INF] System.Net.Http.HttpClient.IDeepSeekClient.ClientHandler Received HTTP response headers after 291.8576ms - 200
[15:07:08 INF] System.Net.Http.HttpClient.IDeepSeekClient.LogicalHandler End processing HTTP request after 301.1031ms - 200
[15:07:10 INF] System.Net.Http.HttpClient.IDeepSeekClient.LogicalHandler Start processing HTTP request POST https://api.deepseek.com/chat/completions
[15:07:10 INF] System.Net.Http.HttpClient.IDeepSeekClient.ClientHandler Sending HTTP request POST https://api.deepseek.com/chat/completions
[15:07:10 INF] System.Net.Http.HttpClient.IDeepSeekClient.ClientHandler Received HTTP response headers after 287.2595ms - 200
[15:07:10 INF] System.Net.Http.HttpClient.IDeepSeekClient.LogicalHandler End processing HTTP request after 350.178ms - 200
[15:07:12 INF] System.Net.Http.HttpClient.IDeepSeekClient.LogicalHandler Start processing HTTP request POST https://api.deepseek.com/chat/completions
[15:07:12 INF] System.Net.Http.HttpClient.IDeepSeekClient.ClientHandler Sending HTTP request POST https://api.deepseek.com/chat/completions
[15:07:13 INF] System.Net.Http.HttpClient.IDeepSeekClient.ClientHandler Received HTTP response headers after 289.4258ms - 200
[15:07:13 INF] System.Net.Http.HttpClient.IDeepSeekClient.LogicalHandler End processing HTTP request after 307.5282ms - 200
[15:07:14 INF] System.Net.Http.HttpClient.IDeepSeekClient.LogicalHandler Start processing HTTP request POST https://api.deepseek.com/chat/completions
[15:07:14 INF] System.Net.Http.HttpClient.IDeepSeekClient.ClientHandler Sending HTTP request POST https://api.deepseek.com/chat/completions
[15:07:14 INF] System.Net.Http.HttpClient.IDeepSeekClient.ClientHandler Received HTTP response headers after 288.2852ms - 200
[15:07:14 INF] System.Net.Http.HttpClient.IDeepSeekClient.LogicalHandler End processing HTTP request after 295.7566ms - 200
[15:07:22 INF] System.Net.Http.HttpClient.IDeepSeekClient.LogicalHandler Start processing HTTP request POST https://api.deepseek.com/chat/completions
[15:07:22 INF] System.Net.Http.HttpClient.IDeepSeekClient.ClientHandler Sending HTTP request POST https://api.deepseek.com/chat/completions
[15:07:22 INF] System.Net.Http.HttpClient.IDeepSeekClient.ClientHandler Received HTTP response headers after 297.9524ms - 200
[15:07:22 INF] System.Net.Http.HttpClient.IDeepSeekClient.LogicalHandler End processing HTTP request after 306.2713ms - 200
[15:07:26 INF] System.Net.Http.HttpClient.IDeepSeekClient.LogicalHandler Start processing HTTP request POST https://api.deepseek.com/chat/completions
[15:07:26 INF] System.Net.Http.HttpClient.IDeepSeekClient.ClientHandler Sending HTTP request POST https://api.deepseek.com/chat/completions
[15:07:26 INF] System.Net.Http.HttpClient.IDeepSeekClient.ClientHandler Received HTTP response headers after 287.8899ms - 200
[15:07:26 INF] System.Net.Http.HttpClient.IDeepSeekClient.LogicalHandler End processing HTTP request after 296.5854ms - 200
[15:07:50 INF] System.Net.Http.HttpClient.IStockApiClient.LogicalHandler Start processing HTTP request GET https://data.sec.gov/api/xbrl/companyfacts/CIK0001045810.json
[15:07:50 INF] System.Net.Http.HttpClient.IStockApiClient.ClientHandler Sending HTTP request GET https://data.sec.gov/api/xbrl/companyfacts/CIK0001045810.json
[15:07:50 INF] System.Net.Http.HttpClient.IStockApiClient.ClientHandler Received HTTP response headers after 222.836ms - 200
[15:07:50 INF] System.Net.Http.HttpClient.IStockApiClient.LogicalHandler End processing HTTP request after 232.159ms - 200
[15:07:51 INF] System.Net.Http.HttpClient.IStockApiClient.LogicalHandler Start processing HTTP request GET https://data.sec.gov/submissions/CIK0001045810.json
[15:07:51 INF] System.Net.Http.HttpClient.IStockApiClient.ClientHandler Sending HTTP request GET https://data.sec.gov/submissions/CIK0001045810.json
[15:07:51 INF] System.Net.Http.HttpClient.IStockApiClient.ClientHandler Received HTTP response headers after 148.7324ms - 200
[15:07:51 INF] System.Net.Http.HttpClient.IStockApiClient.LogicalHandler End processing HTTP request after 157.0819ms - 200
[15:07:51 INF] System.Net.Http.HttpClient.IStockApiClient.LogicalHandler Start processing HTTP request GET https://www.sec.gov/Archives/edgar/data/1045810/000104581026000021/index.json
[15:07:51 INF] System.Net.Http.HttpClient.IStockApiClient.ClientHandler Sending HTTP request GET https://www.sec.gov/Archives/edgar/data/1045810/000104581026000021/index.json
[15:07:51 INF] System.Net.Http.HttpClient.IStockApiClient.ClientHandler Received HTTP response headers after 128.4492ms - 200
[15:07:51 INF] System.Net.Http.HttpClient.IStockApiClient.LogicalHandler End processing HTTP request after 136.828ms - 200
[15:07:51 INF] System.Net.Http.HttpClient.IStockApiClient.LogicalHandler Start processing HTTP request GET https://www.sec.gov/Archives/edgar/data/1045810/000104581026000021/nvda-20260125_htm.xml
[15:07:51 INF] System.Net.Http.HttpClient.IStockApiClient.ClientHandler Sending HTTP request GET https://www.sec.gov/Archives/edgar/data/1045810/000104581026000021/nvda-20260125_htm.xml
[15:07:51 INF] System.Net.Http.HttpClient.IStockApiClient.ClientHandler Received HTTP response headers after 27.3046ms - 200
[15:07:51 INF] System.Net.Http.HttpClient.IStockApiClient.LogicalHandler End processing HTTP request after 35.8875ms - 200
[15:07:51 INF] System.Net.Http.HttpClient.IDeepSeekClient.LogicalHandler Start processing HTTP request POST https://api.deepseek.com/chat/completions
[15:07:51 INF] System.Net.Http.HttpClient.IDeepSeekClient.ClientHandler Sending HTTP request POST https://api.deepseek.com/chat/completions
[15:07:52 INF] System.Net.Http.HttpClient.IDeepSeekClient.ClientHandler Received HTTP response headers after 286.6165ms - 200
[15:07:52 INF] System.Net.Http.HttpClient.IDeepSeekClient.LogicalHandler End processing HTTP request after 295.4976ms - 200
[15:09:33 INF] Microsoft.Hosting.Lifetime Application is shutting down...
[15:09:39 INF] Microsoft.Hosting.Lifetime Now listening on: http://localhost:5213
[15:09:39 INF] Microsoft.Hosting.Lifetime Application started. Press Ctrl+C to shut down.
[15:09:39 INF] Microsoft.Hosting.Lifetime Hosting environment: Development
[15:09:39 INF] Microsoft.Hosting.Lifetime Content root path: C:\Users\luka.osojnik\Documents\Coding\simple-bloomberg-terminal\simple-bloomberg-terminal
[15:09:39 INF] simple_bloomberg_terminal.Services.Provisioning.WeeklyVolumeRefreshService Weekly volume refresh: 1 companies with stale volume
[15:09:40 INF] System.Net.Http.HttpClient.IStockApiClient.LogicalHandler Start processing HTTP request GET https://www.sec.gov/files/company_tickers.json
[15:09:40 INF] System.Net.Http.HttpClient.IStockApiClient.ClientHandler Sending HTTP request GET https://www.sec.gov/files/company_tickers.json
[15:09:40 INF] System.Net.Http.HttpClient.IStockApiClient.ClientHandler Received HTTP response headers after 168.3588ms - 200
[15:09:40 INF] System.Net.Http.HttpClient.IStockApiClient.LogicalHandler End processing HTTP request after 195.2617ms - 200
[15:09:40 INF] System.Net.Http.HttpClient.IYahooFinanceClient.LogicalHandler Start processing HTTP request GET https://query1.finance.yahoo.com/v8/finance/chart/MMM?*
[15:09:40 INF] System.Net.Http.HttpClient.IYahooFinanceClient.ClientHandler Sending HTTP request GET https://query1.finance.yahoo.com/v8/finance/chart/MMM?*
[15:09:40 WRN] Microsoft.EntityFrameworkCore.Query Compiling a query which loads related collections for more than one collection navigation, either via 'Include' or through projection, but no 'QuerySplittingBehavior' has been configured. By default, Entity Framework will use 'QuerySplittingBehavior.SingleQuery', which can potentially result in slow query performance. See https://go.microsoft.com/fwlink/?linkid=2134277 for more information. To identify the query that's triggering this warning call 'ConfigureWarnings(w => w.Throw(RelationalEventId.MultipleCollectionIncludeWarning))'.
[15:09:40 INF] System.Net.Http.HttpClient.IYahooFinanceClient.ClientHandler Received HTTP response headers after 272.5772ms - 200
[15:09:40 INF] System.Net.Http.HttpClient.IYahooFinanceClient.LogicalHandler End processing HTTP request after 286.5388ms - 200
[15:10:12 WRN] LuckyPennySoftware.AutoMapper.License You do not have a valid license key for the Lucky Penny software AutoMapper. This is allowed for development and testing scenarios. If you are running in production you are required to have a licensed version. Please visit https://luckypennysoftware.com to obtain a valid license.
[15:10:12 INF] System.Net.Http.HttpClient.IStockApiClient.LogicalHandler Start processing HTTP request GET https://data.sec.gov/submissions/CIK0001045810.json
[15:10:12 INF] System.Net.Http.HttpClient.IStockApiClient.ClientHandler Sending HTTP request GET https://data.sec.gov/submissions/CIK0001045810.json
[15:10:12 INF] System.Net.Http.HttpClient.IStockApiClient.ClientHandler Received HTTP response headers after 146.0339ms - 200
[15:10:12 INF] System.Net.Http.HttpClient.IStockApiClient.LogicalHandler End processing HTTP request after 156.311ms - 200
[15:10:16 INF] System.Net.Http.HttpClient.IStockApiClient.LogicalHandler Start processing HTTP request GET https://www.sec.gov/Archives/edgar/data/1045810/000104581026000021/nvda-20260125.htm
[15:10:16 INF] System.Net.Http.HttpClient.IStockApiClient.ClientHandler Sending HTTP request GET https://www.sec.gov/Archives/edgar/data/1045810/000104581026000021/nvda-20260125.htm
[15:10:16 INF] System.Net.Http.HttpClient.IStockApiClient.ClientHandler Received HTTP response headers after 28.8984ms - 200
[15:10:16 INF] System.Net.Http.HttpClient.IStockApiClient.LogicalHandler End processing HTTP request after 38.7026ms - 200
[15:10:16 INF] System.Net.Http.HttpClient.IDeepSeekClient.LogicalHandler Start processing HTTP request POST https://api.deepseek.com/chat/completions
[15:10:16 INF] System.Net.Http.HttpClient.IDeepSeekClient.ClientHandler Sending HTTP request POST https://api.deepseek.com/chat/completions
[15:10:17 INF] System.Net.Http.HttpClient.IDeepSeekClient.ClientHandler Received HTTP response headers after 401.0702ms - 200
[15:10:17 INF] System.Net.Http.HttpClient.IDeepSeekClient.LogicalHandler End processing HTTP request after 411.1841ms - 200
[15:10:17 INF] System.Net.Http.HttpClient.IStockApiClient.LogicalHandler Start processing HTTP request GET https://www.sec.gov/Archives/edgar/data/1045810/000104581026000021/nvda-20260125.htm
[15:10:17 INF] System.Net.Http.HttpClient.IStockApiClient.ClientHandler Sending HTTP request GET https://www.sec.gov/Archives/edgar/data/1045810/000104581026000021/nvda-20260125.htm
[15:10:17 INF] System.Net.Http.HttpClient.IStockApiClient.ClientHandler Received HTTP response headers after 28.1514ms - 200
[15:10:17 INF] System.Net.Http.HttpClient.IStockApiClient.LogicalHandler End processing HTTP request after 38.5632ms - 200
[15:10:23 INF] System.Net.Http.HttpClient.IStockApiClient.LogicalHandler Start processing HTTP request GET https://www.sec.gov/Archives/edgar/data/1045810/000104581026000021/FilingSummary.xml
[15:10:23 INF] System.Net.Http.HttpClient.IStockApiClient.ClientHandler Sending HTTP request GET https://www.sec.gov/Archives/edgar/data/1045810/000104581026000021/FilingSummary.xml
[15:10:23 INF] System.Net.Http.HttpClient.IStockApiClient.ClientHandler Received HTTP response headers after 47.7288ms - 200
[15:10:23 INF] System.Net.Http.HttpClient.IStockApiClient.LogicalHandler End processing HTTP request after 57.0129ms - 200
[15:10:23 INF] System.Net.Http.HttpClient.IStockApiClient.LogicalHandler Start processing HTTP request GET https://www.sec.gov/Archives/edgar/data/1045810/000104581026000021/R3.htm
[15:10:23 INF] System.Net.Http.HttpClient.IStockApiClient.ClientHandler Sending HTTP request GET https://www.sec.gov/Archives/edgar/data/1045810/000104581026000021/R3.htm
[15:10:23 INF] System.Net.Http.HttpClient.IStockApiClient.ClientHandler Received HTTP response headers after 34.8341ms - 200
[15:10:23 INF] System.Net.Http.HttpClient.IStockApiClient.LogicalHandler End processing HTTP request after 43.7131ms - 200
[15:10:23 INF] System.Net.Http.HttpClient.IStockApiClient.LogicalHandler Start processing HTTP request GET https://www.sec.gov/Archives/edgar/data/1045810/000104581026000021/R64.htm
[15:10:23 INF] System.Net.Http.HttpClient.IStockApiClient.ClientHandler Sending HTTP request GET https://www.sec.gov/Archives/edgar/data/1045810/000104581026000021/R64.htm
[15:10:23 INF] System.Net.Http.HttpClient.IStockApiClient.ClientHandler Received HTTP response headers after 28.5375ms - 200
[15:10:23 INF] System.Net.Http.HttpClient.IStockApiClient.LogicalHandler End processing HTTP request after 37.7015ms - 200
[15:10:23 INF] System.Net.Http.HttpClient.IStockApiClient.LogicalHandler Start processing HTTP request GET https://www.sec.gov/Archives/edgar/data/1045810/000104581026000021/R65.htm
[15:10:23 INF] System.Net.Http.HttpClient.IStockApiClient.ClientHandler Sending HTTP request GET https://www.sec.gov/Archives/edgar/data/1045810/000104581026000021/R65.htm
[15:10:23 INF] System.Net.Http.HttpClient.IStockApiClient.ClientHandler Received HTTP response headers after 39.439ms - 200
[15:10:23 INF] System.Net.Http.HttpClient.IStockApiClient.LogicalHandler End processing HTTP request after 48.3262ms - 200
[15:10:23 INF] System.Net.Http.HttpClient.IStockApiClient.LogicalHandler Start processing HTTP request GET https://www.sec.gov/Archives/edgar/data/1045810/000104581026000021/R71.htm
[15:10:23 INF] System.Net.Http.HttpClient.IStockApiClient.ClientHandler Sending HTTP request GET https://www.sec.gov/Archives/edgar/data/1045810/000104581026000021/R71.htm
[15:10:23 INF] System.Net.Http.HttpClient.IStockApiClient.ClientHandler Received HTTP response headers after 43.5294ms - 200
[15:10:23 INF] System.Net.Http.HttpClient.IStockApiClient.LogicalHandler End processing HTTP request after 52.9718ms - 200
[15:10:23 INF] System.Net.Http.HttpClient.IStockApiClient.LogicalHandler Start processing HTTP request GET https://www.sec.gov/Archives/edgar/data/1045810/000104581026000021/R81.htm
[15:10:23 INF] System.Net.Http.HttpClient.IStockApiClient.ClientHandler Sending HTTP request GET https://www.sec.gov/Archives/edgar/data/1045810/000104581026000021/R81.htm
[15:10:23 INF] System.Net.Http.HttpClient.IStockApiClient.ClientHandler Received HTTP response headers after 29.3834ms - 200
[15:10:23 INF] System.Net.Http.HttpClient.IStockApiClient.LogicalHandler End processing HTTP request after 38.2907ms - 200
[15:10:23 INF] System.Net.Http.HttpClient.IStockApiClient.LogicalHandler Start processing HTTP request GET https://www.sec.gov/Archives/edgar/data/1045810/000104581026000021/R82.htm
[15:10:23 INF] System.Net.Http.HttpClient.IStockApiClient.ClientHandler Sending HTTP request GET https://www.sec.gov/Archives/edgar/data/1045810/000104581026000021/R82.htm
[15:10:23 INF] System.Net.Http.HttpClient.IStockApiClient.ClientHandler Received HTTP response headers after 36.8585ms - 200
[15:10:23 INF] System.Net.Http.HttpClient.IStockApiClient.LogicalHandler End processing HTTP request after 46.7461ms - 200
[15:10:23 INF] System.Net.Http.HttpClient.IStockApiClient.LogicalHandler Start processing HTTP request GET https://www.sec.gov/Archives/edgar/data/1045810/000104581026000021/R83.htm
[15:10:23 INF] System.Net.Http.HttpClient.IStockApiClient.ClientHandler Sending HTTP request GET https://www.sec.gov/Archives/edgar/data/1045810/000104581026000021/R83.htm
[15:10:24 INF] System.Net.Http.HttpClient.IStockApiClient.ClientHandler Received HTTP response headers after 32.4503ms - 200
[15:10:24 INF] System.Net.Http.HttpClient.IStockApiClient.LogicalHandler End processing HTTP request after 42.0132ms - 200
[15:10:24 INF] System.Net.Http.HttpClient.IStockApiClient.LogicalHandler Start processing HTTP request GET https://www.sec.gov/Archives/edgar/data/1045810/000104581026000021/R84.htm
[15:10:24 INF] System.Net.Http.HttpClient.IStockApiClient.ClientHandler Sending HTTP request GET https://www.sec.gov/Archives/edgar/data/1045810/000104581026000021/R84.htm
[15:10:24 INF] System.Net.Http.HttpClient.IStockApiClient.ClientHandler Received HTTP response headers after 26.4331ms - 200
[15:10:24 INF] System.Net.Http.HttpClient.IStockApiClient.LogicalHandler End processing HTTP request after 35.6299ms - 200
[15:10:24 INF] System.Net.Http.HttpClient.IStockApiClient.LogicalHandler Start processing HTTP request GET https://www.sec.gov/Archives/edgar/data/1045810/000104581026000021/R85.htm
[15:10:24 INF] System.Net.Http.HttpClient.IStockApiClient.ClientHandler Sending HTTP request GET https://www.sec.gov/Archives/edgar/data/1045810/000104581026000021/R85.htm
[15:10:24 INF] System.Net.Http.HttpClient.IStockApiClient.ClientHandler Received HTTP response headers after 25.2121ms - 200
[15:10:24 INF] System.Net.Http.HttpClient.IStockApiClient.LogicalHandler End processing HTTP request after 33.986ms - 200
[15:10:24 INF] System.Net.Http.HttpClient.IDeepSeekClient.LogicalHandler Start processing HTTP request POST https://api.deepseek.com/chat/completions
[15:10:24 INF] System.Net.Http.HttpClient.IDeepSeekClient.ClientHandler Sending HTTP request POST https://api.deepseek.com/chat/completions
[15:10:24 INF] System.Net.Http.HttpClient.IDeepSeekClient.LogicalHandler Start processing HTTP request POST https://api.deepseek.com/chat/completions
[15:10:24 INF] System.Net.Http.HttpClient.IDeepSeekClient.ClientHandler Sending HTTP request POST https://api.deepseek.com/chat/completions
[15:10:24 INF] System.Net.Http.HttpClient.IDeepSeekClient.LogicalHandler Start processing HTTP request POST https://api.deepseek.com/chat/completions
[15:10:24 INF] System.Net.Http.HttpClient.IDeepSeekClient.ClientHandler Sending HTTP request POST https://api.deepseek.com/chat/completions
[15:10:24 INF] System.Net.Http.HttpClient.IDeepSeekClient.LogicalHandler Start processing HTTP request POST https://api.deepseek.com/chat/completions
[15:10:24 INF] System.Net.Http.HttpClient.IDeepSeekClient.ClientHandler Sending HTTP request POST https://api.deepseek.com/chat/completions
[15:10:24 INF] System.Net.Http.HttpClient.IDeepSeekClient.LogicalHandler Start processing HTTP request POST https://api.deepseek.com/chat/completions
[15:10:24 INF] System.Net.Http.HttpClient.IDeepSeekClient.ClientHandler Sending HTTP request POST https://api.deepseek.com/chat/completions
[15:10:24 INF] System.Net.Http.HttpClient.IDeepSeekClient.LogicalHandler Start processing HTTP request POST https://api.deepseek.com/chat/completions
[15:10:24 INF] System.Net.Http.HttpClient.IDeepSeekClient.ClientHandler Sending HTTP request POST https://api.deepseek.com/chat/completions
[15:10:24 INF] System.Net.Http.HttpClient.IDeepSeekClient.ClientHandler Received HTTP response headers after 296.6717ms - 200
[15:10:24 INF] System.Net.Http.HttpClient.IDeepSeekClient.LogicalHandler End processing HTTP request after 305.997ms - 200
[15:10:24 INF] System.Net.Http.HttpClient.IDeepSeekClient.ClientHandler Received HTTP response headers after 333.9297ms - 200
[15:10:24 INF] System.Net.Http.HttpClient.IDeepSeekClient.LogicalHandler End processing HTTP request after 343.8882ms - 200
[15:10:24 INF] System.Net.Http.HttpClient.IDeepSeekClient.ClientHandler Received HTTP response headers after 330.0519ms - 200
[15:10:24 INF] System.Net.Http.HttpClient.IDeepSeekClient.LogicalHandler End processing HTTP request after 339.0125ms - 200
[15:10:24 INF] System.Net.Http.HttpClient.IDeepSeekClient.ClientHandler Received HTTP response headers after 343.059ms - 200
[15:10:24 INF] System.Net.Http.HttpClient.IDeepSeekClient.LogicalHandler End processing HTTP request after 352.8316ms - 200
[15:10:24 INF] System.Net.Http.HttpClient.IDeepSeekClient.ClientHandler Received HTTP response headers after 334.8656ms - 200
[15:10:24 INF] System.Net.Http.HttpClient.IDeepSeekClient.LogicalHandler End processing HTTP request after 344.2675ms - 200
[15:10:24 INF] System.Net.Http.HttpClient.IDeepSeekClient.ClientHandler Received HTTP response headers after 347.1945ms - 200
[15:10:24 INF] System.Net.Http.HttpClient.IDeepSeekClient.LogicalHandler End processing HTTP request after 357.5999ms - 200
[15:10:42 INF] System.Net.Http.HttpClient.IDeepSeekClient.LogicalHandler Start processing HTTP request POST https://api.deepseek.com/chat/completions
[15:10:42 INF] System.Net.Http.HttpClient.IDeepSeekClient.ClientHandler Sending HTTP request POST https://api.deepseek.com/chat/completions
[15:10:42 INF] System.Net.Http.HttpClient.IDeepSeekClient.ClientHandler Received HTTP response headers after 286.9146ms - 200
[15:10:42 INF] System.Net.Http.HttpClient.IDeepSeekClient.LogicalHandler End processing HTTP request after 295.0047ms - 200
[15:10:43 INF] System.Net.Http.HttpClient.IDeepSeekClient.LogicalHandler Start processing HTTP request POST https://api.deepseek.com/chat/completions
[15:10:43 INF] System.Net.Http.HttpClient.IDeepSeekClient.ClientHandler Sending HTTP request POST https://api.deepseek.com/chat/completions
[15:10:43 INF] System.Net.Http.HttpClient.IDeepSeekClient.ClientHandler Received HTTP response headers after 276.0419ms - 200
[15:10:43 INF] System.Net.Http.HttpClient.IDeepSeekClient.LogicalHandler End processing HTTP request after 283.8016ms - 200
[15:10:44 INF] System.Net.Http.HttpClient.IDeepSeekClient.LogicalHandler Start processing HTTP request POST https://api.deepseek.com/chat/completions
[15:10:44 INF] System.Net.Http.HttpClient.IDeepSeekClient.ClientHandler Sending HTTP request POST https://api.deepseek.com/chat/completions
[15:10:44 INF] System.Net.Http.HttpClient.IDeepSeekClient.LogicalHandler Start processing HTTP request POST https://api.deepseek.com/chat/completions
[15:10:44 INF] System.Net.Http.HttpClient.IDeepSeekClient.ClientHandler Sending HTTP request POST https://api.deepseek.com/chat/completions
[15:10:45 INF] System.Net.Http.HttpClient.IDeepSeekClient.ClientHandler Received HTTP response headers after 307.658ms - 200
[15:10:45 INF] System.Net.Http.HttpClient.IDeepSeekClient.LogicalHandler End processing HTTP request after 315.5575ms - 200
[15:10:45 INF] System.Net.Http.HttpClient.IDeepSeekClient.ClientHandler Received HTTP response headers after 292.3849ms - 200
[15:10:45 INF] System.Net.Http.HttpClient.IDeepSeekClient.LogicalHandler End processing HTTP request after 301.0321ms - 200
[15:10:46 INF] System.Net.Http.HttpClient.IDeepSeekClient.LogicalHandler Start processing HTTP request POST https://api.deepseek.com/chat/completions
[15:10:46 INF] System.Net.Http.HttpClient.IDeepSeekClient.ClientHandler Sending HTTP request POST https://api.deepseek.com/chat/completions
[15:10:46 INF] System.Net.Http.HttpClient.IDeepSeekClient.ClientHandler Received HTTP response headers after 283.9321ms - 200
[15:10:46 INF] System.Net.Http.HttpClient.IDeepSeekClient.LogicalHandler End processing HTTP request after 292.3338ms - 200
[15:10:46 INF] System.Net.Http.HttpClient.IDeepSeekClient.LogicalHandler Start processing HTTP request POST https://api.deepseek.com/chat/completions
[15:10:46 INF] System.Net.Http.HttpClient.IDeepSeekClient.ClientHandler Sending HTTP request POST https://api.deepseek.com/chat/completions
[15:10:47 INF] System.Net.Http.HttpClient.IDeepSeekClient.ClientHandler Received HTTP response headers after 292.6701ms - 200
[15:10:47 INF] System.Net.Http.HttpClient.IDeepSeekClient.LogicalHandler End processing HTTP request after 301.3129ms - 200
[15:10:47 INF] System.Net.Http.HttpClient.IDeepSeekClient.LogicalHandler Start processing HTTP request POST https://api.deepseek.com/chat/completions
[15:10:47 INF] System.Net.Http.HttpClient.IDeepSeekClient.ClientHandler Sending HTTP request POST https://api.deepseek.com/chat/completions
[15:10:47 INF] System.Net.Http.HttpClient.IDeepSeekClient.ClientHandler Received HTTP response headers after 329.135ms - 200
[15:10:47 INF] System.Net.Http.HttpClient.IDeepSeekClient.LogicalHandler End processing HTTP request after 337.1642ms - 200
[15:10:48 INF] System.Net.Http.HttpClient.IDeepSeekClient.LogicalHandler Start processing HTTP request POST https://api.deepseek.com/chat/completions
[15:10:48 INF] System.Net.Http.HttpClient.IDeepSeekClient.ClientHandler Sending HTTP request POST https://api.deepseek.com/chat/completions
[15:10:48 INF] System.Net.Http.HttpClient.IDeepSeekClient.LogicalHandler Start processing HTTP request POST https://api.deepseek.com/chat/completions
[15:10:48 INF] System.Net.Http.HttpClient.IDeepSeekClient.ClientHandler Sending HTTP request POST https://api.deepseek.com/chat/completions
[15:10:48 INF] System.Net.Http.HttpClient.IDeepSeekClient.ClientHandler Received HTTP response headers after 285.1607ms - 200
[15:10:48 INF] System.Net.Http.HttpClient.IDeepSeekClient.LogicalHandler End processing HTTP request after 293.3035ms - 200
[15:10:48 INF] System.Net.Http.HttpClient.IDeepSeekClient.ClientHandler Received HTTP response headers after 320.3733ms - 200
[15:10:48 INF] System.Net.Http.HttpClient.IDeepSeekClient.LogicalHandler End processing HTTP request after 328.9013ms - 200
[15:10:48 INF] System.Net.Http.HttpClient.IDeepSeekClient.LogicalHandler Start processing HTTP request POST https://api.deepseek.com/chat/completions
[15:10:48 INF] System.Net.Http.HttpClient.IDeepSeekClient.ClientHandler Sending HTTP request POST https://api.deepseek.com/chat/completions
[15:10:49 INF] System.Net.Http.HttpClient.IDeepSeekClient.ClientHandler Received HTTP response headers after 295.5689ms - 200
[15:10:49 INF] System.Net.Http.HttpClient.IDeepSeekClient.LogicalHandler End processing HTTP request after 304.9568ms - 200
[15:10:50 INF] System.Net.Http.HttpClient.IDeepSeekClient.LogicalHandler Start processing HTTP request POST https://api.deepseek.com/chat/completions
[15:10:50 INF] System.Net.Http.HttpClient.IDeepSeekClient.ClientHandler Sending HTTP request POST https://api.deepseek.com/chat/completions
[15:10:51 INF] System.Net.Http.HttpClient.IDeepSeekClient.ClientHandler Received HTTP response headers after 274.1285ms - 200
[15:10:51 INF] System.Net.Http.HttpClient.IDeepSeekClient.LogicalHandler End processing HTTP request after 281.9409ms - 200
[15:10:57 INF] System.Net.Http.HttpClient.IDeepSeekClient.LogicalHandler Start processing HTTP request POST https://api.deepseek.com/chat/completions
[15:10:57 INF] System.Net.Http.HttpClient.IDeepSeekClient.ClientHandler Sending HTTP request POST https://api.deepseek.com/chat/completions
[15:10:57 INF] System.Net.Http.HttpClient.IDeepSeekClient.LogicalHandler Start processing HTTP request POST https://api.deepseek.com/chat/completions
[15:10:57 INF] System.Net.Http.HttpClient.IDeepSeekClient.ClientHandler Sending HTTP request POST https://api.deepseek.com/chat/completions
[15:10:57 INF] System.Net.Http.HttpClient.IDeepSeekClient.ClientHandler Received HTTP response headers after 308.3297ms - 200
[15:10:57 INF] System.Net.Http.HttpClient.IDeepSeekClient.LogicalHandler End processing HTTP request after 316.8264ms - 200
[15:10:57 INF] System.Net.Http.HttpClient.IDeepSeekClient.ClientHandler Received HTTP response headers after 297.8291ms - 200
[15:10:57 INF] System.Net.Http.HttpClient.IDeepSeekClient.LogicalHandler End processing HTTP request after 305.1825ms - 200
[15:10:57 INF] System.Net.Http.HttpClient.IDeepSeekClient.LogicalHandler Start processing HTTP request POST https://api.deepseek.com/chat/completions
[15:10:58 INF] System.Net.Http.HttpClient.IDeepSeekClient.ClientHandler Sending HTTP request POST https://api.deepseek.com/chat/completions
[15:10:58 INF] System.Net.Http.HttpClient.IDeepSeekClient.ClientHandler Received HTTP response headers after 288.1272ms - 200
[15:10:58 INF] System.Net.Http.HttpClient.IDeepSeekClient.LogicalHandler End processing HTTP request after 295.7178ms - 200
[15:10:59 INF] System.Net.Http.HttpClient.IDeepSeekClient.LogicalHandler Start processing HTTP request POST https://api.deepseek.com/chat/completions
[15:10:59 INF] System.Net.Http.HttpClient.IDeepSeekClient.ClientHandler Sending HTTP request POST https://api.deepseek.com/chat/completions
[15:10:59 INF] System.Net.Http.HttpClient.IDeepSeekClient.ClientHandler Received HTTP response headers after 295.451ms - 200
[15:10:59 INF] System.Net.Http.HttpClient.IDeepSeekClient.LogicalHandler End processing HTTP request after 303.2736ms - 200
[15:11:00 INF] System.Net.Http.HttpClient.IDeepSeekClient.LogicalHandler Start processing HTTP request POST https://api.deepseek.com/chat/completions
[15:11:00 INF] System.Net.Http.HttpClient.IDeepSeekClient.ClientHandler Sending HTTP request POST https://api.deepseek.com/chat/completions
[15:11:01 INF] System.Net.Http.HttpClient.IDeepSeekClient.ClientHandler Received HTTP response headers after 287.2665ms - 200
[15:11:01 INF] System.Net.Http.HttpClient.IDeepSeekClient.LogicalHandler End processing HTTP request after 295.6503ms - 200
[15:11:04 INF] System.Net.Http.HttpClient.IDeepSeekClient.LogicalHandler Start processing HTTP request POST https://api.deepseek.com/chat/completions
[15:11:04 INF] System.Net.Http.HttpClient.IDeepSeekClient.ClientHandler Sending HTTP request POST https://api.deepseek.com/chat/completions
[15:11:04 INF] System.Net.Http.HttpClient.IDeepSeekClient.ClientHandler Received HTTP response headers after 294.1554ms - 200
[15:11:04 INF] System.Net.Http.HttpClient.IDeepSeekClient.LogicalHandler End processing HTTP request after 302.2985ms - 200
[15:11:05 INF] System.Net.Http.HttpClient.IDeepSeekClient.LogicalHandler Start processing HTTP request POST https://api.deepseek.com/chat/completions
[15:11:05 INF] System.Net.Http.HttpClient.IDeepSeekClient.ClientHandler Sending HTTP request POST https://api.deepseek.com/chat/completions
[15:11:05 INF] System.Net.Http.HttpClient.IDeepSeekClient.LogicalHandler Start processing HTTP request POST https://api.deepseek.com/chat/completions
[15:11:05 INF] System.Net.Http.HttpClient.IDeepSeekClient.ClientHandler Sending HTTP request POST https://api.deepseek.com/chat/completions
[15:11:05 INF] System.Net.Http.HttpClient.IDeepSeekClient.ClientHandler Received HTTP response headers after 305.0078ms - 200
[15:11:05 INF] System.Net.Http.HttpClient.IDeepSeekClient.LogicalHandler End processing HTTP request after 313.0077ms - 200
[15:11:05 INF] System.Net.Http.HttpClient.IDeepSeekClient.ClientHandler Received HTTP response headers after 292.26ms - 200
[15:11:05 INF] System.Net.Http.HttpClient.IDeepSeekClient.LogicalHandler End processing HTTP request after 300.6706ms - 200
[15:11:06 INF] System.Net.Http.HttpClient.IDeepSeekClient.LogicalHandler Start processing HTTP request POST https://api.deepseek.com/chat/completions
[15:11:06 INF] System.Net.Http.HttpClient.IDeepSeekClient.ClientHandler Sending HTTP request POST https://api.deepseek.com/chat/completions
[15:11:06 INF] System.Net.Http.HttpClient.IDeepSeekClient.ClientHandler Received HTTP response headers after 297.6825ms - 200
[15:11:06 INF] System.Net.Http.HttpClient.IDeepSeekClient.LogicalHandler End processing HTTP request after 305.5856ms - 200
[15:11:08 INF] System.Net.Http.HttpClient.IDeepSeekClient.LogicalHandler Start processing HTTP request POST https://api.deepseek.com/chat/completions
[15:11:08 INF] System.Net.Http.HttpClient.IDeepSeekClient.ClientHandler Sending HTTP request POST https://api.deepseek.com/chat/completions
[15:11:08 INF] System.Net.Http.HttpClient.IDeepSeekClient.LogicalHandler Start processing HTTP request POST https://api.deepseek.com/chat/completions
[15:11:08 INF] System.Net.Http.HttpClient.IDeepSeekClient.ClientHandler Sending HTTP request POST https://api.deepseek.com/chat/completions
[15:11:08 INF] System.Net.Http.HttpClient.IDeepSeekClient.ClientHandler Received HTTP response headers after 284.3385ms - 200
[15:11:08 INF] System.Net.Http.HttpClient.IDeepSeekClient.LogicalHandler End processing HTTP request after 291.3722ms - 200
[15:11:08 INF] System.Net.Http.HttpClient.IDeepSeekClient.ClientHandler Received HTTP response headers after 331.3053ms - 200
[15:11:08 INF] System.Net.Http.HttpClient.IDeepSeekClient.LogicalHandler End processing HTTP request after 339.4186ms - 200
[15:11:08 INF] System.Net.Http.HttpClient.IDeepSeekClient.LogicalHandler Start processing HTTP request POST https://api.deepseek.com/chat/completions
[15:11:08 INF] System.Net.Http.HttpClient.IDeepSeekClient.ClientHandler Sending HTTP request POST https://api.deepseek.com/chat/completions
[15:11:09 INF] System.Net.Http.HttpClient.IDeepSeekClient.ClientHandler Received HTTP response headers after 303.7579ms - 200
[15:11:09 INF] System.Net.Http.HttpClient.IDeepSeekClient.LogicalHandler End processing HTTP request after 311.4036ms - 200
[15:11:09 INF] System.Net.Http.HttpClient.IDeepSeekClient.LogicalHandler Start processing HTTP request POST https://api.deepseek.com/chat/completions
[15:11:09 INF] System.Net.Http.HttpClient.IDeepSeekClient.ClientHandler Sending HTTP request POST https://api.deepseek.com/chat/completions
[15:11:09 INF] System.Net.Http.HttpClient.IDeepSeekClient.ClientHandler Received HTTP response headers after 282.288ms - 200
[15:11:09 INF] System.Net.Http.HttpClient.IDeepSeekClient.LogicalHandler End processing HTTP request after 291.8163ms - 200
[15:11:10 INF] System.Net.Http.HttpClient.IDeepSeekClient.LogicalHandler Start processing HTTP request POST https://api.deepseek.com/chat/completions
[15:11:10 INF] System.Net.Http.HttpClient.IDeepSeekClient.ClientHandler Sending HTTP request POST https://api.deepseek.com/chat/completions
[15:11:10 INF] System.Net.Http.HttpClient.IDeepSeekClient.ClientHandler Received HTTP response headers after 279.9053ms - 200
[15:11:10 INF] System.Net.Http.HttpClient.IDeepSeekClient.LogicalHandler End processing HTTP request after 293.4431ms - 200
[15:11:11 INF] System.Net.Http.HttpClient.IDeepSeekClient.LogicalHandler Start processing HTTP request POST https://api.deepseek.com/chat/completions
[15:11:11 INF] System.Net.Http.HttpClient.IDeepSeekClient.ClientHandler Sending HTTP request POST https://api.deepseek.com/chat/completions
[15:11:11 INF] System.Net.Http.HttpClient.IDeepSeekClient.ClientHandler Received HTTP response headers after 319.2113ms - 200
[15:11:11 INF] System.Net.Http.HttpClient.IDeepSeekClient.LogicalHandler End processing HTTP request after 326.9145ms - 200
[15:11:12 INF] System.Net.Http.HttpClient.IDeepSeekClient.LogicalHandler Start processing HTTP request POST https://api.deepseek.com/chat/completions
[15:11:12 INF] System.Net.Http.HttpClient.IDeepSeekClient.ClientHandler Sending HTTP request POST https://api.deepseek.com/chat/completions
[15:11:12 INF] System.Net.Http.HttpClient.IDeepSeekClient.ClientHandler Received HTTP response headers after 293.9304ms - 200
[15:11:12 INF] System.Net.Http.HttpClient.IDeepSeekClient.LogicalHandler End processing HTTP request after 301.078ms - 200
[15:11:13 INF] System.Net.Http.HttpClient.IDeepSeekClient.LogicalHandler Start processing HTTP request POST https://api.deepseek.com/chat/completions
[15:11:13 INF] System.Net.Http.HttpClient.IDeepSeekClient.ClientHandler Sending HTTP request POST https://api.deepseek.com/chat/completions
[15:11:13 INF] System.Net.Http.HttpClient.IDeepSeekClient.LogicalHandler Start processing HTTP request POST https://api.deepseek.com/chat/completions
[15:11:13 INF] System.Net.Http.HttpClient.IDeepSeekClient.ClientHandler Sending HTTP request POST https://api.deepseek.com/chat/completions
[15:11:13 INF] System.Net.Http.HttpClient.IDeepSeekClient.ClientHandler Received HTTP response headers after 292.2042ms - 200
[15:11:13 INF] System.Net.Http.HttpClient.IDeepSeekClient.LogicalHandler End processing HTTP request after 299.8592ms - 200
[15:11:13 INF] System.Net.Http.HttpClient.IDeepSeekClient.ClientHandler Received HTTP response headers after 290.1869ms - 200
[15:11:13 INF] System.Net.Http.HttpClient.IDeepSeekClient.LogicalHandler End processing HTTP request after 297.7693ms - 200
[15:11:14 INF] System.Net.Http.HttpClient.IDeepSeekClient.LogicalHandler Start processing HTTP request POST https://api.deepseek.com/chat/completions
[15:11:14 INF] System.Net.Http.HttpClient.IDeepSeekClient.ClientHandler Sending HTTP request POST https://api.deepseek.com/chat/completions
[15:11:14 INF] System.Net.Http.HttpClient.IDeepSeekClient.LogicalHandler Start processing HTTP request POST https://api.deepseek.com/chat/completions
[15:11:14 INF] System.Net.Http.HttpClient.IDeepSeekClient.ClientHandler Sending HTTP request POST https://api.deepseek.com/chat/completions
[15:11:14 INF] System.Net.Http.HttpClient.IDeepSeekClient.ClientHandler Received HTTP response headers after 292.4649ms - 200
[15:11:14 INF] System.Net.Http.HttpClient.IDeepSeekClient.LogicalHandler End processing HTTP request after 300.2738ms - 200
[15:11:14 INF] System.Net.Http.HttpClient.IDeepSeekClient.ClientHandler Received HTTP response headers after 296.7745ms - 200
[15:11:14 INF] System.Net.Http.HttpClient.IDeepSeekClient.LogicalHandler End processing HTTP request after 304.7912ms - 200
[15:11:15 INF] System.Net.Http.HttpClient.IDeepSeekClient.LogicalHandler Start processing HTTP request POST https://api.deepseek.com/chat/completions
[15:11:15 INF] System.Net.Http.HttpClient.IDeepSeekClient.ClientHandler Sending HTTP request POST https://api.deepseek.com/chat/completions
[15:11:15 INF] System.Net.Http.HttpClient.IDeepSeekClient.ClientHandler Received HTTP response headers after 295.0169ms - 200
[15:11:15 INF] System.Net.Http.HttpClient.IDeepSeekClient.LogicalHandler End processing HTTP request after 303.1916ms - 200
[15:11:15 INF] System.Net.Http.HttpClient.IDeepSeekClient.LogicalHandler Start processing HTTP request POST https://api.deepseek.com/chat/completions
[15:11:15 INF] System.Net.Http.HttpClient.IDeepSeekClient.ClientHandler Sending HTTP request POST https://api.deepseek.com/chat/completions
[15:11:16 INF] System.Net.Http.HttpClient.IDeepSeekClient.ClientHandler Received HTTP response headers after 299.4899ms - 200
[15:11:16 INF] System.Net.Http.HttpClient.IDeepSeekClient.LogicalHandler End processing HTTP request after 307.2401ms - 200
[15:11:17 INF] System.Net.Http.HttpClient.IDeepSeekClient.LogicalHandler Start processing HTTP request POST https://api.deepseek.com/chat/completions
[15:11:17 INF] System.Net.Http.HttpClient.IDeepSeekClient.ClientHandler Sending HTTP request POST https://api.deepseek.com/chat/completions
[15:11:17 INF] System.Net.Http.HttpClient.IDeepSeekClient.ClientHandler Received HTTP response headers after 290.7974ms - 200
[15:11:17 INF] System.Net.Http.HttpClient.IDeepSeekClient.LogicalHandler End processing HTTP request after 298.4266ms - 200
[15:11:18 INF] System.Net.Http.HttpClient.IDeepSeekClient.LogicalHandler Start processing HTTP request POST https://api.deepseek.com/chat/completions
[15:11:18 INF] System.Net.Http.HttpClient.IDeepSeekClient.ClientHandler Sending HTTP request POST https://api.deepseek.com/chat/completions
[15:11:19 INF] System.Net.Http.HttpClient.IDeepSeekClient.LogicalHandler Start processing HTTP request POST https://api.deepseek.com/chat/completions
[15:11:19 INF] System.Net.Http.HttpClient.IDeepSeekClient.ClientHandler Sending HTTP request POST https://api.deepseek.com/chat/completions
[15:11:19 INF] System.Net.Http.HttpClient.IDeepSeekClient.ClientHandler Received HTTP response headers after 369.9172ms - 200
[15:11:19 INF] System.Net.Http.HttpClient.IDeepSeekClient.LogicalHandler End processing HTTP request after 378.1ms - 200
[15:11:19 INF] System.Net.Http.HttpClient.IDeepSeekClient.ClientHandler Received HTTP response headers after 287.5358ms - 200
[15:11:19 INF] System.Net.Http.HttpClient.IDeepSeekClient.LogicalHandler End processing HTTP request after 295.4426ms - 200
[15:11:20 INF] System.Net.Http.HttpClient.IDeepSeekClient.LogicalHandler Start processing HTTP request POST https://api.deepseek.com/chat/completions
[15:11:20 INF] System.Net.Http.HttpClient.IDeepSeekClient.ClientHandler Sending HTTP request POST https://api.deepseek.com/chat/completions
[15:11:20 INF] System.Net.Http.HttpClient.IDeepSeekClient.ClientHandler Received HTTP response headers after 289.4029ms - 200
[15:11:20 INF] System.Net.Http.HttpClient.IDeepSeekClient.LogicalHandler End processing HTTP request after 296.8539ms - 200
[15:11:24 INF] System.Net.Http.HttpClient.IDeepSeekClient.LogicalHandler Start processing HTTP request POST https://api.deepseek.com/chat/completions
[15:11:24 INF] System.Net.Http.HttpClient.IDeepSeekClient.ClientHandler Sending HTTP request POST https://api.deepseek.com/chat/completions
[15:11:25 INF] System.Net.Http.HttpClient.IDeepSeekClient.ClientHandler Received HTTP response headers after 286.383ms - 200
[15:11:25 INF] System.Net.Http.HttpClient.IDeepSeekClient.LogicalHandler End processing HTTP request after 293.9921ms - 200
[15:11:29 INF] System.Net.Http.HttpClient.IDeepSeekClient.LogicalHandler Start processing HTTP request POST https://api.deepseek.com/chat/completions
[15:11:29 INF] System.Net.Http.HttpClient.IDeepSeekClient.ClientHandler Sending HTTP request POST https://api.deepseek.com/chat/completions
[15:11:29 INF] System.Net.Http.HttpClient.IDeepSeekClient.ClientHandler Received HTTP response headers after 280.6377ms - 200
[15:11:29 INF] System.Net.Http.HttpClient.IDeepSeekClient.LogicalHandler End processing HTTP request after 287.9921ms - 200
[15:11:37 INF] System.Net.Http.HttpClient.IDeepSeekClient.LogicalHandler Start processing HTTP request POST https://api.deepseek.com/chat/completions
[15:11:37 INF] System.Net.Http.HttpClient.IDeepSeekClient.ClientHandler Sending HTTP request POST https://api.deepseek.com/chat/completions
[15:11:37 INF] System.Net.Http.HttpClient.IDeepSeekClient.ClientHandler Received HTTP response headers after 295.6925ms - 200
[15:11:37 INF] System.Net.Http.HttpClient.IDeepSeekClient.LogicalHandler End processing HTTP request after 304.104ms - 200
[15:11:39 INF] System.Net.Http.HttpClient.IDeepSeekClient.LogicalHandler Start processing HTTP request POST https://api.deepseek.com/chat/completions
[15:11:39 INF] System.Net.Http.HttpClient.IDeepSeekClient.ClientHandler Sending HTTP request POST https://api.deepseek.com/chat/completions
[15:11:39 INF] System.Net.Http.HttpClient.IDeepSeekClient.ClientHandler Received HTTP response headers after 297.1689ms - 200
[15:11:39 INF] System.Net.Http.HttpClient.IDeepSeekClient.LogicalHandler End processing HTTP request after 304.8738ms - 200
[15:11:41 INF] System.Net.Http.HttpClient.IDeepSeekClient.LogicalHandler Start processing HTTP request POST https://api.deepseek.com/chat/completions
[15:11:41 INF] System.Net.Http.HttpClient.IDeepSeekClient.ClientHandler Sending HTTP request POST https://api.deepseek.com/chat/completions
[15:11:41 INF] System.Net.Http.HttpClient.IDeepSeekClient.ClientHandler Received HTTP response headers after 292.9436ms - 200
[15:11:41 INF] System.Net.Http.HttpClient.IDeepSeekClient.LogicalHandler End processing HTTP request after 300.478ms - 200
[15:11:42 INF] System.Net.Http.HttpClient.IDeepSeekClient.LogicalHandler Start processing HTTP request POST https://api.deepseek.com/chat/completions
[15:11:42 INF] System.Net.Http.HttpClient.IDeepSeekClient.ClientHandler Sending HTTP request POST https://api.deepseek.com/chat/completions
[15:11:42 INF] System.Net.Http.HttpClient.IDeepSeekClient.ClientHandler Received HTTP response headers after 293.2655ms - 200
[15:11:42 INF] System.Net.Http.HttpClient.IDeepSeekClient.LogicalHandler End processing HTTP request after 300.9004ms - 200
[15:11:44 INF] System.Net.Http.HttpClient.IDeepSeekClient.LogicalHandler Start processing HTTP request POST https://api.deepseek.com/chat/completions
[15:11:44 INF] System.Net.Http.HttpClient.IDeepSeekClient.ClientHandler Sending HTTP request POST https://api.deepseek.com/chat/completions
[15:11:45 INF] System.Net.Http.HttpClient.IDeepSeekClient.ClientHandler Received HTTP response headers after 295.5578ms - 200
[15:11:45 INF] System.Net.Http.HttpClient.IDeepSeekClient.LogicalHandler End processing HTTP request after 304.0144ms - 200
[15:11:46 INF] System.Net.Http.HttpClient.IDeepSeekClient.LogicalHandler Start processing HTTP request POST https://api.deepseek.com/chat/completions
[15:11:46 INF] System.Net.Http.HttpClient.IDeepSeekClient.ClientHandler Sending HTTP request POST https://api.deepseek.com/chat/completions
[15:11:46 INF] System.Net.Http.HttpClient.IDeepSeekClient.ClientHandler Received HTTP response headers after 295.8205ms - 200
[15:11:46 INF] System.Net.Http.HttpClient.IDeepSeekClient.LogicalHandler End processing HTTP request after 303.0977ms - 200
[15:11:47 INF] System.Net.Http.HttpClient.IDeepSeekClient.LogicalHandler Start processing HTTP request POST https://api.deepseek.com/chat/completions
[15:11:47 INF] System.Net.Http.HttpClient.IDeepSeekClient.ClientHandler Sending HTTP request POST https://api.deepseek.com/chat/completions
[15:11:47 INF] System.Net.Http.HttpClient.IDeepSeekClient.ClientHandler Received HTTP response headers after 291.3127ms - 200
[15:11:47 INF] System.Net.Http.HttpClient.IDeepSeekClient.LogicalHandler End processing HTTP request after 299.1092ms - 200
[15:11:48 INF] System.Net.Http.HttpClient.IDeepSeekClient.LogicalHandler Start processing HTTP request POST https://api.deepseek.com/chat/completions
[15:11:48 INF] System.Net.Http.HttpClient.IDeepSeekClient.ClientHandler Sending HTTP request POST https://api.deepseek.com/chat/completions
[15:11:49 INF] System.Net.Http.HttpClient.IDeepSeekClient.ClientHandler Received HTTP response headers after 283.809ms - 200
[15:11:49 INF] System.Net.Http.HttpClient.IDeepSeekClient.LogicalHandler End processing HTTP request after 290.9185ms - 200
[15:11:51 INF] System.Net.Http.HttpClient.IDeepSeekClient.LogicalHandler Start processing HTTP request POST https://api.deepseek.com/chat/completions
[15:11:51 INF] System.Net.Http.HttpClient.IDeepSeekClient.ClientHandler Sending HTTP request POST https://api.deepseek.com/chat/completions
[15:11:51 INF] System.Net.Http.HttpClient.IDeepSeekClient.ClientHandler Received HTTP response headers after 292.0442ms - 200
[15:11:51 INF] System.Net.Http.HttpClient.IDeepSeekClient.LogicalHandler End processing HTTP request after 299.8758ms - 200
[15:12:25 INF] System.Net.Http.HttpClient.IStockApiClient.LogicalHandler Start processing HTTP request GET https://data.sec.gov/api/xbrl/companyfacts/CIK0001045810.json
[15:12:25 INF] System.Net.Http.HttpClient.IStockApiClient.ClientHandler Sending HTTP request GET https://data.sec.gov/api/xbrl/companyfacts/CIK0001045810.json
[15:12:25 INF] System.Net.Http.HttpClient.IStockApiClient.ClientHandler Received HTTP response headers after 236.8308ms - 200
[15:12:25 INF] System.Net.Http.HttpClient.IStockApiClient.LogicalHandler End processing HTTP request after 245.7879ms - 200
[15:12:26 INF] System.Net.Http.HttpClient.IStockApiClient.LogicalHandler Start processing HTTP request GET https://data.sec.gov/submissions/CIK0001045810.json
[15:12:26 INF] System.Net.Http.HttpClient.IStockApiClient.ClientHandler Sending HTTP request GET https://data.sec.gov/submissions/CIK0001045810.json
[15:12:26 INF] System.Net.Http.HttpClient.IStockApiClient.ClientHandler Received HTTP response headers after 27.1083ms - 200
[15:12:26 INF] System.Net.Http.HttpClient.IStockApiClient.LogicalHandler End processing HTTP request after 35.6602ms - 200
[15:12:26 INF] System.Net.Http.HttpClient.IStockApiClient.LogicalHandler Start processing HTTP request GET https://www.sec.gov/Archives/edgar/data/1045810/000104581026000021/index.json
[15:12:26 INF] System.Net.Http.HttpClient.IStockApiClient.ClientHandler Sending HTTP request GET https://www.sec.gov/Archives/edgar/data/1045810/000104581026000021/index.json
[15:12:26 INF] System.Net.Http.HttpClient.IStockApiClient.ClientHandler Received HTTP response headers after 131.4244ms - 200
[15:12:26 INF] System.Net.Http.HttpClient.IStockApiClient.LogicalHandler End processing HTTP request after 140.7615ms - 200
[15:12:26 INF] System.Net.Http.HttpClient.IStockApiClient.LogicalHandler Start processing HTTP request GET https://www.sec.gov/Archives/edgar/data/1045810/000104581026000021/nvda-20260125_htm.xml
[15:12:26 INF] System.Net.Http.HttpClient.IStockApiClient.ClientHandler Sending HTTP request GET https://www.sec.gov/Archives/edgar/data/1045810/000104581026000021/nvda-20260125_htm.xml
[15:12:26 INF] System.Net.Http.HttpClient.IStockApiClient.ClientHandler Received HTTP response headers after 71.2697ms - 200
[15:12:26 INF] System.Net.Http.HttpClient.IStockApiClient.LogicalHandler End processing HTTP request after 80.3951ms - 200
[15:12:26 INF] System.Net.Http.HttpClient.IDeepSeekClient.LogicalHandler Start processing HTTP request POST https://api.deepseek.com/chat/completions
[15:12:26 INF] System.Net.Http.HttpClient.IDeepSeekClient.ClientHandler Sending HTTP request POST https://api.deepseek.com/chat/completions
[15:12:26 INF] System.Net.Http.HttpClient.IDeepSeekClient.ClientHandler Received HTTP response headers after 380.2258ms - 200
[15:12:26 INF] System.Net.Http.HttpClient.IDeepSeekClient.LogicalHandler End processing HTTP request after 388.9573ms - 200
[15:21:26 INF] Microsoft.Hosting.Lifetime Application is shutting down...
[15:21:32 INF] Microsoft.Hosting.Lifetime Now listening on: http://localhost:5213
[15:21:33 INF] Microsoft.Hosting.Lifetime Application started. Press Ctrl+C to shut down.
[15:21:33 INF] Microsoft.Hosting.Lifetime Hosting environment: Development
[15:21:33 INF] Microsoft.Hosting.Lifetime Content root path: C:\Users\luka.osojnik\Documents\Coding\simple-bloomberg-terminal\simple-bloomberg-terminal
[15:21:33 INF] simple_bloomberg_terminal.Services.Provisioning.WeeklyVolumeRefreshService Weekly volume refresh: 1 companies with stale volume
[15:21:33 INF] System.Net.Http.HttpClient.IStockApiClient.LogicalHandler Start processing HTTP request GET https://www.sec.gov/files/company_tickers.json
[15:21:33 INF] System.Net.Http.HttpClient.IStockApiClient.ClientHandler Sending HTTP request GET https://www.sec.gov/files/company_tickers.json
[15:21:33 INF] System.Net.Http.HttpClient.IStockApiClient.ClientHandler Received HTTP response headers after 271.0989ms - 200
[15:21:33 INF] System.Net.Http.HttpClient.IStockApiClient.LogicalHandler End processing HTTP request after 292.6103ms - 200
[15:21:33 INF] System.Net.Http.HttpClient.IYahooFinanceClient.LogicalHandler Start processing HTTP request GET https://query1.finance.yahoo.com/v8/finance/chart/MMM?*
[15:21:33 INF] System.Net.Http.HttpClient.IYahooFinanceClient.ClientHandler Sending HTTP request GET https://query1.finance.yahoo.com/v8/finance/chart/MMM?*
[15:21:33 INF] System.Net.Http.HttpClient.IYahooFinanceClient.ClientHandler Received HTTP response headers after 277.6093ms - 200
[15:21:33 INF] System.Net.Http.HttpClient.IYahooFinanceClient.LogicalHandler End processing HTTP request after 289.2723ms - 200
[15:21:33 WRN] Microsoft.EntityFrameworkCore.Query Compiling a query which loads related collections for more than one collection navigation, either via 'Include' or through projection, but no 'QuerySplittingBehavior' has been configured. By default, Entity Framework will use 'QuerySplittingBehavior.SingleQuery', which can potentially result in slow query performance. See https://go.microsoft.com/fwlink/?linkid=2134277 for more information. To identify the query that's triggering this warning call 'ConfigureWarnings(w => w.Throw(RelationalEventId.MultipleCollectionIncludeWarning))'.
[15:21:47 WRN] LuckyPennySoftware.AutoMapper.License You do not have a valid license key for the Lucky Penny software AutoMapper. This is allowed for development and testing scenarios. If you are running in production you are required to have a licensed version. Please visit https://luckypennysoftware.com to obtain a valid license.
[15:21:47 INF] System.Net.Http.HttpClient.IStockApiClient.LogicalHandler Start processing HTTP request GET https://data.sec.gov/submissions/CIK0001045810.json
[15:21:47 INF] System.Net.Http.HttpClient.IStockApiClient.ClientHandler Sending HTTP request GET https://data.sec.gov/submissions/CIK0001045810.json
[15:21:47 INF] System.Net.Http.HttpClient.IStockApiClient.ClientHandler Received HTTP response headers after 312.9197ms - 200
[15:21:47 INF] System.Net.Http.HttpClient.IStockApiClient.LogicalHandler End processing HTTP request after 323.9464ms - 200
[15:21:51 INF] System.Net.Http.HttpClient.IStockApiClient.LogicalHandler Start processing HTTP request GET https://www.sec.gov/Archives/edgar/data/1045810/000104581026000021/nvda-20260125.htm
[15:21:51 INF] System.Net.Http.HttpClient.IStockApiClient.ClientHandler Sending HTTP request GET https://www.sec.gov/Archives/edgar/data/1045810/000104581026000021/nvda-20260125.htm
[15:21:51 INF] System.Net.Http.HttpClient.IStockApiClient.ClientHandler Received HTTP response headers after 144.1152ms - 200
[15:21:51 INF] System.Net.Http.HttpClient.IStockApiClient.LogicalHandler End processing HTTP request after 153.833ms - 200
[15:21:52 INF] System.Net.Http.HttpClient.IStockApiClient.LogicalHandler Start processing HTTP request GET https://www.sec.gov/Archives/edgar/data/1045810/000104581026000021/nvda-20260125.htm
[15:21:52 INF] System.Net.Http.HttpClient.IStockApiClient.ClientHandler Sending HTTP request GET https://www.sec.gov/Archives/edgar/data/1045810/000104581026000021/nvda-20260125.htm
[15:21:53 INF] System.Net.Http.HttpClient.IStockApiClient.ClientHandler Received HTTP response headers after 454.5543ms - 200
[15:21:53 INF] System.Net.Http.HttpClient.IStockApiClient.LogicalHandler End processing HTTP request after 464.2846ms - 200
[15:21:53 INF] System.Net.Http.HttpClient.IDeepSeekClient.LogicalHandler Start processing HTTP request POST https://api.deepseek.com/chat/completions
[15:21:53 INF] System.Net.Http.HttpClient.IDeepSeekClient.ClientHandler Sending HTTP request POST https://api.deepseek.com/chat/completions
[15:21:54 INF] System.Net.Http.HttpClient.IDeepSeekClient.ClientHandler Received HTTP response headers after 829.8669ms - 200
[15:21:54 INF] System.Net.Http.HttpClient.IDeepSeekClient.LogicalHandler End processing HTTP request after 840.1815ms - 200
[15:22:57 INF] System.Net.Http.HttpClient.IStockApiClient.LogicalHandler Start processing HTTP request GET https://www.sec.gov/Archives/edgar/data/1045810/000104581026000021/FilingSummary.xml
[15:22:57 INF] System.Net.Http.HttpClient.IStockApiClient.ClientHandler Sending HTTP request GET https://www.sec.gov/Archives/edgar/data/1045810/000104581026000021/FilingSummary.xml
[15:22:57 INF] System.Net.Http.HttpClient.IStockApiClient.ClientHandler Received HTTP response headers after 31.0836ms - 200
[15:22:57 INF] System.Net.Http.HttpClient.IStockApiClient.LogicalHandler End processing HTTP request after 39.8403ms - 200
[15:22:57 INF] System.Net.Http.HttpClient.IStockApiClient.LogicalHandler Start processing HTTP request GET https://www.sec.gov/Archives/edgar/data/1045810/000104581026000021/R3.htm
[15:22:57 INF] System.Net.Http.HttpClient.IStockApiClient.ClientHandler Sending HTTP request GET https://www.sec.gov/Archives/edgar/data/1045810/000104581026000021/R3.htm
[15:22:57 INF] System.Net.Http.HttpClient.IStockApiClient.ClientHandler Received HTTP response headers after 39.8655ms - 200
[15:22:57 INF] System.Net.Http.HttpClient.IStockApiClient.LogicalHandler End processing HTTP request after 49.0178ms - 200
[15:22:57 INF] System.Net.Http.HttpClient.IStockApiClient.LogicalHandler Start processing HTTP request GET https://www.sec.gov/Archives/edgar/data/1045810/000104581026000021/R64.htm
[15:22:57 INF] System.Net.Http.HttpClient.IStockApiClient.ClientHandler Sending HTTP request GET https://www.sec.gov/Archives/edgar/data/1045810/000104581026000021/R64.htm
[15:22:57 INF] System.Net.Http.HttpClient.IStockApiClient.ClientHandler Received HTTP response headers after 25.5638ms - 200
[15:22:57 INF] System.Net.Http.HttpClient.IStockApiClient.LogicalHandler End processing HTTP request after 34.1933ms - 200
[15:22:57 INF] System.Net.Http.HttpClient.IStockApiClient.LogicalHandler Start processing HTTP request GET https://www.sec.gov/Archives/edgar/data/1045810/000104581026000021/R65.htm
[15:22:57 INF] System.Net.Http.HttpClient.IStockApiClient.ClientHandler Sending HTTP request GET https://www.sec.gov/Archives/edgar/data/1045810/000104581026000021/R65.htm
[15:22:58 INF] System.Net.Http.HttpClient.IStockApiClient.ClientHandler Received HTTP response headers after 36.8146ms - 200
[15:22:58 INF] System.Net.Http.HttpClient.IStockApiClient.LogicalHandler End processing HTTP request after 45.6208ms - 200
[15:22:58 INF] System.Net.Http.HttpClient.IStockApiClient.LogicalHandler Start processing HTTP request GET https://www.sec.gov/Archives/edgar/data/1045810/000104581026000021/R71.htm
[15:22:58 INF] System.Net.Http.HttpClient.IStockApiClient.ClientHandler Sending HTTP request GET https://www.sec.gov/Archives/edgar/data/1045810/000104581026000021/R71.htm
[15:22:58 INF] System.Net.Http.HttpClient.IStockApiClient.ClientHandler Received HTTP response headers after 35.6158ms - 200
[15:22:58 INF] System.Net.Http.HttpClient.IStockApiClient.LogicalHandler End processing HTTP request after 44.0826ms - 200
[15:22:58 INF] System.Net.Http.HttpClient.IStockApiClient.LogicalHandler Start processing HTTP request GET https://www.sec.gov/Archives/edgar/data/1045810/000104581026000021/R81.htm
[15:22:58 INF] System.Net.Http.HttpClient.IStockApiClient.ClientHandler Sending HTTP request GET https://www.sec.gov/Archives/edgar/data/1045810/000104581026000021/R81.htm
[15:22:58 INF] System.Net.Http.HttpClient.IStockApiClient.ClientHandler Received HTTP response headers after 31.4067ms - 200
[15:22:58 INF] System.Net.Http.HttpClient.IStockApiClient.LogicalHandler End processing HTTP request after 40.2133ms - 200
[15:22:58 INF] System.Net.Http.HttpClient.IStockApiClient.LogicalHandler Start processing HTTP request GET https://www.sec.gov/Archives/edgar/data/1045810/000104581026000021/R82.htm
[15:22:58 INF] System.Net.Http.HttpClient.IStockApiClient.ClientHandler Sending HTTP request GET https://www.sec.gov/Archives/edgar/data/1045810/000104581026000021/R82.htm
[15:22:58 INF] System.Net.Http.HttpClient.IStockApiClient.ClientHandler Received HTTP response headers after 26.0579ms - 200
[15:22:58 INF] System.Net.Http.HttpClient.IStockApiClient.LogicalHandler End processing HTTP request after 35.7248ms - 200
[15:22:58 INF] System.Net.Http.HttpClient.IStockApiClient.LogicalHandler Start processing HTTP request GET https://www.sec.gov/Archives/edgar/data/1045810/000104581026000021/R83.htm
[15:22:58 INF] System.Net.Http.HttpClient.IStockApiClient.ClientHandler Sending HTTP request GET https://www.sec.gov/Archives/edgar/data/1045810/000104581026000021/R83.htm
[15:22:58 INF] System.Net.Http.HttpClient.IStockApiClient.ClientHandler Received HTTP response headers after 27.5702ms - 200
[15:22:58 INF] System.Net.Http.HttpClient.IStockApiClient.LogicalHandler End processing HTTP request after 37.2849ms - 200
[15:22:58 INF] System.Net.Http.HttpClient.IStockApiClient.LogicalHandler Start processing HTTP request GET https://www.sec.gov/Archives/edgar/data/1045810/000104581026000021/R84.htm
[15:22:58 INF] System.Net.Http.HttpClient.IStockApiClient.ClientHandler Sending HTTP request GET https://www.sec.gov/Archives/edgar/data/1045810/000104581026000021/R84.htm
[15:22:58 INF] System.Net.Http.HttpClient.IStockApiClient.ClientHandler Received HTTP response headers after 28.7274ms - 200
[15:22:58 INF] System.Net.Http.HttpClient.IStockApiClient.LogicalHandler End processing HTTP request after 38.2298ms - 200
[15:22:58 INF] System.Net.Http.HttpClient.IStockApiClient.LogicalHandler Start processing HTTP request GET https://www.sec.gov/Archives/edgar/data/1045810/000104581026000021/R85.htm
[15:22:58 INF] System.Net.Http.HttpClient.IStockApiClient.ClientHandler Sending HTTP request GET https://www.sec.gov/Archives/edgar/data/1045810/000104581026000021/R85.htm
[15:22:58 INF] System.Net.Http.HttpClient.IStockApiClient.ClientHandler Received HTTP response headers after 30.8568ms - 200
[15:22:58 INF] System.Net.Http.HttpClient.IStockApiClient.LogicalHandler End processing HTTP request after 40.4724ms - 200
[15:22:58 INF] System.Net.Http.HttpClient.IDeepSeekClient.LogicalHandler Start processing HTTP request POST https://api.deepseek.com/chat/completions
[15:22:58 INF] System.Net.Http.HttpClient.IDeepSeekClient.ClientHandler Sending HTTP request POST https://api.deepseek.com/chat/completions
[15:22:58 INF] System.Net.Http.HttpClient.IDeepSeekClient.LogicalHandler Start processing HTTP request POST https://api.deepseek.com/chat/completions
[15:22:58 INF] System.Net.Http.HttpClient.IDeepSeekClient.ClientHandler Sending HTTP request POST https://api.deepseek.com/chat/completions
[15:22:58 INF] System.Net.Http.HttpClient.IDeepSeekClient.LogicalHandler Start processing HTTP request POST https://api.deepseek.com/chat/completions
[15:22:58 INF] System.Net.Http.HttpClient.IDeepSeekClient.ClientHandler Sending HTTP request POST https://api.deepseek.com/chat/completions
[15:22:58 INF] System.Net.Http.HttpClient.IDeepSeekClient.LogicalHandler Start processing HTTP request POST https://api.deepseek.com/chat/completions
[15:22:58 INF] System.Net.Http.HttpClient.IDeepSeekClient.ClientHandler Sending HTTP request POST https://api.deepseek.com/chat/completions
[15:22:58 INF] System.Net.Http.HttpClient.IDeepSeekClient.LogicalHandler Start processing HTTP request POST https://api.deepseek.com/chat/completions
[15:22:58 INF] System.Net.Http.HttpClient.IDeepSeekClient.ClientHandler Sending HTTP request POST https://api.deepseek.com/chat/completions
[15:22:58 INF] System.Net.Http.HttpClient.IDeepSeekClient.LogicalHandler Start processing HTTP request POST https://api.deepseek.com/chat/completions
[15:22:58 INF] System.Net.Http.HttpClient.IDeepSeekClient.ClientHandler Sending HTTP request POST https://api.deepseek.com/chat/completions
[15:22:58 INF] System.Net.Http.HttpClient.IDeepSeekClient.ClientHandler Received HTTP response headers after 304.3943ms - 200
[15:22:58 INF] System.Net.Http.HttpClient.IDeepSeekClient.LogicalHandler End processing HTTP request after 314.0418ms - 200
[15:22:58 INF] System.Net.Http.HttpClient.IDeepSeekClient.ClientHandler Received HTTP response headers after 333.9683ms - 200
[15:22:58 INF] System.Net.Http.HttpClient.IDeepSeekClient.LogicalHandler End processing HTTP request after 342.8637ms - 200
[15:22:58 INF] System.Net.Http.HttpClient.IDeepSeekClient.ClientHandler Received HTTP response headers after 337.3263ms - 200
[15:22:58 INF] System.Net.Http.HttpClient.IDeepSeekClient.ClientHandler Received HTTP response headers after 330.7748ms - 200
[15:22:58 INF] System.Net.Http.HttpClient.IDeepSeekClient.ClientHandler Received HTTP response headers after 325.4438ms - 200
[15:22:58 INF] System.Net.Http.HttpClient.IDeepSeekClient.LogicalHandler End processing HTTP request after 346.8513ms - 200
[15:22:58 INF] System.Net.Http.HttpClient.IDeepSeekClient.LogicalHandler End processing HTTP request after 342.4093ms - 200
[15:22:58 INF] System.Net.Http.HttpClient.IDeepSeekClient.LogicalHandler End processing HTTP request after 338.5ms - 200
[15:22:58 INF] System.Net.Http.HttpClient.IDeepSeekClient.ClientHandler Received HTTP response headers after 326.1396ms - 200
[15:22:58 INF] System.Net.Http.HttpClient.IDeepSeekClient.LogicalHandler End processing HTTP request after 342.5819ms - 200
[15:23:06 INF] System.Net.Http.HttpClient.IDeepSeekClient.LogicalHandler Start processing HTTP request POST https://api.deepseek.com/chat/completions
[15:23:06 INF] System.Net.Http.HttpClient.IDeepSeekClient.ClientHandler Sending HTTP request POST https://api.deepseek.com/chat/completions
[15:23:06 INF] System.Net.Http.HttpClient.IDeepSeekClient.ClientHandler Received HTTP response headers after 331.5374ms - 200
[15:23:06 INF] System.Net.Http.HttpClient.IDeepSeekClient.LogicalHandler End processing HTTP request after 338.9912ms - 200
[15:23:08 INF] System.Net.Http.HttpClient.IDeepSeekClient.LogicalHandler Start processing HTTP request POST https://api.deepseek.com/chat/completions
[15:23:08 INF] System.Net.Http.HttpClient.IDeepSeekClient.ClientHandler Sending HTTP request POST https://api.deepseek.com/chat/completions
[15:23:08 INF] System.Net.Http.HttpClient.IDeepSeekClient.ClientHandler Received HTTP response headers after 293.6781ms - 200
[15:23:08 INF] System.Net.Http.HttpClient.IDeepSeekClient.LogicalHandler End processing HTTP request after 302.066ms - 200
[15:23:11 INF] System.Net.Http.HttpClient.IDeepSeekClient.LogicalHandler Start processing HTTP request POST https://api.deepseek.com/chat/completions
[15:23:11 INF] System.Net.Http.HttpClient.IDeepSeekClient.ClientHandler Sending HTTP request POST https://api.deepseek.com/chat/completions
[15:23:11 INF] System.Net.Http.HttpClient.IDeepSeekClient.ClientHandler Received HTTP response headers after 298.4209ms - 200
[15:23:11 INF] System.Net.Http.HttpClient.IDeepSeekClient.LogicalHandler End processing HTTP request after 307.4637ms - 200
[15:23:13 INF] System.Net.Http.HttpClient.IDeepSeekClient.LogicalHandler Start processing HTTP request POST https://api.deepseek.com/chat/completions
[15:23:13 INF] System.Net.Http.HttpClient.IDeepSeekClient.ClientHandler Sending HTTP request POST https://api.deepseek.com/chat/completions
[15:23:13 INF] System.Net.Http.HttpClient.IDeepSeekClient.ClientHandler Received HTTP response headers after 297.9642ms - 200
[15:23:13 INF] System.Net.Http.HttpClient.IDeepSeekClient.LogicalHandler End processing HTTP request after 306.939ms - 200
[15:23:18 INF] System.Net.Http.HttpClient.IDeepSeekClient.LogicalHandler Start processing HTTP request POST https://api.deepseek.com/chat/completions
[15:23:18 INF] System.Net.Http.HttpClient.IDeepSeekClient.ClientHandler Sending HTTP request POST https://api.deepseek.com/chat/completions
[15:23:19 INF] System.Net.Http.HttpClient.IDeepSeekClient.ClientHandler Received HTTP response headers after 277.6888ms - 200
[15:23:19 INF] System.Net.Http.HttpClient.IDeepSeekClient.LogicalHandler End processing HTTP request after 286.3146ms - 200
[15:23:20 INF] System.Net.Http.HttpClient.IDeepSeekClient.LogicalHandler Start processing HTTP request POST https://api.deepseek.com/chat/completions
[15:23:20 INF] System.Net.Http.HttpClient.IDeepSeekClient.ClientHandler Sending HTTP request POST https://api.deepseek.com/chat/completions
[15:23:20 INF] System.Net.Http.HttpClient.IDeepSeekClient.ClientHandler Received HTTP response headers after 287.7309ms - 200
[15:23:20 INF] System.Net.Http.HttpClient.IDeepSeekClient.LogicalHandler End processing HTTP request after 295.5976ms - 200
[15:23:21 INF] System.Net.Http.HttpClient.IDeepSeekClient.LogicalHandler Start processing HTTP request POST https://api.deepseek.com/chat/completions
[15:23:21 INF] System.Net.Http.HttpClient.IDeepSeekClient.ClientHandler Sending HTTP request POST https://api.deepseek.com/chat/completions
[15:23:21 INF] System.Net.Http.HttpClient.IDeepSeekClient.ClientHandler Received HTTP response headers after 295.9849ms - 200
[15:23:21 INF] System.Net.Http.HttpClient.IDeepSeekClient.LogicalHandler End processing HTTP request after 304.6436ms - 200
[15:23:22 INF] System.Net.Http.HttpClient.IDeepSeekClient.LogicalHandler Start processing HTTP request POST https://api.deepseek.com/chat/completions
[15:23:22 INF] System.Net.Http.HttpClient.IDeepSeekClient.ClientHandler Sending HTTP request POST https://api.deepseek.com/chat/completions
[15:23:22 INF] System.Net.Http.HttpClient.IDeepSeekClient.LogicalHandler Start processing HTTP request POST https://api.deepseek.com/chat/completions
[15:23:22 INF] System.Net.Http.HttpClient.IDeepSeekClient.ClientHandler Sending HTTP request POST https://api.deepseek.com/chat/completions
[15:23:22 INF] System.Net.Http.HttpClient.IDeepSeekClient.ClientHandler Received HTTP response headers after 308.8817ms - 200
[15:23:22 INF] System.Net.Http.HttpClient.IDeepSeekClient.LogicalHandler End processing HTTP request after 317.3677ms - 200
[15:23:22 INF] System.Net.Http.HttpClient.IDeepSeekClient.ClientHandler Received HTTP response headers after 280.756ms - 200
[15:23:22 INF] System.Net.Http.HttpClient.IDeepSeekClient.LogicalHandler End processing HTTP request after 288.6942ms - 200
[15:23:23 INF] System.Net.Http.HttpClient.IDeepSeekClient.LogicalHandler Start processing HTTP request POST https://api.deepseek.com/chat/completions
[15:23:23 INF] System.Net.Http.HttpClient.IDeepSeekClient.ClientHandler Sending HTTP request POST https://api.deepseek.com/chat/completions
[15:23:23 INF] System.Net.Http.HttpClient.IDeepSeekClient.ClientHandler Received HTTP response headers after 305.2994ms - 200
[15:23:23 INF] System.Net.Http.HttpClient.IDeepSeekClient.LogicalHandler End processing HTTP request after 310.8357ms - 200
[15:23:25 INF] System.Net.Http.HttpClient.IDeepSeekClient.LogicalHandler Start processing HTTP request POST https://api.deepseek.com/chat/completions
[15:23:25 INF] System.Net.Http.HttpClient.IDeepSeekClient.ClientHandler Sending HTTP request POST https://api.deepseek.com/chat/completions
[15:23:25 INF] System.Net.Http.HttpClient.IDeepSeekClient.LogicalHandler Start processing HTTP request POST https://api.deepseek.com/chat/completions
[15:23:25 INF] System.Net.Http.HttpClient.IDeepSeekClient.ClientHandler Sending HTTP request POST https://api.deepseek.com/chat/completions
[15:23:26 INF] System.Net.Http.HttpClient.IDeepSeekClient.ClientHandler Received HTTP response headers after 293.809ms - 200
[15:23:26 INF] System.Net.Http.HttpClient.IDeepSeekClient.LogicalHandler End processing HTTP request after 302.1684ms - 200
[15:23:26 INF] System.Net.Http.HttpClient.IDeepSeekClient.ClientHandler Received HTTP response headers after 516.02ms - 200
[15:23:26 INF] System.Net.Http.HttpClient.IDeepSeekClient.LogicalHandler End processing HTTP request after 523.8753ms - 200
[15:23:28 INF] System.Net.Http.HttpClient.IDeepSeekClient.LogicalHandler Start processing HTTP request POST https://api.deepseek.com/chat/completions
[15:23:28 INF] System.Net.Http.HttpClient.IDeepSeekClient.ClientHandler Sending HTTP request POST https://api.deepseek.com/chat/completions
[15:23:29 INF] System.Net.Http.HttpClient.IDeepSeekClient.ClientHandler Received HTTP response headers after 295.0311ms - 200
[15:23:29 INF] System.Net.Http.HttpClient.IDeepSeekClient.LogicalHandler End processing HTTP request after 302.6286ms - 200
[15:23:30 INF] System.Net.Http.HttpClient.IDeepSeekClient.LogicalHandler Start processing HTTP request POST https://api.deepseek.com/chat/completions
[15:23:30 INF] System.Net.Http.HttpClient.IDeepSeekClient.ClientHandler Sending HTTP request POST https://api.deepseek.com/chat/completions
[15:23:31 INF] System.Net.Http.HttpClient.IDeepSeekClient.ClientHandler Received HTTP response headers after 511.8489ms - 200
[15:23:31 INF] System.Net.Http.HttpClient.IDeepSeekClient.LogicalHandler End processing HTTP request after 519.676ms - 200
[15:23:34 INF] System.Net.Http.HttpClient.IDeepSeekClient.LogicalHandler Start processing HTTP request POST https://api.deepseek.com/chat/completions
[15:23:34 INF] System.Net.Http.HttpClient.IDeepSeekClient.ClientHandler Sending HTTP request POST https://api.deepseek.com/chat/completions
[15:23:35 INF] System.Net.Http.HttpClient.IDeepSeekClient.ClientHandler Received HTTP response headers after 289.1626ms - 200
[15:23:35 INF] System.Net.Http.HttpClient.IDeepSeekClient.LogicalHandler End processing HTTP request after 297.5319ms - 200
[15:23:36 INF] System.Net.Http.HttpClient.IDeepSeekClient.LogicalHandler Start processing HTTP request POST https://api.deepseek.com/chat/completions
[15:23:36 INF] System.Net.Http.HttpClient.IDeepSeekClient.ClientHandler Sending HTTP request POST https://api.deepseek.com/chat/completions
[15:23:37 INF] System.Net.Http.HttpClient.IDeepSeekClient.ClientHandler Received HTTP response headers after 358.5074ms - 200
[15:23:37 INF] System.Net.Http.HttpClient.IDeepSeekClient.LogicalHandler End processing HTTP request after 365.9628ms - 200
[15:23:38 INF] System.Net.Http.HttpClient.IDeepSeekClient.LogicalHandler Start processing HTTP request POST https://api.deepseek.com/chat/completions
[15:23:38 INF] System.Net.Http.HttpClient.IDeepSeekClient.ClientHandler Sending HTTP request POST https://api.deepseek.com/chat/completions
[15:23:38 INF] System.Net.Http.HttpClient.IDeepSeekClient.ClientHandler Received HTTP response headers after 296.9566ms - 200
[15:23:38 INF] System.Net.Http.HttpClient.IDeepSeekClient.LogicalHandler End processing HTTP request after 304.6332ms - 200
[15:23:41 INF] System.Net.Http.HttpClient.IDeepSeekClient.LogicalHandler Start processing HTTP request POST https://api.deepseek.com/chat/completions
[15:23:41 INF] System.Net.Http.HttpClient.IDeepSeekClient.ClientHandler Sending HTTP request POST https://api.deepseek.com/chat/completions
[15:23:41 INF] System.Net.Http.HttpClient.IDeepSeekClient.ClientHandler Received HTTP response headers after 309.9535ms - 200
[15:23:41 INF] System.Net.Http.HttpClient.IDeepSeekClient.LogicalHandler End processing HTTP request after 317.684ms - 200
[15:23:43 INF] System.Net.Http.HttpClient.IDeepSeekClient.LogicalHandler Start processing HTTP request POST https://api.deepseek.com/chat/completions
[15:23:43 INF] System.Net.Http.HttpClient.IDeepSeekClient.ClientHandler Sending HTTP request POST https://api.deepseek.com/chat/completions
[15:23:44 INF] System.Net.Http.HttpClient.IDeepSeekClient.ClientHandler Received HTTP response headers after 368.8276ms - 200
[15:23:44 INF] System.Net.Http.HttpClient.IDeepSeekClient.LogicalHandler End processing HTTP request after 376.8188ms - 200
[15:23:45 INF] System.Net.Http.HttpClient.IDeepSeekClient.LogicalHandler Start processing HTTP request POST https://api.deepseek.com/chat/completions
[15:23:45 INF] System.Net.Http.HttpClient.IDeepSeekClient.ClientHandler Sending HTTP request POST https://api.deepseek.com/chat/completions
[15:23:46 INF] System.Net.Http.HttpClient.IDeepSeekClient.ClientHandler Received HTTP response headers after 340.9397ms - 200
[15:23:46 INF] System.Net.Http.HttpClient.IDeepSeekClient.LogicalHandler End processing HTTP request after 349.0156ms - 200
[15:23:46 INF] System.Net.Http.HttpClient.IDeepSeekClient.LogicalHandler Start processing HTTP request POST https://api.deepseek.com/chat/completions
[15:23:46 INF] System.Net.Http.HttpClient.IDeepSeekClient.ClientHandler Sending HTTP request POST https://api.deepseek.com/chat/completions
[15:23:46 INF] System.Net.Http.HttpClient.IDeepSeekClient.ClientHandler Received HTTP response headers after 363.3544ms - 200
[15:23:46 INF] System.Net.Http.HttpClient.IDeepSeekClient.LogicalHandler End processing HTTP request after 371.0426ms - 200
[15:23:50 INF] System.Net.Http.HttpClient.IDeepSeekClient.LogicalHandler Start processing HTTP request POST https://api.deepseek.com/chat/completions
[15:23:50 INF] System.Net.Http.HttpClient.IDeepSeekClient.ClientHandler Sending HTTP request POST https://api.deepseek.com/chat/completions
[15:23:50 INF] System.Net.Http.HttpClient.IDeepSeekClient.ClientHandler Received HTTP response headers after 311.3974ms - 200
[15:23:50 INF] System.Net.Http.HttpClient.IDeepSeekClient.LogicalHandler End processing HTTP request after 319.1279ms - 200
[15:23:51 INF] System.Net.Http.HttpClient.IDeepSeekClient.LogicalHandler Start processing HTTP request POST https://api.deepseek.com/chat/completions
[15:23:51 INF] System.Net.Http.HttpClient.IDeepSeekClient.ClientHandler Sending HTTP request POST https://api.deepseek.com/chat/completions
[15:23:51 INF] System.Net.Http.HttpClient.IDeepSeekClient.ClientHandler Received HTTP response headers after 281.7169ms - 200
[15:23:51 INF] System.Net.Http.HttpClient.IDeepSeekClient.LogicalHandler End processing HTTP request after 289.53ms - 200
[15:23:53 INF] System.Net.Http.HttpClient.IDeepSeekClient.LogicalHandler Start processing HTTP request POST https://api.deepseek.com/chat/completions
[15:23:53 INF] System.Net.Http.HttpClient.IDeepSeekClient.ClientHandler Sending HTTP request POST https://api.deepseek.com/chat/completions
[15:23:53 INF] System.Net.Http.HttpClient.IDeepSeekClient.ClientHandler Received HTTP response headers after 289.9925ms - 200
[15:23:53 INF] System.Net.Http.HttpClient.IDeepSeekClient.LogicalHandler End processing HTTP request after 298.2869ms - 200
[15:24:00 INF] System.Net.Http.HttpClient.IDeepSeekClient.LogicalHandler Start processing HTTP request POST https://api.deepseek.com/chat/completions
[15:24:00 INF] System.Net.Http.HttpClient.IDeepSeekClient.ClientHandler Sending HTTP request POST https://api.deepseek.com/chat/completions
[15:24:01 INF] System.Net.Http.HttpClient.IDeepSeekClient.ClientHandler Received HTTP response headers after 300.4324ms - 200
[15:24:01 INF] System.Net.Http.HttpClient.IDeepSeekClient.LogicalHandler End processing HTTP request after 308.2405ms - 200
[15:24:02 INF] System.Net.Http.HttpClient.IDeepSeekClient.LogicalHandler Start processing HTTP request POST https://api.deepseek.com/chat/completions
[15:24:02 INF] System.Net.Http.HttpClient.IDeepSeekClient.ClientHandler Sending HTTP request POST https://api.deepseek.com/chat/completions
[15:24:02 INF] System.Net.Http.HttpClient.IDeepSeekClient.ClientHandler Received HTTP response headers after 284.0387ms - 200
[15:24:02 INF] System.Net.Http.HttpClient.IDeepSeekClient.LogicalHandler End processing HTTP request after 291.7224ms - 200
[15:24:02 INF] System.Net.Http.HttpClient.IDeepSeekClient.LogicalHandler Start processing HTTP request POST https://api.deepseek.com/chat/completions
[15:24:02 INF] System.Net.Http.HttpClient.IDeepSeekClient.ClientHandler Sending HTTP request POST https://api.deepseek.com/chat/completions
[15:24:03 INF] System.Net.Http.HttpClient.IDeepSeekClient.ClientHandler Received HTTP response headers after 333.1021ms - 200
[15:24:03 INF] System.Net.Http.HttpClient.IDeepSeekClient.LogicalHandler End processing HTTP request after 340.9357ms - 200
[15:24:03 INF] System.Net.Http.HttpClient.IDeepSeekClient.LogicalHandler Start processing HTTP request POST https://api.deepseek.com/chat/completions
[15:24:03 INF] System.Net.Http.HttpClient.IDeepSeekClient.ClientHandler Sending HTTP request POST https://api.deepseek.com/chat/completions
[15:24:03 INF] System.Net.Http.HttpClient.IDeepSeekClient.LogicalHandler Start processing HTTP request POST https://api.deepseek.com/chat/completions
[15:24:03 INF] System.Net.Http.HttpClient.IDeepSeekClient.ClientHandler Sending HTTP request POST https://api.deepseek.com/chat/completions
[15:24:04 INF] System.Net.Http.HttpClient.IDeepSeekClient.ClientHandler Received HTTP response headers after 300.6177ms - 200
[15:24:04 INF] System.Net.Http.HttpClient.IDeepSeekClient.LogicalHandler End processing HTTP request after 308.818ms - 200
[15:24:04 INF] System.Net.Http.HttpClient.IDeepSeekClient.ClientHandler Received HTTP response headers after 340.9182ms - 200
[15:24:04 INF] System.Net.Http.HttpClient.IDeepSeekClient.LogicalHandler End processing HTTP request after 350.0976ms - 200
[15:24:04 INF] System.Net.Http.HttpClient.IDeepSeekClient.LogicalHandler Start processing HTTP request POST https://api.deepseek.com/chat/completions
[15:24:04 INF] System.Net.Http.HttpClient.IDeepSeekClient.ClientHandler Sending HTTP request POST https://api.deepseek.com/chat/completions
[15:24:04 INF] System.Net.Http.HttpClient.IDeepSeekClient.ClientHandler Received HTTP response headers after 286.0536ms - 200
[15:24:04 INF] System.Net.Http.HttpClient.IDeepSeekClient.LogicalHandler End processing HTTP request after 294.1184ms - 200
[15:24:05 INF] System.Net.Http.HttpClient.IDeepSeekClient.LogicalHandler Start processing HTTP request POST https://api.deepseek.com/chat/completions
[15:24:05 INF] System.Net.Http.HttpClient.IDeepSeekClient.ClientHandler Sending HTTP request POST https://api.deepseek.com/chat/completions
[15:24:05 INF] System.Net.Http.HttpClient.IDeepSeekClient.LogicalHandler Start processing HTTP request POST https://api.deepseek.com/chat/completions
[15:24:05 INF] System.Net.Http.HttpClient.IDeepSeekClient.ClientHandler Sending HTTP request POST https://api.deepseek.com/chat/completions
[15:24:05 INF] System.Net.Http.HttpClient.IDeepSeekClient.ClientHandler Received HTTP response headers after 325.2892ms - 200
[15:24:05 INF] System.Net.Http.HttpClient.IDeepSeekClient.LogicalHandler End processing HTTP request after 333.4062ms - 200
[15:24:05 INF] System.Net.Http.HttpClient.IDeepSeekClient.ClientHandler Received HTTP response headers after 313.0592ms - 200
[15:24:05 INF] System.Net.Http.HttpClient.IDeepSeekClient.LogicalHandler Start processing HTTP request POST https://api.deepseek.com/chat/completions
[15:24:05 INF] System.Net.Http.HttpClient.IDeepSeekClient.LogicalHandler End processing HTTP request after 321.2283ms - 200
[15:24:05 INF] System.Net.Http.HttpClient.IDeepSeekClient.ClientHandler Sending HTTP request POST https://api.deepseek.com/chat/completions
[15:24:06 INF] System.Net.Http.HttpClient.IDeepSeekClient.ClientHandler Received HTTP response headers after 294.0735ms - 200
[15:24:06 INF] System.Net.Http.HttpClient.IDeepSeekClient.LogicalHandler End processing HTTP request after 305.8303ms - 200
[15:24:06 INF] System.Net.Http.HttpClient.IDeepSeekClient.LogicalHandler Start processing HTTP request POST https://api.deepseek.com/chat/completions
[15:24:06 INF] System.Net.Http.HttpClient.IDeepSeekClient.ClientHandler Sending HTTP request POST https://api.deepseek.com/chat/completions
[15:24:07 INF] System.Net.Http.HttpClient.IDeepSeekClient.ClientHandler Received HTTP response headers after 291.4834ms - 200
[15:24:07 INF] System.Net.Http.HttpClient.IDeepSeekClient.LogicalHandler End processing HTTP request after 299.7212ms - 200
[15:24:08 INF] System.Net.Http.HttpClient.IDeepSeekClient.LogicalHandler Start processing HTTP request POST https://api.deepseek.com/chat/completions
[15:24:08 INF] System.Net.Http.HttpClient.IDeepSeekClient.ClientHandler Sending HTTP request POST https://api.deepseek.com/chat/completions
[15:24:08 INF] System.Net.Http.HttpClient.IDeepSeekClient.ClientHandler Received HTTP response headers after 288.7328ms - 200
[15:24:08 INF] System.Net.Http.HttpClient.IDeepSeekClient.LogicalHandler End processing HTTP request after 297.6745ms - 200
[15:24:12 INF] System.Net.Http.HttpClient.IDeepSeekClient.LogicalHandler Start processing HTTP request POST https://api.deepseek.com/chat/completions
[15:24:12 INF] System.Net.Http.HttpClient.IDeepSeekClient.ClientHandler Sending HTTP request POST https://api.deepseek.com/chat/completions
[15:24:12 INF] System.Net.Http.HttpClient.IDeepSeekClient.ClientHandler Received HTTP response headers after 311.9782ms - 200
[15:24:12 INF] System.Net.Http.HttpClient.IDeepSeekClient.LogicalHandler End processing HTTP request after 319.6724ms - 200
[15:24:15 INF] System.Net.Http.HttpClient.IDeepSeekClient.LogicalHandler Start processing HTTP request POST https://api.deepseek.com/chat/completions
[15:24:15 INF] System.Net.Http.HttpClient.IDeepSeekClient.ClientHandler Sending HTTP request POST https://api.deepseek.com/chat/completions
[15:24:15 INF] System.Net.Http.HttpClient.IDeepSeekClient.ClientHandler Received HTTP response headers after 305.6085ms - 200
[15:24:15 INF] System.Net.Http.HttpClient.IDeepSeekClient.LogicalHandler End processing HTTP request after 313.3241ms - 200
[15:24:15 INF] System.Net.Http.HttpClient.IDeepSeekClient.LogicalHandler Start processing HTTP request POST https://api.deepseek.com/chat/completions
[15:24:15 INF] System.Net.Http.HttpClient.IDeepSeekClient.ClientHandler Sending HTTP request POST https://api.deepseek.com/chat/completions
[15:24:16 INF] System.Net.Http.HttpClient.IDeepSeekClient.ClientHandler Received HTTP response headers after 286.1478ms - 200
[15:24:16 INF] System.Net.Http.HttpClient.IDeepSeekClient.LogicalHandler End processing HTTP request after 293.7849ms - 200
[15:24:17 INF] System.Net.Http.HttpClient.IDeepSeekClient.LogicalHandler Start processing HTTP request POST https://api.deepseek.com/chat/completions
[15:24:17 INF] System.Net.Http.HttpClient.IDeepSeekClient.ClientHandler Sending HTTP request POST https://api.deepseek.com/chat/completions
[15:24:17 INF] System.Net.Http.HttpClient.IDeepSeekClient.ClientHandler Received HTTP response headers after 332.1171ms - 200
[15:24:17 INF] System.Net.Http.HttpClient.IDeepSeekClient.LogicalHandler End processing HTTP request after 340.097ms - 200
[15:24:23 INF] System.Net.Http.HttpClient.IDeepSeekClient.LogicalHandler Start processing HTTP request POST https://api.deepseek.com/chat/completions
[15:24:23 INF] System.Net.Http.HttpClient.IDeepSeekClient.ClientHandler Sending HTTP request POST https://api.deepseek.com/chat/completions
[15:24:24 INF] System.Net.Http.HttpClient.IDeepSeekClient.ClientHandler Received HTTP response headers after 339.8536ms - 200
[15:24:24 INF] System.Net.Http.HttpClient.IDeepSeekClient.LogicalHandler End processing HTTP request after 347.814ms - 200
[15:24:24 INF] System.Net.Http.HttpClient.IDeepSeekClient.LogicalHandler Start processing HTTP request POST https://api.deepseek.com/chat/completions
[15:24:24 INF] System.Net.Http.HttpClient.IDeepSeekClient.ClientHandler Sending HTTP request POST https://api.deepseek.com/chat/completions
[15:24:25 INF] System.Net.Http.HttpClient.IDeepSeekClient.ClientHandler Received HTTP response headers after 349.3752ms - 200
[15:24:25 INF] System.Net.Http.HttpClient.IDeepSeekClient.LogicalHandler End processing HTTP request after 357.3858ms - 200
[15:24:25 INF] System.Net.Http.HttpClient.IDeepSeekClient.LogicalHandler Start processing HTTP request POST https://api.deepseek.com/chat/completions
[15:24:25 INF] System.Net.Http.HttpClient.IDeepSeekClient.ClientHandler Sending HTTP request POST https://api.deepseek.com/chat/completions
[15:24:25 INF] System.Net.Http.HttpClient.IDeepSeekClient.ClientHandler Received HTTP response headers after 332.931ms - 200
[15:24:25 INF] System.Net.Http.HttpClient.IDeepSeekClient.LogicalHandler End processing HTTP request after 340.6473ms - 200
[15:24:31 INF] System.Net.Http.HttpClient.IDeepSeekClient.LogicalHandler Start processing HTTP request POST https://api.deepseek.com/chat/completions
[15:24:31 INF] System.Net.Http.HttpClient.IDeepSeekClient.ClientHandler Sending HTTP request POST https://api.deepseek.com/chat/completions
[15:24:31 INF] System.Net.Http.HttpClient.IDeepSeekClient.ClientHandler Received HTTP response headers after 302.0557ms - 200
[15:24:31 INF] System.Net.Http.HttpClient.IDeepSeekClient.LogicalHandler End processing HTTP request after 310.1047ms - 200
[15:24:35 INF] System.Net.Http.HttpClient.IDeepSeekClient.LogicalHandler Start processing HTTP request POST https://api.deepseek.com/chat/completions
[15:24:35 INF] System.Net.Http.HttpClient.IDeepSeekClient.ClientHandler Sending HTTP request POST https://api.deepseek.com/chat/completions
[15:24:35 INF] System.Net.Http.HttpClient.IDeepSeekClient.ClientHandler Received HTTP response headers after 294.31ms - 200
[15:24:35 INF] System.Net.Http.HttpClient.IDeepSeekClient.LogicalHandler End processing HTTP request after 301.9641ms - 200
[15:24:39 INF] System.Net.Http.HttpClient.IDeepSeekClient.LogicalHandler Start processing HTTP request POST https://api.deepseek.com/chat/completions
[15:24:39 INF] System.Net.Http.HttpClient.IDeepSeekClient.ClientHandler Sending HTTP request POST https://api.deepseek.com/chat/completions
[15:24:39 INF] System.Net.Http.HttpClient.IDeepSeekClient.ClientHandler Received HTTP response headers after 300.2066ms - 200
[15:24:39 INF] System.Net.Http.HttpClient.IDeepSeekClient.LogicalHandler End processing HTTP request after 308.1698ms - 200
[15:24:46 INF] System.Net.Http.HttpClient.IDeepSeekClient.LogicalHandler Start processing HTTP request POST https://api.deepseek.com/chat/completions
[15:24:46 INF] System.Net.Http.HttpClient.IDeepSeekClient.ClientHandler Sending HTTP request POST https://api.deepseek.com/chat/completions
[15:24:46 INF] System.Net.Http.HttpClient.IDeepSeekClient.ClientHandler Received HTTP response headers after 313.1516ms - 200
[15:24:46 INF] System.Net.Http.HttpClient.IDeepSeekClient.LogicalHandler End processing HTTP request after 321.8215ms - 200
[15:24:50 INF] System.Net.Http.HttpClient.IDeepSeekClient.LogicalHandler Start processing HTTP request POST https://api.deepseek.com/chat/completions
[15:24:50 INF] System.Net.Http.HttpClient.IDeepSeekClient.ClientHandler Sending HTTP request POST https://api.deepseek.com/chat/completions
[15:24:50 INF] System.Net.Http.HttpClient.IDeepSeekClient.ClientHandler Received HTTP response headers after 301.291ms - 200
[15:24:50 INF] System.Net.Http.HttpClient.IDeepSeekClient.LogicalHandler End processing HTTP request after 310.7228ms - 200
[15:25:23 INF] System.Net.Http.HttpClient.IDeepSeekClient.LogicalHandler Start processing HTTP request POST https://api.deepseek.com/chat/completions
[15:25:23 INF] System.Net.Http.HttpClient.IDeepSeekClient.ClientHandler Sending HTTP request POST https://api.deepseek.com/chat/completions
[15:25:24 INF] System.Net.Http.HttpClient.IDeepSeekClient.ClientHandler Received HTTP response headers after 644.7292ms - 200
[15:25:24 INF] System.Net.Http.HttpClient.IDeepSeekClient.LogicalHandler End processing HTTP request after 652.6885ms - 200
[15:27:23 INF] System.Net.Http.HttpClient.IStockApiClient.LogicalHandler Start processing HTTP request GET https://data.sec.gov/api/xbrl/companyfacts/CIK0001045810.json
[15:27:23 INF] System.Net.Http.HttpClient.IStockApiClient.ClientHandler Sending HTTP request GET https://data.sec.gov/api/xbrl/companyfacts/CIK0001045810.json
[15:27:24 INF] System.Net.Http.HttpClient.IStockApiClient.ClientHandler Received HTTP response headers after 292.3935ms - 200
[15:27:24 INF] System.Net.Http.HttpClient.IStockApiClient.LogicalHandler End processing HTTP request after 302.6004ms - 200
[15:27:25 INF] System.Net.Http.HttpClient.IStockApiClient.LogicalHandler Start processing HTTP request GET https://data.sec.gov/submissions/CIK0001045810.json
[15:27:25 INF] System.Net.Http.HttpClient.IStockApiClient.ClientHandler Sending HTTP request GET https://data.sec.gov/submissions/CIK0001045810.json
[15:27:25 INF] System.Net.Http.HttpClient.IStockApiClient.ClientHandler Received HTTP response headers after 47.9968ms - 200
[15:27:25 INF] System.Net.Http.HttpClient.IStockApiClient.LogicalHandler End processing HTTP request after 56.2974ms - 200
[15:27:25 INF] System.Net.Http.HttpClient.IStockApiClient.LogicalHandler Start processing HTTP request GET https://www.sec.gov/Archives/edgar/data/1045810/000104581026000021/index.json
[15:27:25 INF] System.Net.Http.HttpClient.IStockApiClient.ClientHandler Sending HTTP request GET https://www.sec.gov/Archives/edgar/data/1045810/000104581026000021/index.json
[15:27:25 INF] System.Net.Http.HttpClient.IStockApiClient.ClientHandler Received HTTP response headers after 250.2755ms - 200
[15:27:25 INF] System.Net.Http.HttpClient.IStockApiClient.LogicalHandler End processing HTTP request after 259.3867ms - 200
[15:27:25 INF] System.Net.Http.HttpClient.IStockApiClient.LogicalHandler Start processing HTTP request GET https://www.sec.gov/Archives/edgar/data/1045810/000104581026000021/nvda-20260125_htm.xml
[15:27:25 INF] System.Net.Http.HttpClient.IStockApiClient.ClientHandler Sending HTTP request GET https://www.sec.gov/Archives/edgar/data/1045810/000104581026000021/nvda-20260125_htm.xml
[15:27:26 INF] System.Net.Http.HttpClient.IStockApiClient.ClientHandler Received HTTP response headers after 57.0196ms - 200
[15:27:26 INF] System.Net.Http.HttpClient.IStockApiClient.LogicalHandler End processing HTTP request after 66.0459ms - 200
[15:27:26 INF] System.Net.Http.HttpClient.IDeepSeekClient.LogicalHandler Start processing HTTP request POST https://api.deepseek.com/chat/completions
[15:27:26 INF] System.Net.Http.HttpClient.IDeepSeekClient.ClientHandler Sending HTTP request POST https://api.deepseek.com/chat/completions
[15:27:27 INF] System.Net.Http.HttpClient.IDeepSeekClient.ClientHandler Received HTTP response headers after 454.0919ms - 200
[15:27:27 INF] System.Net.Http.HttpClient.IDeepSeekClient.LogicalHandler End processing HTTP request after 462.9535ms - 200
[15:43:10 INF] System.Net.Http.HttpClient.IStockApiClient.LogicalHandler Start processing HTTP request GET https://data.sec.gov/submissions/CIK0001045810.json
[15:43:10 INF] System.Net.Http.HttpClient.IStockApiClient.ClientHandler Sending HTTP request GET https://data.sec.gov/submissions/CIK0001045810.json
[15:43:10 INF] System.Net.Http.HttpClient.IStockApiClient.ClientHandler Received HTTP response headers after 252.4591ms - 200
[15:43:10 INF] System.Net.Http.HttpClient.IStockApiClient.LogicalHandler End processing HTTP request after 264.7082ms - 200
[15:43:16 INF] System.Net.Http.HttpClient.IDeepSeekClient.LogicalHandler Start processing HTTP request POST https://api.deepseek.com/chat/completions
[15:43:16 INF] System.Net.Http.HttpClient.IDeepSeekClient.ClientHandler Sending HTTP request POST https://api.deepseek.com/chat/completions
[15:43:16 INF] System.Net.Http.HttpClient.IDeepSeekClient.ClientHandler Received HTTP response headers after 379.8902ms - 200
[15:43:16 INF] System.Net.Http.HttpClient.IDeepSeekClient.LogicalHandler End processing HTTP request after 388.1261ms - 200
[15:43:39 INF] System.Net.Http.HttpClient.IStockApiClient.LogicalHandler Start processing HTTP request GET https://www.sec.gov/Archives/edgar/data/1045810/000104581026000021/FilingSummary.xml
[15:43:39 INF] System.Net.Http.HttpClient.IStockApiClient.ClientHandler Sending HTTP request GET https://www.sec.gov/Archives/edgar/data/1045810/000104581026000021/FilingSummary.xml
[15:43:40 INF] System.Net.Http.HttpClient.IStockApiClient.ClientHandler Received HTTP response headers after 149.5027ms - 200
[15:43:40 INF] System.Net.Http.HttpClient.IStockApiClient.LogicalHandler End processing HTTP request after 158.0792ms - 200
[15:43:40 INF] System.Net.Http.HttpClient.IStockApiClient.LogicalHandler Start processing HTTP request GET https://www.sec.gov/Archives/edgar/data/1045810/000104581026000021/R3.htm
[15:43:40 INF] System.Net.Http.HttpClient.IStockApiClient.ClientHandler Sending HTTP request GET https://www.sec.gov/Archives/edgar/data/1045810/000104581026000021/R3.htm
[15:43:40 INF] System.Net.Http.HttpClient.IStockApiClient.ClientHandler Received HTTP response headers after 25.9855ms - 200
[15:43:40 INF] System.Net.Http.HttpClient.IStockApiClient.LogicalHandler End processing HTTP request after 34.1456ms - 200
[15:43:40 INF] System.Net.Http.HttpClient.IStockApiClient.LogicalHandler Start processing HTTP request GET https://www.sec.gov/Archives/edgar/data/1045810/000104581026000021/R46.htm
[15:43:40 INF] System.Net.Http.HttpClient.IStockApiClient.ClientHandler Sending HTTP request GET https://www.sec.gov/Archives/edgar/data/1045810/000104581026000021/R46.htm
[15:43:40 INF] System.Net.Http.HttpClient.IStockApiClient.ClientHandler Received HTTP response headers after 316.8696ms - 200
[15:43:40 INF] System.Net.Http.HttpClient.IStockApiClient.LogicalHandler End processing HTTP request after 325.315ms - 200
[15:43:40 INF] System.Net.Http.HttpClient.IStockApiClient.LogicalHandler Start processing HTTP request GET https://www.sec.gov/Archives/edgar/data/1045810/000104581026000021/R72.htm
[15:43:40 INF] System.Net.Http.HttpClient.IStockApiClient.ClientHandler Sending HTTP request GET https://www.sec.gov/Archives/edgar/data/1045810/000104581026000021/R72.htm
[15:43:40 INF] System.Net.Http.HttpClient.IStockApiClient.ClientHandler Received HTTP response headers after 232.0827ms - 200
[15:43:40 INF] System.Net.Http.HttpClient.IStockApiClient.LogicalHandler End processing HTTP request after 240.7674ms - 200
[15:43:40 INF] System.Net.Http.HttpClient.IStockApiClient.LogicalHandler Start processing HTTP request GET https://www.sec.gov/Archives/edgar/data/1045810/000104581026000021/R74.htm
[15:43:40 INF] System.Net.Http.HttpClient.IStockApiClient.ClientHandler Sending HTTP request GET https://www.sec.gov/Archives/edgar/data/1045810/000104581026000021/R74.htm
[15:43:40 INF] System.Net.Http.HttpClient.IStockApiClient.ClientHandler Received HTTP response headers after 235.6008ms - 200
[15:43:40 INF] System.Net.Http.HttpClient.IStockApiClient.LogicalHandler End processing HTTP request after 244.9286ms - 200
[15:43:40 INF] System.Net.Http.HttpClient.IStockApiClient.LogicalHandler Start processing HTTP request GET https://www.sec.gov/Archives/edgar/data/1045810/000104581026000021/R81.htm
[15:43:40 INF] System.Net.Http.HttpClient.IStockApiClient.ClientHandler Sending HTTP request GET https://www.sec.gov/Archives/edgar/data/1045810/000104581026000021/R81.htm
[15:43:40 INF] System.Net.Http.HttpClient.IStockApiClient.ClientHandler Received HTTP response headers after 28.6456ms - 200
[15:43:40 INF] System.Net.Http.HttpClient.IStockApiClient.LogicalHandler End processing HTTP request after 37.7227ms - 200
[15:43:40 INF] System.Net.Http.HttpClient.IStockApiClient.LogicalHandler Start processing HTTP request GET https://www.sec.gov/Archives/edgar/data/1045810/000104581026000021/R82.htm
[15:43:40 INF] System.Net.Http.HttpClient.IStockApiClient.ClientHandler Sending HTTP request GET https://www.sec.gov/Archives/edgar/data/1045810/000104581026000021/R82.htm
[15:43:40 INF] System.Net.Http.HttpClient.IStockApiClient.ClientHandler Received HTTP response headers after 27.162ms - 200
[15:43:40 INF] System.Net.Http.HttpClient.IStockApiClient.LogicalHandler End processing HTTP request after 35.741ms - 200
[15:43:40 INF] System.Net.Http.HttpClient.IStockApiClient.LogicalHandler Start processing HTTP request GET https://www.sec.gov/Archives/edgar/data/1045810/000104581026000021/R83.htm
[15:43:40 INF] System.Net.Http.HttpClient.IStockApiClient.ClientHandler Sending HTTP request GET https://www.sec.gov/Archives/edgar/data/1045810/000104581026000021/R83.htm
[15:43:41 INF] System.Net.Http.HttpClient.IStockApiClient.ClientHandler Received HTTP response headers after 28.0626ms - 200
[15:43:41 INF] System.Net.Http.HttpClient.IStockApiClient.LogicalHandler End processing HTTP request after 37.4274ms - 200
[15:43:41 INF] System.Net.Http.HttpClient.IStockApiClient.LogicalHandler Start processing HTTP request GET https://www.sec.gov/Archives/edgar/data/1045810/000104581026000021/R84.htm
[15:43:41 INF] System.Net.Http.HttpClient.IStockApiClient.ClientHandler Sending HTTP request GET https://www.sec.gov/Archives/edgar/data/1045810/000104581026000021/R84.htm
[15:43:41 INF] System.Net.Http.HttpClient.IStockApiClient.ClientHandler Received HTTP response headers after 30.9817ms - 200
[15:43:41 INF] System.Net.Http.HttpClient.IStockApiClient.LogicalHandler End processing HTTP request after 40.032ms - 200
[15:43:41 INF] System.Net.Http.HttpClient.IStockApiClient.LogicalHandler Start processing HTTP request GET https://www.sec.gov/Archives/edgar/data/1045810/000104581026000021/R85.htm
[15:43:41 INF] System.Net.Http.HttpClient.IStockApiClient.ClientHandler Sending HTTP request GET https://www.sec.gov/Archives/edgar/data/1045810/000104581026000021/R85.htm
[15:43:41 INF] System.Net.Http.HttpClient.IStockApiClient.ClientHandler Received HTTP response headers after 27.8195ms - 200
[15:43:41 INF] System.Net.Http.HttpClient.IStockApiClient.LogicalHandler End processing HTTP request after 36.7324ms - 200
[15:43:41 INF] System.Net.Http.HttpClient.IDeepSeekClient.LogicalHandler Start processing HTTP request POST https://api.deepseek.com/chat/completions
[15:43:41 INF] System.Net.Http.HttpClient.IDeepSeekClient.ClientHandler Sending HTTP request POST https://api.deepseek.com/chat/completions
[15:43:41 INF] System.Net.Http.HttpClient.IDeepSeekClient.LogicalHandler Start processing HTTP request POST https://api.deepseek.com/chat/completions
[15:43:41 INF] System.Net.Http.HttpClient.IDeepSeekClient.ClientHandler Sending HTTP request POST https://api.deepseek.com/chat/completions
[15:43:41 INF] System.Net.Http.HttpClient.IDeepSeekClient.LogicalHandler Start processing HTTP request POST https://api.deepseek.com/chat/completions
[15:43:41 INF] System.Net.Http.HttpClient.IDeepSeekClient.ClientHandler Sending HTTP request POST https://api.deepseek.com/chat/completions
[15:43:41 INF] System.Net.Http.HttpClient.IDeepSeekClient.LogicalHandler Start processing HTTP request POST https://api.deepseek.com/chat/completions
[15:43:41 INF] System.Net.Http.HttpClient.IDeepSeekClient.ClientHandler Sending HTTP request POST https://api.deepseek.com/chat/completions
[15:43:41 INF] System.Net.Http.HttpClient.IDeepSeekClient.LogicalHandler Start processing HTTP request POST https://api.deepseek.com/chat/completions
[15:43:41 INF] System.Net.Http.HttpClient.IDeepSeekClient.ClientHandler Sending HTTP request POST https://api.deepseek.com/chat/completions
[15:43:41 INF] System.Net.Http.HttpClient.IDeepSeekClient.LogicalHandler Start processing HTTP request POST https://api.deepseek.com/chat/completions
[15:43:41 INF] System.Net.Http.HttpClient.IDeepSeekClient.ClientHandler Sending HTTP request POST https://api.deepseek.com/chat/completions
[15:43:41 INF] System.Net.Http.HttpClient.IDeepSeekClient.ClientHandler Received HTTP response headers after 307.6473ms - 200
[15:43:41 INF] System.Net.Http.HttpClient.IDeepSeekClient.LogicalHandler End processing HTTP request after 318.8677ms - 200
[15:43:41 INF] System.Net.Http.HttpClient.IDeepSeekClient.ClientHandler Received HTTP response headers after 336.5157ms - 200
[15:43:41 INF] System.Net.Http.HttpClient.IDeepSeekClient.LogicalHandler End processing HTTP request after 347.7814ms - 200
[15:43:41 INF] System.Net.Http.HttpClient.IDeepSeekClient.ClientHandler Received HTTP response headers after 323.3959ms - 200
[15:43:41 INF] System.Net.Http.HttpClient.IDeepSeekClient.LogicalHandler End processing HTTP request after 336.3404ms - 200
[15:43:41 INF] System.Net.Http.HttpClient.IDeepSeekClient.ClientHandler Received HTTP response headers after 374.3113ms - 200
[15:43:41 INF] System.Net.Http.HttpClient.IDeepSeekClient.ClientHandler Received HTTP response headers after 349.8669ms - 200
[15:43:41 INF] System.Net.Http.HttpClient.IDeepSeekClient.LogicalHandler End processing HTTP request after 385.0392ms - 200
[15:43:41 INF] System.Net.Http.HttpClient.IDeepSeekClient.LogicalHandler End processing HTTP request after 362.3411ms - 200
[15:43:41 INF] System.Net.Http.HttpClient.IDeepSeekClient.ClientHandler Received HTTP response headers after 373.8948ms - 200
[15:43:41 INF] System.Net.Http.HttpClient.IDeepSeekClient.LogicalHandler End processing HTTP request after 388.8684ms - 200
[15:43:43 INF] System.Net.Http.HttpClient.IDeepSeekClient.LogicalHandler Start processing HTTP request POST https://api.deepseek.com/chat/completions
[15:43:43 INF] System.Net.Http.HttpClient.IDeepSeekClient.ClientHandler Sending HTTP request POST https://api.deepseek.com/chat/completions
[15:43:43 INF] System.Net.Http.HttpClient.IDeepSeekClient.ClientHandler Received HTTP response headers after 314.3717ms - 200
[15:43:43 INF] System.Net.Http.HttpClient.IDeepSeekClient.LogicalHandler End processing HTTP request after 322.0454ms - 200
[15:43:45 INF] System.Net.Http.HttpClient.IDeepSeekClient.LogicalHandler Start processing HTTP request POST https://api.deepseek.com/chat/completions
[15:43:45 INF] System.Net.Http.HttpClient.IDeepSeekClient.ClientHandler Sending HTTP request POST https://api.deepseek.com/chat/completions
[15:43:46 INF] System.Net.Http.HttpClient.IDeepSeekClient.ClientHandler Received HTTP response headers after 280.8036ms - 200
[15:43:46 INF] System.Net.Http.HttpClient.IDeepSeekClient.LogicalHandler End processing HTTP request after 288.6868ms - 200
[15:43:47 INF] System.Net.Http.HttpClient.IDeepSeekClient.LogicalHandler Start processing HTTP request POST https://api.deepseek.com/chat/completions
[15:43:47 INF] System.Net.Http.HttpClient.IDeepSeekClient.ClientHandler Sending HTTP request POST https://api.deepseek.com/chat/completions
[15:43:47 INF] System.Net.Http.HttpClient.IDeepSeekClient.ClientHandler Received HTTP response headers after 282.7224ms - 200
[15:43:47 INF] System.Net.Http.HttpClient.IDeepSeekClient.LogicalHandler End processing HTTP request after 290.5852ms - 200
[15:43:49 INF] System.Net.Http.HttpClient.IStockApiClient.LogicalHandler Start processing HTTP request GET https://www.sec.gov/Archives/edgar/data/1045810/000104581026000021/nvda-20260125.htm
[15:43:49 INF] System.Net.Http.HttpClient.IStockApiClient.ClientHandler Sending HTTP request GET https://www.sec.gov/Archives/edgar/data/1045810/000104581026000021/nvda-20260125.htm
[15:43:49 INF] System.Net.Http.HttpClient.IStockApiClient.ClientHandler Received HTTP response headers after 27.1262ms - 200
[15:43:49 INF] System.Net.Http.HttpClient.IStockApiClient.LogicalHandler End processing HTTP request after 35.6096ms - 200
[15:43:57 INF] System.Net.Http.HttpClient.IDeepSeekClient.LogicalHandler Start processing HTTP request POST https://api.deepseek.com/chat/completions
[15:43:57 INF] System.Net.Http.HttpClient.IDeepSeekClient.ClientHandler Sending HTTP request POST https://api.deepseek.com/chat/completions
[15:43:57 INF] System.Net.Http.HttpClient.IDeepSeekClient.ClientHandler Received HTTP response headers after 290.5026ms - 200
[15:43:57 INF] System.Net.Http.HttpClient.IDeepSeekClient.LogicalHandler End processing HTTP request after 298.0357ms - 200
[15:44:07 INF] System.Net.Http.HttpClient.IDeepSeekClient.LogicalHandler Start processing HTTP request POST https://api.deepseek.com/chat/completions
[15:44:07 INF] System.Net.Http.HttpClient.IDeepSeekClient.ClientHandler Sending HTTP request POST https://api.deepseek.com/chat/completions
[15:44:08 INF] System.Net.Http.HttpClient.IDeepSeekClient.ClientHandler Received HTTP response headers after 333.796ms - 200
[15:44:08 INF] System.Net.Http.HttpClient.IDeepSeekClient.LogicalHandler End processing HTTP request after 342.0316ms - 200
[15:44:22 INF] System.Net.Http.HttpClient.IDeepSeekClient.LogicalHandler Start processing HTTP request POST https://api.deepseek.com/chat/completions
[15:44:22 INF] System.Net.Http.HttpClient.IDeepSeekClient.ClientHandler Sending HTTP request POST https://api.deepseek.com/chat/completions
[15:44:22 INF] System.Net.Http.HttpClient.IDeepSeekClient.ClientHandler Received HTTP response headers after 310.861ms - 200
[15:44:22 INF] System.Net.Http.HttpClient.IDeepSeekClient.LogicalHandler End processing HTTP request after 319.1529ms - 200
[15:44:46 INF] System.Net.Http.HttpClient.IDeepSeekClient.LogicalHandler Start processing HTTP request POST https://api.deepseek.com/chat/completions
[15:44:46 INF] System.Net.Http.HttpClient.IDeepSeekClient.ClientHandler Sending HTTP request POST https://api.deepseek.com/chat/completions
[15:44:46 INF] System.Net.Http.HttpClient.IDeepSeekClient.ClientHandler Received HTTP response headers after 316.3904ms - 200
[15:44:46 INF] System.Net.Http.HttpClient.IDeepSeekClient.LogicalHandler End processing HTTP request after 324.408ms - 200
[15:44:47 INF] System.Net.Http.HttpClient.IDeepSeekClient.LogicalHandler Start processing HTTP request POST https://api.deepseek.com/chat/completions
[15:44:47 INF] System.Net.Http.HttpClient.IDeepSeekClient.ClientHandler Sending HTTP request POST https://api.deepseek.com/chat/completions
[15:44:47 INF] System.Net.Http.HttpClient.IDeepSeekClient.ClientHandler Received HTTP response headers after 281.3121ms - 200
[15:44:47 INF] System.Net.Http.HttpClient.IDeepSeekClient.LogicalHandler End processing HTTP request after 289.0117ms - 200
[15:44:48 INF] System.Net.Http.HttpClient.IDeepSeekClient.LogicalHandler Start processing HTTP request POST https://api.deepseek.com/chat/completions
[15:44:48 INF] System.Net.Http.HttpClient.IDeepSeekClient.ClientHandler Sending HTTP request POST https://api.deepseek.com/chat/completions
[15:44:48 INF] System.Net.Http.HttpClient.IDeepSeekClient.ClientHandler Received HTTP response headers after 308.7896ms - 200
[15:44:48 INF] System.Net.Http.HttpClient.IDeepSeekClient.LogicalHandler End processing HTTP request after 317.1288ms - 200
[15:44:48 INF] System.Net.Http.HttpClient.IDeepSeekClient.LogicalHandler Start processing HTTP request POST https://api.deepseek.com/chat/completions
[15:44:48 INF] System.Net.Http.HttpClient.IDeepSeekClient.ClientHandler Sending HTTP request POST https://api.deepseek.com/chat/completions
[15:44:48 INF] System.Net.Http.HttpClient.IDeepSeekClient.ClientHandler Received HTTP response headers after 302.3048ms - 200
[15:44:48 INF] System.Net.Http.HttpClient.IDeepSeekClient.LogicalHandler End processing HTTP request after 309.8841ms - 200
[15:45:06 INF] System.Net.Http.HttpClient.IDeepSeekClient.LogicalHandler Start processing HTTP request POST https://api.deepseek.com/chat/completions
[15:45:06 INF] System.Net.Http.HttpClient.IDeepSeekClient.ClientHandler Sending HTTP request POST https://api.deepseek.com/chat/completions
[15:45:06 INF] System.Net.Http.HttpClient.IDeepSeekClient.ClientHandler Received HTTP response headers after 348.0857ms - 200
[15:45:06 INF] System.Net.Http.HttpClient.IDeepSeekClient.LogicalHandler End processing HTTP request after 355.687ms - 200
[15:45:47 INF] System.Net.Http.HttpClient.IDeepSeekClient.LogicalHandler Start processing HTTP request POST https://api.deepseek.com/chat/completions
[15:45:47 INF] System.Net.Http.HttpClient.IDeepSeekClient.ClientHandler Sending HTTP request POST https://api.deepseek.com/chat/completions
[15:45:47 INF] System.Net.Http.HttpClient.IDeepSeekClient.ClientHandler Received HTTP response headers after 362.3898ms - 200
[15:45:47 INF] System.Net.Http.HttpClient.IDeepSeekClient.LogicalHandler End processing HTTP request after 369.7983ms - 200
[15:45:57 INF] System.Net.Http.HttpClient.IDeepSeekClient.LogicalHandler Start processing HTTP request POST https://api.deepseek.com/chat/completions
[15:45:57 INF] System.Net.Http.HttpClient.IDeepSeekClient.ClientHandler Sending HTTP request POST https://api.deepseek.com/chat/completions
[15:45:58 INF] System.Net.Http.HttpClient.IDeepSeekClient.ClientHandler Received HTTP response headers after 334.7358ms - 200
[15:45:58 INF] System.Net.Http.HttpClient.IDeepSeekClient.LogicalHandler End processing HTTP request after 342.747ms - 200
[15:46:15 INF] System.Net.Http.HttpClient.IDeepSeekClient.LogicalHandler Start processing HTTP request POST https://api.deepseek.com/chat/completions
[15:46:15 INF] System.Net.Http.HttpClient.IDeepSeekClient.ClientHandler Sending HTTP request POST https://api.deepseek.com/chat/completions
[15:46:15 INF] System.Net.Http.HttpClient.IDeepSeekClient.ClientHandler Received HTTP response headers after 342.5296ms - 200
[15:46:15 INF] System.Net.Http.HttpClient.IDeepSeekClient.LogicalHandler End processing HTTP request after 350.2967ms - 200
[15:46:15 INF] System.Net.Http.HttpClient.IDeepSeekClient.LogicalHandler Start processing HTTP request POST https://api.deepseek.com/chat/completions
[15:46:15 INF] System.Net.Http.HttpClient.IDeepSeekClient.ClientHandler Sending HTTP request POST https://api.deepseek.com/chat/completions
[15:46:16 INF] System.Net.Http.HttpClient.IDeepSeekClient.ClientHandler Received HTTP response headers after 337.2102ms - 200
[15:46:16 INF] System.Net.Http.HttpClient.IDeepSeekClient.LogicalHandler End processing HTTP request after 345.6274ms - 200
[15:47:57 INF] System.Net.Http.HttpClient.IStockApiClient.LogicalHandler Start processing HTTP request GET https://data.sec.gov/api/xbrl/companyfacts/CIK0001045810.json
[15:47:57 INF] System.Net.Http.HttpClient.IStockApiClient.ClientHandler Sending HTTP request GET https://data.sec.gov/api/xbrl/companyfacts/CIK0001045810.json
[15:47:57 INF] System.Net.Http.HttpClient.IStockApiClient.ClientHandler Received HTTP response headers after 222.6602ms - 200
[15:47:57 INF] System.Net.Http.HttpClient.IStockApiClient.LogicalHandler End processing HTTP request after 233.2614ms - 200
[15:47:58 INF] System.Net.Http.HttpClient.IStockApiClient.LogicalHandler Start processing HTTP request GET https://data.sec.gov/submissions/CIK0001045810.json
[15:47:58 INF] System.Net.Http.HttpClient.IStockApiClient.ClientHandler Sending HTTP request GET https://data.sec.gov/submissions/CIK0001045810.json
[15:47:58 INF] System.Net.Http.HttpClient.IStockApiClient.ClientHandler Received HTTP response headers after 20.0112ms - 200
[15:47:58 INF] System.Net.Http.HttpClient.IStockApiClient.LogicalHandler End processing HTTP request after 28.4721ms - 200
[15:47:58 INF] System.Net.Http.HttpClient.IStockApiClient.LogicalHandler Start processing HTTP request GET https://www.sec.gov/Archives/edgar/data/1045810/000104581026000021/index.json
[15:47:58 INF] System.Net.Http.HttpClient.IStockApiClient.ClientHandler Sending HTTP request GET https://www.sec.gov/Archives/edgar/data/1045810/000104581026000021/index.json
[15:47:58 INF] System.Net.Http.HttpClient.IStockApiClient.ClientHandler Received HTTP response headers after 96.0841ms - 200
[15:47:58 INF] System.Net.Http.HttpClient.IStockApiClient.LogicalHandler End processing HTTP request after 105.3515ms - 200
[15:47:58 INF] System.Net.Http.HttpClient.IStockApiClient.LogicalHandler Start processing HTTP request GET https://www.sec.gov/Archives/edgar/data/1045810/000104581026000021/nvda-20260125_htm.xml
[15:47:58 INF] System.Net.Http.HttpClient.IStockApiClient.ClientHandler Sending HTTP request GET https://www.sec.gov/Archives/edgar/data/1045810/000104581026000021/nvda-20260125_htm.xml
[15:47:58 INF] System.Net.Http.HttpClient.IStockApiClient.ClientHandler Received HTTP response headers after 29.5421ms - 200
[15:47:58 INF] System.Net.Http.HttpClient.IStockApiClient.LogicalHandler End processing HTTP request after 38.372ms - 200
[15:47:58 INF] System.Net.Http.HttpClient.IDeepSeekClient.LogicalHandler Start processing HTTP request POST https://api.deepseek.com/chat/completions
[15:47:58 INF] System.Net.Http.HttpClient.IDeepSeekClient.ClientHandler Sending HTTP request POST https://api.deepseek.com/chat/completions
[15:47:59 INF] System.Net.Http.HttpClient.IDeepSeekClient.ClientHandler Received HTTP response headers after 461.3098ms - 200
[15:47:59 INF] System.Net.Http.HttpClient.IDeepSeekClient.LogicalHandler End processing HTTP request after 470.7692ms - 200
