{
  "version": 1,
  "source": "BEA API summary use table; aggregated to 11 GICS sectors",
  "sectorOrder": [
    "ENERGY",
    "MATERIALS",
    "INDUSTRIALS",
    "CONSUMER_DISCRETIONARY",
    "CONSUMER_STAPLES",
    "HEALTH_CARE",
    "FINANCIALS",
    "INFORMATION_TECHNOLOGY",
    "COMMUNICATION_SERVICES",
    "UTILITIES",
    "REAL_ESTATE"
  ],
  "a": [
    [
      0.39481755762388954,
      0.01578315009995135,
      0.015355814251572399,
      0.002842766187142859,
      0.006930615862437545,
      0.0019030706446909267,
      0.0031388322670091473,
      0.0013375333510274212,
      0.0008278355809199519,
      0.09505028205256857,
      0.0017078236787445187
    ],
    [
      0.04199703059529882,
      0.3440068552815479,
      0.07005109417300551,
      0.04141951237777752,
      0.08614342799215646,
      0.04542258607691509,
      0.002020222848008546,
      0.012437413816155766,
      0.007021959119760865,
      0.01717940263631346,
      0.007636221332927099
    ],
    [
      0.09297724379920827,
      0.08770897402641538,
      0.19814125188940282,
      0.14813347226355558,
      0.0747176116382614,
      0.12175137799807689,
      0.09357780239029428,
      0.16506388829576,
      0.11464937063018983,
      0.08562822102599758,
      0.1429594918672674
    ],
    [
      0.004107785153302444,
      0.014576506981107969,
      0.0278952642654208,
      0.07403703626286325,
      0.010680737110176633,
      0.05944605831606604,
      0.014889999725072954,
      0.017798522876260454,
      0.011670724492804273,
      0.007510052826618308,
      0.027301279180186253
    ],
    [
      0.00028602114437793253,
      0.011930925811451366,
      0.001500542134243135,
      0.024853151065864384,
      0.40189203530734163,
      0.010029704266489706,
      0.0,
      0.00024894783370484264,
      0.0010611524486556457,
      0.0,
      3.648806065045441e-07
    ],
    [
      0.0,
      0.0,
      1.9271236529181582e-05,
      1.3684496563161246e-05,
      0.0,
      0.01126860466691044,
      0.0,
      0.0,
      0.00010201511580912143,
      0.0,
      0.0
    ],
    [
      0.020441140759887285,
      0.012452729056783636,
      0.02698025400386082,
      0.02349131808920517,
      0.012229379801172727,
      0.031142361534329192,
      0.27490102626338797,
      0.013286530475405551,
      0.021274300586318455,
      0.019917498727717132,
      0.07820431307120919
    ],
    [
      0.00654100206815289,
      0.010824083478195034,
      0.027893471592255293,
      0.024475248430004776,
      0.0060024763067653385,
      0.012352889394493425,
      0.021052784029095137,
      0.06931426096917039,
      0.03371770416202148,
      0.01295040605534968,
      0.0026913593535775175
    ],
    [
      0.0015637452309437395,
      0.0011197476072546569,
      0.00826235592509853,
      0.009383955544333935,
      0.0016194894091288612,
      0.00803719353367913,
      0.008020996571266982,
      0.018305897519302186,
      0.16909908449975497,
      0.0020876190749249176,
      0.006642651441415226
    ],
    [
      0.011050520623672773,
      0.01898882016113525,
      0.005957874570841514,
      0.014087061368651165,
      0.015485475947301453,
      0.006797164551704835,
      0.002783636342213477,
      0.005122139095486211,
      0.0064581913744999305,
      0.06029366438969845,
      0.008435857182081808
    ],
    [
      0.010855765485478112,
      0.013005935135511829,
      0.05252061798224477,
      0.09395279089292242,
      0.026711114661371705,
      0.07797087808159194,
      0.03626238644531112,
      0.03461422564751381,
      0.051010486568172454,
      0.01788543003160996,
      0.055344907954306
    ]
  ],
  "labor": [
    0.08329245376806374,
    0.17532072832204337,
    0.35919545724668706,
    0.3417952645927486,
    0.16345336384021544,
    0.49980278037351533,
    0.2737912537851563,
    0.4335718376640611,
    0.21745376128267657,
    0.1853429429515529,
    0.04079000300114299
  ],
  "energy": [
    0.0,
    0.0,
    0.0,
    0.0,
    0.0,
    0.0,
    0.0,
    0.0,
    0.0,
    0.0,
    0.0
  ],
  "capital": [
    0.3277639339560065,
    0.2681264252261972,
    0.19849776976519268,
    0.18610644643549693,
    0.19117772921528464,
    0.11117205451500337,
    0.25290784445413234,
    0.22428902693825095,
    0.36161625134962583,
    0.476129464637704,
    0.6255947325835645
  ],
  "taxes": [
    0.0,
    0.0,
    0.0,
    0.0,
    0.0,
    0.0,
    0.0,
    0.0,
    0.0,
    0.0,
    0.0
  ],
  "d": [
    380605.0,
    -181012.0,
    7065085.0,
    5237905.0,
    1006232.0,
    3503775.0,
    1736374.0,
    1062893.0,
    1385905.0,
    155526.0,
    3142298.0
  ]
}